WARNING 2025-07-08 19:25:26,599 log 44966 123503145584320 Bad Request: /api/providers/stats/
WARNING 2025-07-08 19:25:43,543 log 44966 123503246296768 Unauthorized: /api/users/me/
WARNING 2025-07-08 19:25:44,340 log 44966 123503246296768 Unauthorized: /api/users/me/
WARNING 2025-07-08 19:25:53,963 log 44966 123503246296768 Unauthorized: /api/users/me/
WARNING 2025-07-08 19:26:03,426 log 44966 123503254689472 Unauthorized: /api/users/me/
WARNING 2025-07-08 19:26:04,111 log 44966 123503145584320 Unauthorized: /api/conversations/1/send_message/
WARNING 2025-07-08 19:26:04,713 log 44966 123503254689472 Unauthorized: /api/messages/
WARNING 2025-07-08 19:26:05,310 log 44966 123503145584320 Unauthorized: /api/conversations/1/send_message/
WARNING 2025-07-08 19:26:06,088 log 44966 123503254689472 Unauthorized: /api/users/me/
WARNING 2025-07-08 19:29:42,959 log 44966 123503246296768 Unauthorized: /api/users/me/
WARNING 2025-07-08 19:29:43,763 log 44966 123503254689472 Unauthorized: /api/users/me/
WARNING 2025-07-08 19:38:57,782 log 44966 123503145584320 Unauthorized: /api/users/me/
WARNING 2025-07-08 19:41:23,948 log 45680 129127861790400 Unauthorized: /api/users/me/
WARNING 2025-07-08 19:44:48,549 log 45680 129127979288256 Not Found: /api/api/users/me/
WARNING 2025-07-08 19:46:30,039 log 46026 130296800335552 Unauthorized: /api/users/me/
WARNING 2025-07-08 19:47:57,118 log 46364 124786916075200 Unauthorized: /api/users/me/
WARNING 2025-07-08 19:49:09,642 log 46655 126264271140544 Unauthorized: /api/users/me/
WARNING 2025-07-08 19:53:50,667 log 47008 132591655048896 Unauthorized: /api/current-user/
WARNING 2025-07-08 19:54:40,600 log 47008 132591655048896 Unauthorized: /api/current-user/
WARNING 2025-07-08 20:00:38,698 log 47008 132591537551040 Unauthorized: /
WARNING 2025-07-08 20:14:51,150 log 47412 131537081194176 Unauthorized: /api/current-user/
WARNING 2025-07-08 20:20:59,894 log 47412 131537072801472 Not Found: /robots.txt
WARNING 2025-07-08 20:56:51,177 log 47412 131537081194176 Unauthorized: /api/users/me/
WARNING 2025-07-08 20:57:12,646 log 47412 131537072801472 Unauthorized: /api/current-user/
WARNING 2025-07-08 20:59:34,708 log 48538 134026115348160 Unauthorized: /api/current-user/
WARNING 2025-07-08 21:00:57,099 log 48538 134026232846016 Not Found: /robots.txt
WARNING 2025-07-08 21:10:35,976 log 48538 134026232846016 Not Found: /api
WARNING 2025-07-08 21:12:18,767 log 48770 134115153544896 Not Found: /robots.txt
WARNING 2025-07-08 21:13:56,616 log 49029 137250340853440 Unauthorized: /api/current-user/
WARNING 2025-07-08 21:20:30,282 log 49029 137250458351296 Unauthorized: /api/current-user/
WARNING 2025-07-08 21:22:55,970 log 49029 137250340853440 Not Found: /robots.txt
WARNING 2025-07-08 21:23:59,292 log 49029 137250458351296 Unauthorized: /api/users/me/
WARNING 2025-07-08 21:34:02,598 log 2441 123563903104704 Unauthorized: /api/users/me/
WARNING 2025-07-08 21:34:57,154 log 2680 130479831369408 Unauthorized: /api/users/me/
WARNING 2025-07-08 21:52:40,249 log 842 133337771976384 Unauthorized: /api/users/me/
WARNING 2025-07-08 21:53:23,704 log 1707 133809001453248 Not Found: /favicon.ico
WARNING 2025-07-08 21:53:24,700 log 1707 133808883955392 Not Found: /api/users/me/
WARNING 2025-07-08 21:54:35,895 log 1907 135091655268032 Unauthorized: /api/users/me/
WARNING 2025-07-08 21:56:36,289 log 2262 135651123930816 Unauthorized: /api/users/me/
WARNING 2025-07-08 21:58:09,476 log 2262 135651123930816 Unauthorized: /api/users/me/
WARNING 2025-07-08 21:58:28,119 log 2262 135651006432960 Unauthorized: /api/current-user/
WARNING 2025-07-08 22:00:22,239 log 2262 135651123930816 Unauthorized: /
WARNING 2025-07-08 22:01:47,581 log 2262 135651006432960 Not Found: /api/user/2
WARNING 2025-07-08 22:07:54,857 log 2545 135651031611072 Bad Request: /api/providers/stats/
WARNING 2025-07-08 22:08:30,847 log 2545 135651023218368 Bad Request: /api/providers/stats/
WARNING 2025-07-08 22:08:36,813 log 2545 135651014825664 Bad Request: /api/providers/stats/
WARNING 2025-07-08 22:09:28,299 log 2545 135651115538112 Bad Request: /api/providers/stats/
WARNING 2025-07-08 22:09:39,222 log 2545 135651031611072 Bad Request: /api/providers/stats/
WARNING 2025-07-08 22:09:39,245 log 2545 135651040003776 Bad Request: /api/providers/stats/
WARNING 2025-07-08 22:19:45,046 log 2545 135651040003776 Bad Request: /api/providers/stats/
WARNING 2025-07-08 22:19:45,083 log 2545 135651115538112 Bad Request: /api/providers/stats/
WARNING 2025-07-08 22:21:26,626 log 2545 135651014825664 Bad Request: /api/providers/stats/
WARNING 2025-07-08 22:54:32,091 log 2545 135651040003776 Unauthorized: /
WARNING 2025-07-08 23:24:17,746 log 2545 135651115538112 Unauthorized: /
WARNING 2025-07-09 00:14:49,585 log 2545 135651040003776 Unauthorized: /
WARNING 2025-07-09 00:24:38,306 log 2545 135651115538112 Not Found: /.env
WARNING 2025-07-09 00:24:40,088 log 2545 135651040003776 Not Found: /.git/config
WARNING 2025-07-09 00:49:35,660 log 2545 135651115538112 Unauthorized: /
WARNING 2025-07-09 01:00:13,550 log 2545 135651040003776 Unauthorized: /
WARNING 2025-07-09 01:00:13,593 log 2545 135651115538112 Unauthorized: /
WARNING 2025-07-09 01:00:14,046 log 2545 135651040003776 Unauthorized: /
WARNING 2025-07-09 01:00:18,211 log 2545 135651115538112 Not Found: /https:/www.django-rest-framework.org/
WARNING 2025-07-09 01:00:18,903 log 2545 135651040003776 Not Found: /?format=api
WARNING 2025-07-09 01:00:18,925 log 2545 135651115538112 Not Found: /?format=json
WARNING 2025-07-09 01:00:18,928 log 2545 135651014825664 Unauthorized: /
WARNING 2025-07-09 01:48:04,701 log 2545 135651031611072 Not Found: /robots.txt
WARNING 2025-07-09 01:54:35,801 log 2545 135651014825664 Unauthorized: /
WARNING 2025-07-09 02:46:26,455 log 2545 135651031611072 Not Found: /robots.txt
WARNING 2025-07-09 03:06:49,609 log 2545 135651014825664 Unauthorized: /
WARNING 2025-07-09 04:07:24,735 log 2545 135651031611072 Not Found: /robots.txt
WARNING 2025-07-09 04:57:10,022 log 2545 135651014825664 Unauthorized: /
WARNING 2025-07-09 05:50:25,056 log 2545 135651031611072 Not Found: /robots.txt
WARNING 2025-07-09 05:55:42,128 log 2545 135651014825664 Not Found: /robots.txt
WARNING 2025-07-09 06:13:51,040 log 2545 135651031611072 Unauthorized: /
WARNING 2025-07-09 06:15:33,144 log 2545 135651014825664 Unauthorized: /
WARNING 2025-07-09 07:57:13,084 log 2545 135651031611072 Unauthorized: /
WARNING 2025-07-09 09:17:21,549 log 2545 135651014825664 Bad Request: /api/providers/stats/
WARNING 2025-07-09 09:20:31,075 log 2545 135651031611072 Unauthorized: /
WARNING 2025-07-09 09:20:31,250 log 2545 135651115538112 Not Found: /nmaplowercheck1752052831
WARNING 2025-07-09 09:20:31,251 log 2545 135651031611072 Not Found: /sdk
WARNING 2025-07-09 09:20:31,412 log 2545 135651014825664 Not Found: /evox/about
WARNING 2025-07-09 09:20:31,446 log 2545 135651031611072 Not Found: /HNAP1
WARNING 2025-07-09 09:20:31,580 log 2545 135651014825664 Unauthorized: /
WARNING 2025-07-09 09:20:31,673 log 2545 135651031611072 Unauthorized: /
WARNING 2025-07-09 09:26:54,249 log 2545 135651031611072 Unauthorized: /api/projects/my_projects/
WARNING 2025-07-09 09:27:00,401 log 2545 135651031611072 Unauthorized: /api/project-offers/
WARNING 2025-07-09 09:27:00,881 log 2545 135651014825664 Unauthorized: /api/projects/1/increment_view/
WARNING 2025-07-09 09:28:02,094 log 2545 135651031611072 Unauthorized: /api/quote-requests/
WARNING 2025-07-09 09:28:36,358 log 2545 135651115538112 Unauthorized: /api/conversations/3/send_message/
WARNING 2025-07-09 09:28:37,030 log 2545 135651031611072 Unauthorized: /api/messages/
WARNING 2025-07-09 09:28:37,694 log 2545 135651031611072 Unauthorized: /api/conversations/3/send_message/
WARNING 2025-07-09 09:29:07,714 log 2545 135651031611072 Unauthorized: /api/conversations/1/send_message/
WARNING 2025-07-09 09:29:08,444 log 2545 135651031611072 Unauthorized: /api/messages/
WARNING 2025-07-09 09:29:09,145 log 2545 135651031611072 Unauthorized: /api/conversations/1/send_message/
WARNING 2025-07-09 09:29:34,874 log 2545 135651115538112 Unauthorized: /api/current-user/
WARNING 2025-07-09 09:30:26,877 log 2545 135651031611072 Unauthorized: /api/current-user/
WARNING 2025-07-09 09:32:08,742 log 2545 135651014825664 Unauthorized: /api/current-user/
WARNING 2025-07-09 09:32:19,227 log 2545 135651031611072 Unauthorized: /api/current-user/
WARNING 2025-07-09 09:32:28,631 log 2545 135651014825664 Unauthorized: /api/current-user/
WARNING 2025-07-09 09:35:28,320 log 2545 135651115538112 Not Found: /robots.txt
WARNING 2025-07-09 09:35:28,615 log 2545 135651014825664 Not Found: /sitemap.xml
WARNING 2025-07-09 10:05:06,170 log 2545 135651031611072 Unauthorized: /
WARNING 2025-07-09 10:22:38,800 log 2545 135651014825664 Unauthorized: /api/current-user/
WARNING 2025-07-09 10:23:21,467 log 2545 135651115538112 Not Found: /api/auth/login/
WARNING 2025-07-09 10:23:38,397 log 2545 135651014825664 Bad Request: /api/providers/stats/
WARNING 2025-07-09 10:24:39,705 log 2545 135651014825664 Bad Request: /api/providers/stats/
WARNING 2025-07-09 10:27:55,783 log 2545 135651031611072 Bad Request: /api/providers/stats/
WARNING 2025-07-09 10:31:51,143 log 2545 135651014825664 Not Found: /robots.txt
WARNING 2025-07-09 10:31:53,260 log 2545 135651115538112 Unauthorized: /
WARNING 2025-07-09 10:43:13,843 log 2545 135651014825664 Unauthorized: /
WARNING 2025-07-09 10:48:00,888 log 2545 135651115538112 Not Found: /api/user/19/
WARNING 2025-07-09 10:48:01,662 log 2545 135651115538112 Unauthorized: /api/current-user/
WARNING 2025-07-09 10:48:02,425 log 2545 135651014825664 Unauthorized: /api/auth/token/refresh/
WARNING 2025-07-09 11:01:26,488 log 2545 135651014825664 Unauthorized: /api/current-user/
WARNING 2025-07-09 11:06:29,016 log 2545 135651115538112 Not Found: /api/user/19/
WARNING 2025-07-09 11:06:29,800 log 2545 135651014825664 Unauthorized: /api/current-user/
WARNING 2025-07-09 11:08:11,888 views 2545 135651115538112 Tentative de reset pour email inexistant: xoxodassi@gmail.com
WARNING 2025-07-09 11:10:07,698 views 2545 135651014825664 Tentative de reset pour email inexistant: xoxodassi@gmail.com
WARNING 2025-07-09 12:34:56,941 log 2545 135651031611072 Unauthorized: /
WARNING 2025-07-09 12:35:46,853 log 2545 135651014825664 Unauthorized: /
WARNING 2025-07-09 12:35:46,992 log 2545 135651031611072 Not Found: /wp-includes/wlwmanifest.xml
WARNING 2025-07-09 12:35:47,294 log 2545 135651014825664 Not Found: /xmlrpc.php
WARNING 2025-07-09 12:35:47,392 log 2545 135651031611072 Unauthorized: /
WARNING 2025-07-09 12:35:47,495 log 2545 135651014825664 Not Found: /blog/wp-includes/wlwmanifest.xml
WARNING 2025-07-09 12:35:47,601 log 2545 135651031611072 Not Found: /web/wp-includes/wlwmanifest.xml
WARNING 2025-07-09 12:35:47,708 log 2545 135651014825664 Not Found: /wordpress/wp-includes/wlwmanifest.xml
WARNING 2025-07-09 12:35:47,816 log 2545 135651031611072 Not Found: /website/wp-includes/wlwmanifest.xml
WARNING 2025-07-09 12:35:47,918 log 2545 135651014825664 Not Found: /wp/wp-includes/wlwmanifest.xml
WARNING 2025-07-09 12:35:48,022 log 2545 135651031611072 Not Found: /news/wp-includes/wlwmanifest.xml
WARNING 2025-07-09 12:35:48,125 log 2545 135651014825664 Not Found: /2018/wp-includes/wlwmanifest.xml
WARNING 2025-07-09 12:35:48,235 log 2545 135651031611072 Not Found: /2019/wp-includes/wlwmanifest.xml
WARNING 2025-07-09 12:35:48,343 log 2545 135651014825664 Not Found: /shop/wp-includes/wlwmanifest.xml
WARNING 2025-07-09 12:35:48,469 log 2545 135651031611072 Not Found: /wp1/wp-includes/wlwmanifest.xml
WARNING 2025-07-09 12:35:48,571 log 2545 135651014825664 Not Found: /test/wp-includes/wlwmanifest.xml
WARNING 2025-07-09 12:35:48,768 log 2545 135651031611072 Not Found: /wp2/wp-includes/wlwmanifest.xml
WARNING 2025-07-09 12:35:48,895 log 2545 135651014825664 Not Found: /site/wp-includes/wlwmanifest.xml
WARNING 2025-07-09 12:35:49,008 log 2545 135651031611072 Not Found: /cms/wp-includes/wlwmanifest.xml
WARNING 2025-07-09 12:35:49,115 log 2545 135651014825664 Not Found: /sito/wp-includes/wlwmanifest.xml
WARNING 2025-07-09 12:37:07,453 log 2545 135651031611072 Unauthorized: /
WARNING 2025-07-09 12:40:02,028 log 2545 135651014825664 Unauthorized: /
WARNING 2025-07-09 12:40:02,131 log 2545 135651031611072 Unauthorized: /
WARNING 2025-07-09 12:40:52,803 log 2545 135651014825664 Unauthorized: /
WARNING 2025-07-09 12:41:59,962 log 2545 135651031611072 Unauthorized: /
WARNING 2025-07-09 12:42:10,746 log 2545 135651014825664 Unauthorized: /
WARNING 2025-07-09 12:42:11,591 log 2545 135651031611072 Unauthorized: /
WARNING 2025-07-09 12:42:52,530 log 2545 135651014825664 Unauthorized: /
WARNING 2025-07-09 12:42:56,899 log 2545 135651031611072 Unauthorized: /
WARNING 2025-07-09 12:43:04,561 log 2545 135651014825664 Unauthorized: /
WARNING 2025-07-09 12:43:06,263 log 2545 135651031611072 Unauthorized: /
WARNING 2025-07-09 12:43:58,261 log 2545 135651014825664 Unauthorized: /
WARNING 2025-07-09 12:43:59,124 log 2545 135651031611072 Unauthorized: /
WARNING 2025-07-09 12:44:01,872 log 2545 135651014825664 Unauthorized: /
WARNING 2025-07-09 12:44:53,812 log 2545 135651031611072 Unauthorized: /
WARNING 2025-07-09 12:44:55,958 log 2545 135651014825664 Unauthorized: /
WARNING 2025-07-09 12:44:59,230 log 2545 135651031611072 Unauthorized: /
WARNING 2025-07-09 12:44:59,297 log 2545 135651014825664 Unauthorized: /
WARNING 2025-07-09 12:45:00,729 log 2545 135651031611072 Unauthorized: /
WARNING 2025-07-09 12:45:01,658 log 2545 135651014825664 Unauthorized: /
WARNING 2025-07-09 12:45:02,873 log 2545 135651031611072 Unauthorized: /
WARNING 2025-07-09 12:45:04,378 log 2545 135651014825664 Unauthorized: /
WARNING 2025-07-09 12:45:50,749 log 2545 135651031611072 Unauthorized: /
WARNING 2025-07-09 12:45:51,352 log 2545 135651014825664 Unauthorized: /
WARNING 2025-07-09 12:45:51,553 log 2545 135651031611072 Unauthorized: /
WARNING 2025-07-09 12:45:54,382 log 2545 135651014825664 Unauthorized: /
WARNING 2025-07-09 12:45:55,790 log 2545 135651031611072 Unauthorized: /
WARNING 2025-07-09 12:45:57,820 log 2545 135651014825664 Unauthorized: /
WARNING 2025-07-09 12:45:59,096 log 2545 135651031611072 Unauthorized: /
WARNING 2025-07-09 12:45:59,949 log 2545 135651014825664 Unauthorized: /
WARNING 2025-07-09 12:46:01,076 log 2545 135651031611072 Unauthorized: /
WARNING 2025-07-09 12:46:02,565 log 2545 135651014825664 Unauthorized: /
WARNING 2025-07-09 12:46:08,921 log 2545 135651031611072 Unauthorized: /
WARNING 2025-07-09 12:46:56,221 log 2545 135651014825664 Unauthorized: /
WARNING 2025-07-09 12:46:58,801 log 2545 135651031611072 Unauthorized: /
WARNING 2025-07-09 12:46:59,464 log 2545 135651014825664 Unauthorized: /
WARNING 2025-07-09 12:47:00,566 log 2545 135651031611072 Unauthorized: /
WARNING 2025-07-09 12:47:05,484 log 2545 135651014825664 Unauthorized: /
WARNING 2025-07-09 12:47:06,305 log 2545 135651031611072 Unauthorized: /
WARNING 2025-07-09 12:47:06,858 log 2545 135651014825664 Unauthorized: /
WARNING 2025-07-09 12:47:11,057 log 2545 135651031611072 Unauthorized: /
WARNING 2025-07-09 12:47:20,186 log 2545 135651014825664 Unauthorized: /
WARNING 2025-07-09 12:47:26,965 log 2545 135651031611072 Unauthorized: /
WARNING 2025-07-09 12:47:53,599 log 2545 135651014825664 Unauthorized: /
WARNING 2025-07-09 12:47:57,317 log 2545 135651031611072 Unauthorized: /
WARNING 2025-07-09 12:47:58,275 log 2545 135651014825664 Unauthorized: /
WARNING 2025-07-09 12:47:59,163 log 2545 135651031611072 Unauthorized: /
WARNING 2025-07-09 12:48:03,775 log 2545 135651014825664 Unauthorized: /
WARNING 2025-07-09 12:48:05,401 log 2545 135651031611072 Unauthorized: /
WARNING 2025-07-09 12:48:06,256 log 2545 135651014825664 Unauthorized: /
WARNING 2025-07-09 12:48:07,320 log 2545 135651031611072 Unauthorized: /
WARNING 2025-07-09 12:48:08,120 log 2545 135651014825664 Unauthorized: /
WARNING 2025-07-09 12:48:19,334 log 2545 135651031611072 Unauthorized: /
WARNING 2025-07-09 12:48:20,167 log 2545 135651014825664 Unauthorized: /
WARNING 2025-07-09 12:48:51,676 log 2545 135651031611072 Unauthorized: /
WARNING 2025-07-09 12:48:54,474 log 2545 135651014825664 Unauthorized: /
WARNING 2025-07-09 12:48:59,110 log 2545 135651031611072 Unauthorized: /
WARNING 2025-07-09 12:49:00,690 log 2545 135651014825664 Unauthorized: /
WARNING 2025-07-09 12:49:03,587 log 2545 135651031611072 Unauthorized: /
WARNING 2025-07-09 12:49:09,594 log 2545 135651014825664 Unauthorized: /
WARNING 2025-07-09 12:49:12,501 log 2545 135651031611072 Unauthorized: /
WARNING 2025-07-09 12:50:09,110 log 2545 135651014825664 Unauthorized: /
WARNING 2025-07-09 12:50:19,763 log 2545 135651031611072 Unauthorized: /
WARNING 2025-07-09 12:52:34,253 log 2545 135651014825664 Unauthorized: /
WARNING 2025-07-09 12:59:19,681 log 2545 135651031611072 Unauthorized: /
WARNING 2025-07-09 13:03:39,981 log 2545 135651014825664 Unauthorized: /
WARNING 2025-07-09 13:03:41,987 log 2545 135651031611072 Not Found: /favicon.ico
WARNING 2025-07-09 13:19:05,597 log 2545 135651014825664 Unauthorized: /
WARNING 2025-07-09 13:19:06,134 log 2545 135651031611072 Not Found: /favicon.ico
WARNING 2025-07-09 13:21:02,392 log 2545 135651014825664 Unauthorized: /
WARNING 2025-07-09 13:35:23,576 log 2545 135651031611072 Unauthorized: /
WARNING 2025-07-09 13:35:29,447 log 2545 135651014825664 Not Found: /favicon.ico
WARNING 2025-07-09 13:53:41,259 log 2545 135651031611072 Unauthorized: /
WARNING 2025-07-09 13:56:11,827 log 2545 135651014825664 Unauthorized: /
WARNING 2025-07-09 15:13:15,759 log 2545 135651031611072 Unauthorized: /
WARNING 2025-07-09 15:24:41,531 log 2545 135651014825664 Not Found: /xmlrpc.php
WARNING 2025-07-09 15:26:58,240 log 2545 135651031611072 Not Found: /xmlrpc.php
WARNING 2025-07-09 15:29:20,135 log 2545 135651014825664 Not Found: /.env
WARNING 2025-07-09 15:29:20,775 log 2545 135651031611072 Not Found: /.git/config
WARNING 2025-07-09 15:32:02,336 log 2545 135651014825664 Unauthorized: /
WARNING 2025-07-09 16:55:26,160 log 2545 135651031611072 Unauthorized: /
WARNING 2025-07-09 16:56:39,889 log 2545 135651014825664 Not Found: /robots.txt
WARNING 2025-07-09 16:56:43,910 log 2545 135651031611072 Unauthorized: /
WARNING 2025-07-09 18:17:55,192 log 2545 135651014825664 Unauthorized: /
WARNING 2025-07-09 18:17:55,512 log 2545 135651031611072 Unauthorized: /
WARNING 2025-07-09 18:22:01,681 log 2545 135651014825664 Unauthorized: /
WARNING 2025-07-09 19:22:37,724 log 2545 135651031611072 Not Found: /robots.txt
WARNING 2025-07-09 19:59:47,152 log 2545 135651014825664 Not Found: /robots.txt
WARNING 2025-07-09 21:07:04,012 log 2545 135651031611072 Not Found: /index.html
WARNING 2025-07-09 21:09:28,714 log 2545 135651014825664 Unauthorized: /
WARNING 2025-07-09 21:36:35,506 log 2545 135651031611072 Not Found: /robots.txt
WARNING 2025-07-09 22:02:17,508 log 2545 135651014825664 Unauthorized: /
WARNING 2025-07-09 22:02:22,498 log 2545 135651031611072 Unauthorized: /
WARNING 2025-07-09 22:02:23,460 log 2545 135651014825664 Unauthorized: /
WARNING 2025-07-09 23:09:20,502 log 2545 135651031611072 Unauthorized: /
WARNING 2025-07-09 23:44:23,654 log 2545 135651014825664 Unauthorized: /
WARNING 2025-07-09 23:44:25,835 log 2545 135651031611072 Not Found: /favicon.ico
WARNING 2025-07-09 23:44:26,480 log 2545 135651014825664 Not Found: /favicon.ico
WARNING 2025-07-09 23:44:29,266 log 2545 135651031611072 Not Found: /ads.txt
WARNING 2025-07-09 23:44:29,691 log 2545 135651014825664 Not Found: /app-ads.txt
WARNING 2025-07-09 23:44:30,116 log 2545 135651031611072 Not Found: /sellers.json
WARNING 2025-07-10 00:10:23,583 log 10336 135651115538112 Unauthorized: /
WARNING 2025-07-10 00:15:55,972 log 10336 135651006432960 Unauthorized: /
WARNING 2025-07-10 00:45:14,609 log 10336 135651115538112 Unauthorized: /
WARNING 2025-07-10 01:22:34,912 log 10336 135651006432960 Unauthorized: /
WARNING 2025-07-10 01:30:33,867 log 10336 135651115538112 Unauthorized: /
WARNING 2025-07-10 01:50:11,202 log 10336 135651006432960 Not Found: /.env
WARNING 2025-07-10 01:50:13,231 log 10336 135651115538112 Not Found: /.git/config
WARNING 2025-07-10 02:07:15,106 log 10336 135651006432960 Unauthorized: /
WARNING 2025-07-10 04:40:02,457 log 10336 135651115538112 Unauthorized: /
WARNING 2025-07-10 06:41:51,285 log 10336 135651006432960 Not Found: /robots.txt
WARNING 2025-07-10 07:11:55,956 log 10336 135651115538112 Unauthorized: /
WARNING 2025-07-10 07:41:11,393 log 10336 135651006432960 Unauthorized: /
WARNING 2025-07-10 07:42:39,893 log 10336 135651115538112 Not Found: /wp-aa.php
WARNING 2025-07-10 07:42:40,807 log 10336 135651006432960 Not Found: /wp-content/plugins/wp-automatic/inc/csv.php
WARNING 2025-07-10 08:35:02,315 log 10336 135651115538112 Unauthorized: /
WARNING 2025-07-10 11:35:05,398 log 10336 135651006432960 Unauthorized: /
WARNING 2025-07-10 11:55:28,101 log 10336 135651115538112 Not Found: /owa/auth/logon.aspx
WARNING 2025-07-10 12:11:14,438 log 10336 135651006432960 Unauthorized: /
WARNING 2025-07-10 12:40:44,630 log 10336 135651115538112 Not Found: /.env
WARNING 2025-07-10 12:40:45,283 log 10336 135651006432960 Not Found: /.git/config
WARNING 2025-07-10 13:09:20,783 log 10336 135651115538112 Not Found: /robots.txt
WARNING 2025-07-10 16:35:55,553 log 10336 135651115538112 Not Found: /cgi-bin/luci/;stok=/locale
WARNING 2025-07-10 16:55:31,663 log 10336 135651006432960 Not Found: /aws/.git/config
WARNING 2025-07-10 17:35:40,145 log 10336 135651115538112 Not Found: /.git/config
WARNING 2025-07-10 17:37:35,233 log 10336 135651006432960 Not Found: /s3/.git/config
WARNING 2025-07-10 17:45:01,631 log 10336 135651115538112 Unauthorized: /
WARNING 2025-07-10 17:45:19,924 log 10336 135651006432960 Not Found: /dev/.git/config
WARNING 2025-07-10 17:46:08,344 log 10336 135651115538112 Not Found: /api/.git/config
WARNING 2025-07-10 17:50:23,392 log 10336 135651006432960 Unauthorized: /
WARNING 2025-07-10 17:56:32,034 log 10336 135651115538112 Not Found: /github/.git/config
WARNING 2025-07-10 18:02:32,218 log 10336 135651006432960 Not Found: /robots.txt
WARNING 2025-07-10 18:13:48,591 log 10336 135651115538112 Not Found: /robots.txt
WARNING 2025-07-10 19:49:17,896 log 10336 135651006432960 Unauthorized: /
WARNING 2025-07-10 19:49:18,507 log 10336 135651115538112 Unauthorized: /
WARNING 2025-07-10 19:49:19,111 log 10336 135651006432960 Unauthorized: /
WARNING 2025-07-10 20:43:20,078 log 10336 135651115538112 Unauthorized: /
WARNING 2025-07-10 20:43:20,531 log 10336 135651006432960 Not Found: /favicon.ico
WARNING 2025-07-10 21:45:28,559 log 10336 135651115538112 Unauthorized: /
WARNING 2025-07-10 21:45:29,160 log 10336 135651006432960 Not Found: /favicon.ico
WARNING 2025-07-10 22:51:18,907 log 10336 135651115538112 Unauthorized: /
WARNING 2025-07-11 00:14:39,885 log 19106 135651123930816 Unauthorized: /
WARNING 2025-07-11 00:51:52,617 log 19106 135651006432960 Not Found: /.env
WARNING 2025-07-11 00:51:53,292 log 19106 135651123930816 Not Found: /.git/config
WARNING 2025-07-11 01:14:05,590 log 19106 135651006432960 Unauthorized: /
WARNING 2025-07-11 01:24:16,840 log 19106 135651123930816 Not Found: /robots.txt
WARNING 2025-07-11 01:24:17,056 log 19106 135651006432960 Unauthorized: /
WARNING 2025-07-11 02:46:56,166 log 19106 135651123930816 Unauthorized: /
WARNING 2025-07-11 02:47:03,292 log 19106 135651006432960 Unauthorized: /
WARNING 2025-07-11 02:51:58,180 log 19106 135651123930816 Unauthorized: /
WARNING 2025-07-11 02:52:00,540 log 19106 135651006432960 Unauthorized: /
WARNING 2025-07-11 03:10:16,690 log 19106 135651123930816 Not Found: /robots.txt
WARNING 2025-07-11 05:41:59,806 log 19106 135651006432960 Unauthorized: /
WARNING 2025-07-11 07:44:08,042 log 19106 135651123930816 Unauthorized: /
WARNING 2025-07-11 09:44:41,346 log 19106 135651006432960 Unauthorized: /
WARNING 2025-07-11 10:06:23,047 log 19106 135651123930816 Unauthorized: /
WARNING 2025-07-11 10:29:49,026 log 19106 135651123930816 Unauthorized: /
WARNING 2025-07-11 10:55:21,687 log 19106 135651014825664 Unauthorized: /
WARNING 2025-07-11 11:46:29,799 log 19106 135651123930816 Not Found: /robots.txt
WARNING 2025-07-11 11:46:30,151 log 19106 135651014825664 Unauthorized: /
WARNING 2025-07-11 11:53:23,108 log 19106 135651123930816 Unauthorized: /
WARNING 2025-07-11 12:38:07,385 log 19106 135651014825664 Unauthorized: /
WARNING 2025-07-11 12:38:12,682 log 19106 135651123930816 Not Found: /favicon.ico
WARNING 2025-07-11 12:56:51,196 log 19106 135651014825664 Not Found: /robots.txt
WARNING 2025-07-11 12:56:51,989 log 19106 135651123930816 Unauthorized: /
WARNING 2025-07-11 13:45:14,791 log 19106 135651014825664 Unauthorized: /
WARNING 2025-07-11 13:47:51,100 log 19106 135651123930816 Unauthorized: /
WARNING 2025-07-11 13:49:40,526 log 19106 135651014825664 Unauthorized: /
WARNING 2025-07-11 13:49:46,005 log 19106 135651123930816 Not Found: /favicon.ico
WARNING 2025-07-11 14:07:10,620 log 19106 135651014825664 Unauthorized: /
WARNING 2025-07-11 14:48:03,909 log 19106 135651123930816 Not Found: /.env
WARNING 2025-07-11 14:48:05,339 log 19106 135651014825664 Not Found: /.git/config
WARNING 2025-07-11 14:51:22,475 log 19106 135651123930816 Unauthorized: /
WARNING 2025-07-11 15:06:37,426 log 19106 135651014825664 Unauthorized: /
WARNING 2025-07-11 15:49:37,665 log 19106 135651006432960 Unauthorized: /api/current-user/
WARNING 2025-07-11 15:51:15,534 log 19106 135651123930816 Unauthorized: /api/current-user/
WARNING 2025-07-11 15:51:16,843 log 19106 135651006432960 Unauthorized: /api/current-user/
WARNING 2025-07-11 16:45:15,160 log 19106 135651123930816 Not Found: /xmlrpc.php
WARNING 2025-07-11 16:47:12,625 log 19106 135651014825664 Not Found: /robots.txt
WARNING 2025-07-11 16:55:48,967 log 19106 135651123930816 Not Found: /robots.txt
WARNING 2025-07-11 17:57:51,853 log 19106 135651014825664 Bad Request: /api/providers/stats/
WARNING 2025-07-11 17:58:13,471 log 19106 135651123930816 Bad Request: /api/providers/stats/
WARNING 2025-07-11 17:58:42,892 log 19106 135651123930816 Bad Request: /api/providers/stats/
WARNING 2025-07-11 17:58:52,991 log 19106 135651123930816 Unauthorized: /api/project-offers/
WARNING 2025-07-11 17:58:53,015 log 19106 135651123930816 Unauthorized: /api/projects/10/increment_view/
WARNING 2025-07-11 18:07:37,265 log 19106 135651006432960 Unauthorized: /api/projects/my_projects/
WARNING 2025-07-11 18:08:12,474 log 19106 135651014825664 Unauthorized: /api/projects/my_projects/
WARNING 2025-07-11 18:13:57,070 log 19106 135651123930816 Unauthorized: /
WARNING 2025-07-11 19:00:45,154 log 19106 135651006432960 Unauthorized: /api/projects/
WARNING 2025-07-11 19:04:06,863 log 19106 135651006432960 Unauthorized: /api/projects/
WARNING 2025-07-11 19:04:08,439 log 19106 135651006432960 Unauthorized: /api/projects/
WARNING 2025-07-11 19:04:10,018 log 19106 135651006432960 Unauthorized: /api/projects/
WARNING 2025-07-11 19:20:12,493 log 25584 135813323019968 Unauthorized: /api/projects/
WARNING 2025-07-11 19:20:14,058 log 25584 135813323019968 Unauthorized: /api/projects/
WARNING 2025-07-11 19:20:15,536 log 25584 135813323019968 Unauthorized: /api/projects/
WARNING 2025-07-11 21:24:46,527 log 25584 135813323019968 Not Found: /owa/auth/x.js
WARNING 2025-07-11 23:01:18,476 log 25584 135813205522112 Unauthorized: /
WARNING 2025-07-11 23:08:51,999 log 25584 135813323019968 Not Found: /robots.txt
WARNING 2025-07-11 23:56:22,713 log 28372 123135294633664 Unauthorized: /api/users/me/
WARNING 2025-07-12 00:15:25,753 log 28986 123135395346112 Not Found: /wp-content/plugins/hellopress/wp_filemanager.php
WARNING 2025-07-12 00:15:26,482 log 28986 123135311419072 Not Found: /alfanew.php
WARNING 2025-07-12 00:15:26,845 log 28986 123135395346112 Not Found: /htaccess.php
WARNING 2025-07-12 00:15:27,207 log 28986 123135311419072 Not Found: /readme.php
WARNING 2025-07-12 00:15:27,569 log 28986 123135395346112 Not Found: /as.php
WARNING 2025-07-12 00:15:27,928 log 28986 123135311419072 Not Found: /403.php
WARNING 2025-07-12 00:15:28,287 log 28986 123135395346112 Not Found: /max.php
WARNING 2025-07-12 00:15:28,651 log 28986 123135311419072 Not Found: /m.php
WARNING 2025-07-12 00:15:29,014 log 28986 123135395346112 Not Found: /post.php
WARNING 2025-07-12 00:15:29,376 log 28986 123135311419072 Not Found: /themes.php
WARNING 2025-07-12 00:15:29,736 log 28986 123135395346112 Not Found: /wp-content/themes/astra/inc/ki1k.php
WARNING 2025-07-12 00:15:30,100 log 28986 123135311419072 Not Found: /ALFA_DATA/index.php
WARNING 2025-07-12 00:15:30,464 log 28986 123135395346112 Not Found: /wp-admin/maint/about.php
WARNING 2025-07-12 00:15:30,826 log 28986 123135311419072 Not Found: /wp-admin/network/wp-conflg.php
WARNING 2025-07-12 00:15:31,190 log 28986 123135395346112 Not Found: /click.php
WARNING 2025-07-12 00:15:31,553 log 28986 123135311419072 Not Found: /install.php
WARNING 2025-07-12 00:15:31,915 log 28986 123135395346112 Not Found: /lv.php
WARNING 2025-07-12 00:15:32,275 log 28986 123135311419072 Not Found: /simple.php
WARNING 2025-07-12 00:15:32,637 log 28986 123135395346112 Not Found: /13k.php
WARNING 2025-07-12 00:15:32,998 log 28986 123135311419072 Not Found: /css.php
WARNING 2025-07-12 00:15:33,361 log 28986 123135395346112 Not Found: /up.php
WARNING 2025-07-12 00:15:33,723 log 28986 123135311419072 Not Found: /0x1949.php
WARNING 2025-07-12 00:15:34,083 log 28986 123135395346112 Not Found: /cong.php
WARNING 2025-07-12 00:15:34,447 log 28986 123135311419072 Not Found: /fw.php
WARNING 2025-07-12 00:15:34,807 log 28986 123135395346112 Not Found: /bs1.php
WARNING 2025-07-12 00:15:35,169 log 28986 123135311419072 Not Found: /wp-includes/images/wp-login.php
WARNING 2025-07-12 00:15:35,529 log 28986 123135395346112 Not Found: /termps.php
WARNING 2025-07-12 00:15:35,894 log 28986 123135311419072 Not Found: /brand.php
WARNING 2025-07-12 00:15:36,257 log 28986 123135395346112 Not Found: /goods.php
WARNING 2025-07-12 00:15:36,618 log 28986 123135311419072 Not Found: /cong.php
WARNING 2025-07-12 00:15:36,978 log 28986 123135395346112 Not Found: /atomlib.php
WARNING 2025-07-12 00:15:37,338 log 28986 123135311419072 Not Found: /w.php
WARNING 2025-07-12 00:15:37,698 log 28986 123135395346112 Not Found: /404.php
WARNING 2025-07-12 00:15:38,061 log 28986 123135311419072 Not Found: /404.php
WARNING 2025-07-12 00:15:38,422 log 28986 123135395346112 Not Found: /article.php
WARNING 2025-07-12 00:15:38,783 log 28986 123135311419072 Not Found: /wp-content/product.php
WARNING 2025-07-12 00:15:39,145 log 28986 123135395346112 Not Found: /wp-content/function.php
WARNING 2025-07-12 00:15:39,507 log 28986 123135311419072 Not Found: /0x.php
WARNING 2025-07-12 00:15:39,869 log 28986 123135395346112 Not Found: /css.php
WARNING 2025-07-12 00:15:40,231 log 28986 123135311419072 Not Found: /modules/mod_simplefileuploadv1.3/elements/filemanager.php
WARNING 2025-07-12 00:15:40,591 log 28986 123135395346112 Not Found: /wp-content/index.php
WARNING 2025-07-12 00:15:40,954 log 28986 123135311419072 Not Found: /1.php
WARNING 2025-07-12 00:15:41,316 log 28986 123135395346112 Not Found: /admin.php
WARNING 2025-07-12 00:15:41,679 log 28986 123135311419072 Not Found: /wp-admin/maint/maint.php
WARNING 2025-07-12 00:15:42,041 log 28986 123135395346112 Not Found: /classwithtostring.php
WARNING 2025-07-12 00:15:42,402 log 28986 123135311419072 Not Found: /dropdown.php
WARNING 2025-07-12 00:15:42,762 log 28986 123135395346112 Not Found: /moon.php
WARNING 2025-07-12 00:15:43,122 log 28986 123135311419072 Not Found: /0x.php
WARNING 2025-07-12 00:15:43,483 log 28986 123135395346112 Not Found: /moon.php
WARNING 2025-07-12 00:15:43,847 log 28986 123135311419072 Not Found: /autoload_classmap.php
WARNING 2025-07-12 00:15:44,208 log 28986 123135395346112 Not Found: /inputs.php
WARNING 2025-07-12 00:15:44,567 log 28986 123135311419072 Not Found: /default.php
WARNING 2025-07-12 00:15:44,927 log 28986 123135395346112 Not Found: /fm.php
WARNING 2025-07-12 00:15:45,288 log 28986 123135311419072 Not Found: /fm.php
WARNING 2025-07-12 00:15:45,650 log 28986 123135395346112 Not Found: /about.php
WARNING 2025-07-12 00:15:46,013 log 28986 123135311419072 Not Found: /file.php
WARNING 2025-07-12 00:15:46,375 log 28986 123135395346112 Not Found: /alfa.php
WARNING 2025-07-12 00:15:46,734 log 28986 123135311419072 Not Found: /buy.php
WARNING 2025-07-12 00:15:47,097 log 28986 123135395346112 Not Found: /themes/twentytwentytwo/index.php
WARNING 2025-07-12 00:15:47,459 log 28986 123135311419072 Not Found: /wp-admin/js/wp-conflg.php
WARNING 2025-07-12 00:15:47,823 log 28986 123135395346112 Not Found: /wp-admin/wp-conflg.php
WARNING 2025-07-12 00:15:48,187 log 28986 123135311419072 Not Found: /wp-admin/css/wp-conflg.php
WARNING 2025-07-12 00:15:48,552 log 28986 123135395346112 Not Found: /manager.php
WARNING 2025-07-12 00:15:48,915 log 28986 123135311419072 Not Found: /js/fm.php
WARNING 2025-07-12 00:15:49,277 log 28986 123135395346112 Not Found: /item.php
WARNING 2025-07-12 00:15:49,638 log 28986 123135311419072 Not Found: /plugins/Cache/footer.php
WARNING 2025-07-12 00:15:49,999 log 28986 123135395346112 Not Found: /404.php
WARNING 2025-07-12 00:15:50,362 log 28986 123135311419072 Not Found: /mail.php
WARNING 2025-07-12 00:15:50,723 log 28986 123135395346112 Not Found: /wp-content/plugins/index.php
WARNING 2025-07-12 00:15:51,083 log 28986 123135311419072 Not Found: /sx.php
WARNING 2025-07-12 00:15:51,457 log 28986 123135395346112 Not Found: /wp-admin/maint/admin.php
WARNING 2025-07-12 00:15:51,819 log 28986 123135311419072 Not Found: /article.php
WARNING 2025-07-12 00:15:52,182 log 28986 123135395346112 Not Found: /alfa.php
WARNING 2025-07-12 00:15:52,543 log 28986 123135311419072 Not Found: /1.php
WARNING 2025-07-12 00:15:52,904 log 28986 123135395346112 Not Found: /403.php
WARNING 2025-07-12 00:15:53,267 log 28986 123135311419072 Not Found: /link.php
WARNING 2025-07-12 00:15:53,631 log 28986 123135395346112 Not Found: /byp.php
WARNING 2025-07-12 00:15:53,994 log 28986 123135311419072 Not Found: /bak.php
WARNING 2025-07-12 00:15:54,356 log 28986 123135395346112 Not Found: /ini.php
WARNING 2025-07-12 00:15:54,717 log 28986 123135311419072 Not Found: /ws.php
WARNING 2025-07-12 00:15:55,081 log 28986 123135395346112 Not Found: /wp-trackback.php
WARNING 2025-07-12 00:15:55,443 log 28986 123135311419072 Not Found: /.well-known/index.php
WARNING 2025-07-12 00:15:55,809 log 28986 123135395346112 Not Found: /wp-includes/certificates/plugins.php
WARNING 2025-07-12 00:15:56,168 log 28986 123135311419072 Not Found: /wp-content/themes/seotheme/mar.php
WARNING 2025-07-12 00:15:56,530 log 28986 123135395346112 Not Found: /wp-admin/network/plugins.php
WARNING 2025-07-12 00:15:56,893 log 28986 123135311419072 Not Found: /wp-admin/about.php
WARNING 2025-07-12 00:15:57,258 log 28986 123135395346112 Not Found: /chosen.php
WARNING 2025-07-12 00:15:57,618 log 28986 123135311419072 Not Found: /wp-includes/ID3/about.php
WARNING 2025-07-12 00:15:57,979 log 28986 123135395346112 Not Found: /css/index.php
WARNING 2025-07-12 00:15:58,342 log 28986 123135311419072 Not Found: /wp-admin/includes/xmrlpc.php
WARNING 2025-07-12 00:15:58,704 log 28986 123135395346112 Not Found: /wp-includes/SimplePie/wp-login.php
WARNING 2025-07-12 00:15:59,067 log 28986 123135311419072 Not Found: /wp-content/themes/about.php
WARNING 2025-07-12 00:15:59,430 log 28986 123135395346112 Not Found: /filemanager/dialog.php
WARNING 2025-07-12 00:15:59,795 log 28986 123135311419072 Not Found: /wp-admin/maint/index.php
WARNING 2025-07-12 00:16:00,159 log 28986 123135395346112 Not Found: /wp-includes/Requests/Text/admin.php
WARNING 2025-07-12 00:16:00,521 log 28986 123135311419072 Not Found: /wp-includes/customize/about.php
WARNING 2025-07-12 00:16:00,889 log 28986 123135395346112 Not Found: /index/function.php
WARNING 2025-07-12 00:16:01,256 log 28986 123135311419072 Not Found: /uploads/autoload_classmap.php
WARNING 2025-07-12 00:16:01,621 log 28986 123135395346112 Not Found: /wp-includes/css/dist/preferences/wp-login.php
WARNING 2025-07-12 00:16:01,988 log 28986 123135311419072 Not Found: /wp-includes/style-engine/about.php
WARNING 2025-07-12 00:16:02,357 log 28986 123135395346112 Not Found: /.well-known/acme-challenge/mariju.php
WARNING 2025-07-12 00:16:03,299 log 28986 123135311419072 Not Found: /about/function.php
WARNING 2025-07-12 00:16:04,030 log 28986 123135395346112 Not Found: /wp-includes/theme-compat/chosen.php
WARNING 2025-07-12 00:16:04,985 log 28986 123135311419072 Not Found: /.well-known/acme-challenge/index.php
WARNING 2025-07-12 00:16:05,346 log 28986 123135395346112 Not Found: /css/colors/blue/index.php
WARNING 2025-07-12 00:16:05,708 log 28986 123135311419072 Not Found: /wp-content/plugins/pwnd/as.php
WARNING 2025-07-12 00:16:06,069 log 28986 123135395346112 Not Found: /wp-admin/setup-config.php
WARNING 2025-07-12 00:16:06,109 log 28986 123135311419072 Unauthorized: /
WARNING 2025-07-12 00:16:06,431 log 28986 123135395346112 Not Found: /wp-admin/user/about.php
WARNING 2025-07-12 00:16:06,797 log 28986 123135311419072 Not Found: /wp-admin/js/index.php
WARNING 2025-07-12 00:16:07,161 log 28986 123135395346112 Not Found: /wp-content/upgrade/about.php
WARNING 2025-07-12 00:16:07,526 log 28986 123135311419072 Not Found: /wp-includes/assets/index.php
WARNING 2025-07-12 00:16:07,890 log 28986 123135395346112 Not Found: /wp-content/radio.php
WARNING 2025-07-12 00:16:08,256 log 28986 123135311419072 Not Found: /wp-includes/fonts/index.php
WARNING 2025-07-12 00:16:08,619 log 28986 123135395346112 Not Found: /.well-known/gecko-litespeed.php
WARNING 2025-07-12 00:16:08,983 log 28986 123135311419072 Not Found: /.well-known/admin.php
WARNING 2025-07-12 00:16:09,346 log 28986 123135395346112 Not Found: /wp-content/admin.php
WARNING 2025-07-12 00:16:09,708 log 28986 123135311419072 Not Found: /wp-content/uploads/2024/index.php
WARNING 2025-07-12 00:16:10,074 log 28986 123135395346112 Not Found: /wp-content/plugins/admin.php
WARNING 2025-07-12 00:16:10,434 log 28986 123135311419072 Not Found: /wp-content/themes/twentytwentytwo/index.php
WARNING 2025-07-12 00:16:10,796 log 28986 123135395346112 Not Found: /.well-known/log.php
WARNING 2025-07-12 00:16:11,160 log 28986 123135311419072 Not Found: /class.php
WARNING 2025-07-12 00:16:11,520 log 28986 123135395346112 Not Found: /bless.php
WARNING 2025-07-12 00:16:11,887 log 28986 123135311419072 Not Found: /wp-includes/js/codemirror/index.php
WARNING 2025-07-12 00:16:12,249 log 28986 123135395346112 Not Found: /wp-includes/block-patterns/index.php
WARNING 2025-07-12 00:16:12,611 log 28986 123135311419072 Not Found: /lock360.php
WARNING 2025-07-12 00:18:42,789 log 28986 123135395346112 Not Found: /favicon.ico
WARNING 2025-07-12 00:31:27,462 log 28986 123135311419072 Not Found: /.env
WARNING 2025-07-12 00:31:28,044 log 28986 123135395346112 Not Found: /.git/config
WARNING 2025-07-12 00:59:16,251 log 28986 123135311419072 Not Found: /robots.txt
WARNING 2025-07-12 00:59:18,707 log 28986 123135395346112 Not Found: /sitemap.xml
WARNING 2025-07-12 01:20:35,465 log 28986 123135311419072 Unauthorized: /
WARNING 2025-07-12 02:39:30,502 log 28986 123135395346112 Unauthorized: /
WARNING 2025-07-12 07:09:32,462 log 33578 136871533278912 Unauthorized: /
WARNING 2025-07-12 07:09:32,605 log 33578 136871650776768 Not Found: /info.php.bak
WARNING 2025-07-12 07:09:33,007 log 33578 136871533278912 Not Found: /php-info.php
WARNING 2025-07-12 07:09:33,151 log 33578 136871650776768 Not Found: /newinfo.php
WARNING 2025-07-12 07:09:33,290 log 33578 136871533278912 Not Found: /siteinfo.php
WARNING 2025-07-12 07:09:33,432 log 33578 136871650776768 Not Found: /info.php.1
WARNING 2025-07-12 07:09:39,040 log 33578 136871650776768 Not Found: /info.php.back
WARNING 2025-07-12 07:09:39,485 log 33578 136871533278912 Not Found: /phpbb/phpinfo.php
WARNING 2025-07-12 07:09:39,626 log 33578 136871650776768 Not Found: /release_info.php
WARNING 2025-07-12 07:09:39,782 log 33578 136871533278912 Not Found: /test/info.php
WARNING 2025-07-12 07:09:39,924 log 33578 136871650776768 Not Found: /info
WARNING 2025-07-12 07:09:40,065 log 33578 136871533278912 Not Found: /info.php
WARNING 2025-07-12 07:09:40,233 log 33578 136871650776768 Not Found: /phpinfo.php3
WARNING 2025-07-12 07:09:40,374 log 33578 136871533278912 Not Found: /phpinfo.php.txt
WARNING 2025-07-12 07:09:44,924 log 33578 136871650776768 Not Found: /info.php.save.1
WARNING 2025-07-12 07:09:45,339 log 33578 136871533278912 Not Found: /info.php_
WARNING 2025-07-12 07:09:45,484 log 33578 136871650776768 Not Found: /_info.php
WARNING 2025-07-12 07:09:45,622 log 33578 136871533278912 Not Found: /admin_phpinfo.php
WARNING 2025-07-12 07:09:45,761 log 33578 136871650776768 Not Found: /dbinfo.php
WARNING 2025-07-12 07:09:45,909 log 33578 136871533278912 Not Found: /admin_info.php
WARNING 2025-07-12 07:09:46,048 log 33578 136871650776768 Not Found: /.aws/credentials
WARNING 2025-07-12 07:09:50,554 log 33578 136871533278912 Not Found: /config.php
WARNING 2025-07-12 07:09:50,942 log 33578 136871650776768 Not Found: /phpinfo.php
WARNING 2025-07-12 07:09:51,080 log 33578 136871533278912 Not Found: /phpinfo.php.bak
WARNING 2025-07-12 07:09:56,664 log 33578 136871533278912 Not Found: /.env.bak
WARNING 2025-07-12 07:09:56,915 log 33578 136871650776768 Not Found: /.env
WARNING 2025-07-12 07:09:57,002 log 33578 136871533278912 Not Found: /.env.backup
WARNING 2025-07-12 07:09:57,093 log 33578 136871650776768 Not Found: /.env_sample
WARNING 2025-07-12 07:09:57,187 log 33578 136871533278912 Not Found: /.env.old
WARNING 2025-07-12 07:09:57,367 log 33578 136871650776768 Not Found: /.env.www
WARNING 2025-07-12 07:09:57,456 log 33578 136871533278912 Not Found: /.docker/.env
WARNING 2025-07-12 07:09:57,547 log 33578 136871650776768 Not Found: /.env.dev
WARNING 2025-07-12 07:09:57,652 log 33578 136871533278912 Not Found: /.env.example
WARNING 2025-07-12 07:09:57,762 log 33578 136871650776768 Not Found: /.env_1
WARNING 2025-07-12 07:09:57,853 log 33578 136871533278912 Not Found: /.env.stage
WARNING 2025-07-12 07:09:57,953 log 33578 136871650776768 Not Found: /config.env
WARNING 2025-07-12 07:09:58,075 log 33578 136871533278912 Not Found: /.pam_environment
WARNING 2025-07-12 07:09:58,154 log 33578 136871650776768 Not Found: /.environment
WARNING 2025-07-12 07:09:58,240 log 33578 136871533278912 Not Found: /.env.production
WARNING 2025-07-12 07:10:02,711 log 33578 136871650776768 Not Found: /.env.production.local
WARNING 2025-07-12 07:10:02,999 log 33578 136871533278912 Not Found: /env.js
WARNING 2025-07-12 07:10:03,082 log 33578 136871650776768 Not Found: /.powenv
WARNING 2025-07-12 07:10:03,170 log 33578 136871533278912 Not Found: /.rbenv-gemsets
WARNING 2025-07-12 07:10:03,254 log 33578 136871650776768 Not Found: /.envs
WARNING 2025-07-12 07:10:03,362 log 33578 136871533278912 Not Found: /.env.docker
WARNING 2025-07-12 07:10:03,452 log 33578 136871650776768 Not Found: /.env.sample
WARNING 2025-07-12 07:10:03,546 log 33578 136871533278912 Not Found: /.env_bak
WARNING 2025-07-12 07:10:03,648 log 33578 136871650776768 Not Found: /.env.php
WARNING 2025-07-12 07:10:03,780 log 33578 136871533278912 Not Found: /.env.development.local
WARNING 2025-07-12 07:10:03,872 log 33578 136871650776768 Not Found: /.env-example
WARNING 2025-07-12 07:10:03,962 log 33578 136871533278912 Not Found: /.env.prod
WARNING 2025-07-12 07:10:08,126 log 33578 136871650776768 Not Found: /.env.docker.dev
WARNING 2025-07-12 07:10:12,178 log 33578 136871533278912 Not Found: /.env.test
WARNING 2025-07-12 07:10:12,420 log 33578 136871650776768 Not Found: /env
WARNING 2025-07-12 07:10:12,523 log 33578 136871533278912 Not Found: /env.list
WARNING 2025-07-12 07:10:12,640 log 33578 136871650776768 Not Found: /.ghc.environment
WARNING 2025-07-12 07:10:12,731 log 33578 136871533278912 Not Found: /env.txt
WARNING 2025-07-12 07:10:12,823 log 33578 136871650776768 Not Found: /printenv
WARNING 2025-07-12 07:10:16,792 log 33578 136871533278912 Not Found: /.hsenv
WARNING 2025-07-12 07:10:16,883 log 33578 136871650776768 Not Found: /environment
WARNING 2025-07-12 07:10:17,166 log 33578 136871533278912 Not Found: /env.json
WARNING 2025-07-12 07:10:21,081 log 33578 136871650776768 Not Found: /envrc
WARNING 2025-07-12 07:10:21,352 log 33578 136871533278912 Not Found: /.env.dev.local
WARNING 2025-07-12 07:10:21,444 log 33578 136871650776768 Not Found: /environment.ts
WARNING 2025-07-12 07:10:21,536 log 33578 136871533278912 Not Found: /.env_old
WARNING 2025-07-12 07:10:21,616 log 33578 136871650776768 Not Found: /.zshenv
WARNING 2025-07-12 07:10:21,707 log 33578 136871533278912 Not Found: /.env.development.sample
WARNING 2025-07-12 07:10:21,805 log 33578 136871650776768 Not Found: /.rbenv-version
WARNING 2025-07-12 07:10:21,947 log 33578 136871533278912 Not Found: /.env-sample
WARNING 2025-07-12 07:10:22,035 log 33578 136871650776768 Not Found: /.env.prod.local
WARNING 2025-07-12 07:10:22,123 log 33578 136871533278912 Not Found: /.env.travis
WARNING 2025-07-12 07:10:22,217 log 33578 136871650776768 Not Found: /.env.test.sample
WARNING 2025-07-12 07:10:22,318 log 33578 136871533278912 Not Found: /.env.2
WARNING 2025-07-12 07:10:22,407 log 33578 136871650776768 Not Found: /.vscode/.env
WARNING 2025-07-12 07:10:22,496 log 33578 136871533278912 Not Found: /.env.local
WARNING 2025-07-12 07:10:22,589 log 33578 136871650776768 Not Found: /.env.txt
WARNING 2025-07-12 07:10:22,687 log 33578 136871533278912 Not Found: /.env.save
WARNING 2025-07-12 07:10:22,776 log 33578 136871650776768 Not Found: /printenv.tmp
WARNING 2025-07-12 07:10:22,857 log 33578 136871533278912 Not Found: /.flaskenv
WARNING 2025-07-12 07:10:22,949 log 33578 136871650776768 Not Found: /.env.test.local
WARNING 2025-07-12 07:10:23,069 log 33578 136871533278912 Not Found: /.jenv-version
WARNING 2025-07-12 07:10:23,149 log 33578 136871650776768 Not Found: /.envrc
WARNING 2025-07-12 07:10:23,240 log 33578 136871533278912 Not Found: /.env.dist
WARNING 2025-07-12 07:10:23,331 log 33578 136871650776768 Not Found: /.env.sample.php
WARNING 2025-07-12 07:10:23,453 log 33578 136871533278912 Not Found: /.env1
WARNING 2025-07-12 07:10:23,532 log 33578 136871650776768 Not Found: /.venv
WARNING 2025-07-12 07:10:23,621 log 33578 136871533278912 Not Found: /env.prod.js
WARNING 2025-07-12 07:10:23,725 log 33578 136871650776768 Not Found: /env.test.js
WARNING 2025-07-12 07:10:23,844 log 33578 136871533278912 Not Found: /env.bak
WARNING 2025-07-12 07:10:23,934 log 33578 136871650776768 Not Found: /env.php
WARNING 2025-07-12 07:10:24,376 log 33578 136871533278912 Not Found: /k8s/.env
WARNING 2025-07-12 07:10:24,795 log 33578 136871650776768 Not Found: /config/.env
WARNING 2025-07-12 07:10:24,955 log 33578 136871533278912 Not Found: /app/.env
WARNING 2025-07-12 07:10:25,099 log 33578 136871650776768 Not Found: /api/.env
WARNING 2025-07-12 07:10:25,315 log 33578 136871533278912 Not Found: /backend/.env
WARNING 2025-07-12 07:10:25,456 log 33578 136871650776768 Not Found: /src/.env
WARNING 2025-07-12 07:10:30,871 log 33578 136871650776768 Not Found: /web/.env
WARNING 2025-07-12 07:10:31,124 log 33578 136871533278912 Not Found: /server/.env
WARNING 2025-07-12 07:10:31,216 log 33578 136871650776768 Not Found: /client/.env
WARNING 2025-07-12 07:10:31,305 log 33578 136871533278912 Not Found: /frontend/.env
WARNING 2025-07-12 07:10:35,547 log 33578 136871650776768 Not Found: /.env.development
WARNING 2025-07-12 07:10:35,803 log 33578 136871533278912 Not Found: /.env.staging
WARNING 2025-07-12 07:10:35,892 log 33578 136871650776768 Not Found: /.env.live
WARNING 2025-07-12 07:10:36,012 log 33578 136871533278912 Not Found: /config.json
WARNING 2025-07-12 07:10:41,479 log 33578 136871533278912 Not Found: /config/config.php
WARNING 2025-07-12 07:10:41,871 log 33578 136871650776768 Not Found: /app/config.php
WARNING 2025-07-12 07:10:42,025 log 33578 136871533278912 Not Found: /backend/config.php
WARNING 2025-07-12 07:10:42,167 log 33578 136871650776768 Not Found: /src/config.php
WARNING 2025-07-12 07:10:42,307 log 33578 136871533278912 Not Found: /config/database.php
WARNING 2025-07-12 07:10:42,456 log 33578 136871650776768 Not Found: /config/mail.php
WARNING 2025-07-12 07:10:42,599 log 33578 136871533278912 Not Found: /config/app.php
WARNING 2025-07-12 07:10:46,642 log 33578 136871650776768 Not Found: /config/services.php
WARNING 2025-07-12 07:10:47,047 log 33578 136871533278912 Not Found: /wp-config.php
WARNING 2025-07-12 07:10:47,197 log 33578 136871650776768 Not Found: /configuration.php
WARNING 2025-07-12 07:10:47,338 log 33578 136871533278912 Not Found: /.aws/config
WARNING 2025-07-12 07:10:47,478 log 33578 136871650776768 Not Found: /config/aws.json
WARNING 2025-07-12 07:10:47,666 log 33578 136871533278912 Not Found: /config/sendgrid.json
WARNING 2025-07-12 07:10:47,809 log 33578 136871650776768 Not Found: /config/mailgun.json
WARNING 2025-07-12 07:10:47,964 log 33578 136871533278912 Not Found: /sendgrid.json
WARNING 2025-07-12 07:10:48,104 log 33578 136871650776768 Not Found: /aws.json
WARNING 2025-07-12 07:10:48,326 log 33578 136871533278912 Not Found: /api_keys.json
WARNING 2025-07-12 07:10:48,467 log 33578 136871650776768 Not Found: /keys.json
WARNING 2025-07-12 07:10:48,611 log 33578 136871533278912 Not Found: /secrets.json
WARNING 2025-07-12 07:10:48,751 log 33578 136871650776768 Not Found: /config/secrets.json
WARNING 2025-07-12 07:10:48,894 log 33578 136871533278912 Not Found: /private/.env
WARNING 2025-07-12 07:10:49,059 log 33578 136871650776768 Not Found: /backup/.env
WARNING 2025-07-12 07:10:49,199 log 33578 136871533278912 Not Found: /test/.env
WARNING 2025-07-12 07:10:49,343 log 33578 136871650776768 Not Found: /dev/.env
WARNING 2025-07-12 07:10:49,495 log 33578 136871533278912 Not Found: /staging/.env
WARNING 2025-07-12 07:10:49,636 log 33578 136871650776768 Not Found: /production/.env
WARNING 2025-07-12 07:10:49,809 log 33578 136871533278912 Not Found: /laravel/.env
WARNING 2025-07-12 07:10:49,950 log 33578 136871650776768 Not Found: /config/config.json
WARNING 2025-07-12 07:10:50,094 log 33578 136871533278912 Not Found: /app/config.json
WARNING 2025-07-12 07:10:50,238 log 33578 136871650776768 Not Found: /test/phpinfo.php
WARNING 2025-07-12 07:10:50,381 log 33578 136871533278912 Not Found: /backup/config.php
WARNING 2025-07-12 07:10:50,525 log 33578 136871650776768 Not Found: /private/config.php
WARNING 2025-07-12 07:10:50,664 log 33578 136871533278912 Not Found: /settings.php
WARNING 2025-07-12 07:10:50,819 log 33578 136871650776768 Not Found: /app/settings.php
WARNING 2025-07-12 07:10:50,987 log 33578 136871533278912 Not Found: /config/settings.php
WARNING 2025-07-12 07:10:51,129 log 33578 136871650776768 Not Found: /database.yml
WARNING 2025-07-12 07:10:51,273 log 33578 136871533278912 Not Found: /config/database.json
WARNING 2025-07-12 07:10:51,413 log 33578 136871650776768 Not Found: /administrator/.env
WARNING 2025-07-12 07:10:55,537 log 33578 136871533278912 Not Found: /cms/.env
WARNING 2025-07-12 07:10:55,939 log 33578 136871650776768 Not Found: /portal/.env
WARNING 2025-07-12 07:11:00,021 log 33578 136871533278912 Not Found: /dashboard/.env
WARNING 2025-07-12 07:11:00,427 log 33578 136871650776768 Not Found: /crm/.env
WARNING 2025-07-12 07:11:00,567 log 33578 136871533278912 Not Found: /mail/.env
WARNING 2025-07-12 07:11:00,707 log 33578 136871650776768 Not Found: /mailer/.env
WARNING 2025-07-12 07:11:04,865 log 33578 136871533278912 Not Found: /deployment/.env
WARNING 2025-07-12 07:11:05,270 log 33578 136871650776768 Not Found: /docker/.env
WARNING 2025-07-12 07:11:05,438 log 33578 136871533278912 Not Found: /helm/.env
WARNING 2025-07-12 07:11:05,580 log 33578 136871650776768 Not Found: /terraform/.env
WARNING 2025-07-12 07:11:10,053 log 33578 136871533278912 Not Found: /ansible/.env
WARNING 2025-07-12 07:11:10,446 log 33578 136871650776768 Not Found: /config/mail.json
WARNING 2025-07-12 07:11:10,586 log 33578 136871533278912 Not Found: /config/smtp.php
WARNING 2025-07-12 07:11:10,770 log 33578 136871650776768 Not Found: /config/database.yml
WARNING 2025-07-12 07:11:10,910 log 33578 136871533278912 Not Found: /secrets/config.json
WARNING 2025-07-12 07:11:11,049 log 33578 136871650776768 Not Found: /private/keys.json
WARNING 2025-07-12 07:11:11,191 log 33578 136871533278912 Not Found: /.env_example
WARNING 2025-07-12 07:11:11,335 log 33578 136871650776768 Not Found: /core/.env
WARNING 2025-07-12 07:11:11,484 log 33578 136871533278912 Not Found: /api
WARNING 2025-07-12 07:11:11,623 log 33578 136871650776768 Not Found: /backend
WARNING 2025-07-12 07:11:16,049 log 33578 136871533278912 Not Found: /local/.env
WARNING 2025-07-12 07:11:16,464 log 33578 136871650776768 Not Found: /application/.env
WARNING 2025-07-12 07:11:16,602 log 33578 136871533278912 Not Found: /phpinfo
WARNING 2025-07-12 07:11:16,740 log 33578 136871650776768 Not Found: /_profiler/phpinfo
WARNING 2025-07-12 07:11:16,879 log 33578 136871533278912 Not Found: /config/settings.ini
WARNING 2025-07-12 07:11:17,019 log 33578 136871650776768 Not Found: /env/.env
WARNING 2025-07-12 07:11:17,158 log 33578 136871533278912 Not Found: /new/.env
WARNING 2025-07-12 07:11:17,301 log 33578 136871650776768 Not Found: /new/.env.local
WARNING 2025-07-12 07:11:17,479 log 33578 136871533278912 Not Found: /new/.env.production
WARNING 2025-07-12 07:11:17,619 log 33578 136871650776768 Not Found: /new/.env.staging
WARNING 2025-07-12 07:11:17,765 log 33578 136871533278912 Not Found: /_phpinfo.php
WARNING 2025-07-12 07:11:17,904 log 33578 136871650776768 Not Found: /_profiler/phpinfo/info.php
WARNING 2025-07-12 07:11:22,378 log 33578 136871533278912 Not Found: /_profiler/phpinfo/phpinfo.php
WARNING 2025-07-12 07:11:22,812 log 33578 136871650776768 Not Found: /wp-config
WARNING 2025-07-12 07:11:22,956 log 33578 136871533278912 Not Found: /aws-secret.yaml
WARNING 2025-07-12 07:11:23,128 log 33578 136871650776768 Not Found: /awstats/.env
WARNING 2025-07-12 07:11:23,269 log 33578 136871533278912 Not Found: /conf/.env
WARNING 2025-07-12 07:11:23,410 log 33578 136871650776768 Not Found: /cron/.env
WARNING 2025-07-12 07:11:23,550 log 33578 136871533278912 Not Found: /www/.env
WARNING 2025-07-12 07:11:23,691 log 33578 136871650776768 Not Found: /docker/app/.env
WARNING 2025-07-12 07:11:23,888 log 33578 136871533278912 Not Found: /env.backup
WARNING 2025-07-12 07:11:24,028 log 33578 136871650776768 Not Found: /xampp/phpinfo.php
WARNING 2025-07-12 07:11:24,169 log 33578 136871533278912 Not Found: /lara/info.php
WARNING 2025-07-12 07:11:24,310 log 33578 136871650776768 Not Found: /lara/phpinfo.php
WARNING 2025-07-12 07:11:28,770 log 33578 136871533278912 Not Found: /laravel/info.php
WARNING 2025-07-12 07:11:29,182 log 33578 136871650776768 Not Found: /js/.env
WARNING 2025-07-12 07:11:33,704 log 33578 136871533278912 Not Found: /laravel/core/.env
WARNING 2025-07-12 07:11:34,116 log 33578 136871650776768 Not Found: /nginx/.env
WARNING 2025-07-12 07:11:34,261 log 33578 136871533278912 Not Found: /site/.env
WARNING 2025-07-12 07:11:34,401 log 33578 136871650776768 Not Found: /xampp/.env
WARNING 2025-07-12 07:11:38,834 log 33578 136871533278912 Not Found: /.docker/laravel/app/.env
WARNING 2025-07-12 07:11:39,226 log 33578 136871650776768 Not Found: /laravel/.env.local
WARNING 2025-07-12 07:11:39,369 log 33578 136871533278912 Not Found: /laravel/.env.production
WARNING 2025-07-12 07:11:39,526 log 33578 136871650776768 Not Found: /laravel/.env.staging
WARNING 2025-07-12 07:11:39,666 log 33578 136871533278912 Not Found: /laravel/core/.env.local
WARNING 2025-07-12 07:11:39,806 log 33578 136871650776768 Not Found: /laravel/core/.env.production
WARNING 2025-07-12 07:11:39,948 log 33578 136871533278912 Not Found: /laravel/core/.env.staging
WARNING 2025-07-12 07:11:40,088 log 33578 136871650776768 Not Found: /main/.env
WARNING 2025-07-12 07:11:40,229 log 33578 136871533278912 Not Found: /bootstrap/cache/config.php
WARNING 2025-07-12 07:11:40,416 log 33578 136871650776768 Not Found: /storage/app/private/.env
WARNING 2025-07-12 07:11:40,558 log 33578 136871533278912 Not Found: /storage/logs/laravel.log
WARNING 2025-07-12 07:11:40,757 log 33578 136871650776768 Not Found: /composer.lock
WARNING 2025-07-12 07:11:40,897 log 33578 136871533278912 Not Found: /server.key
WARNING 2025-07-12 07:11:41,225 log 33578 136871650776768 Not Found: /php5.ini
WARNING 2025-07-12 07:11:41,501 log 33578 136871533278912 Not Found: /config.php.bak
WARNING 2025-07-12 07:11:41,601 log 33578 136871650776768 Not Found: /src/app.js
WARNING 2025-07-12 07:11:41,701 log 33578 136871533278912 Not Found: /server-info
WARNING 2025-07-12 07:11:41,831 log 33578 136871650776768 Not Found: /docker.sh
WARNING 2025-07-12 07:11:41,932 log 33578 136871533278912 Not Found: /config.php.save
WARNING 2025-07-12 07:11:42,033 log 33578 136871650776768 Not Found: /pi.php
WARNING 2025-07-12 07:11:42,160 log 33578 136871533278912 Not Found: /wp-config.php.bak
WARNING 2025-07-12 07:11:42,270 log 33578 136871650776768 Not Found: /test.php
WARNING 2025-07-12 07:11:42,376 log 33578 136871533278912 Not Found: /wp-config.php.backup
WARNING 2025-07-12 07:11:42,481 log 33578 136871650776768 Not Found: /aws-credentials.txt
WARNING 2025-07-12 07:11:42,585 log 33578 136871533278912 Not Found: /api/info
WARNING 2025-07-12 07:11:42,684 log 33578 136871650776768 Not Found: /config.ini
WARNING 2025-07-12 07:11:42,782 log 33578 136871533278912 Not Found: /%C0
WARNING 2025-07-12 07:11:42,880 log 33578 136871650776768 Not Found: /.aws/credentials.bak
WARNING 2025-07-12 07:11:42,990 log 33578 136871533278912 Not Found: /.aws/credentials/admin/.env
WARNING 2025-07-12 07:11:43,088 log 33578 136871650776768 Not Found: /.azure-pipelines.yml
WARNING 2025-07-12 07:11:43,185 log 33578 136871533278912 Not Found: /.bak
WARNING 2025-07-12 07:11:43,288 log 33578 136871650776768 Not Found: /.bitbucket-pipelines.yml
WARNING 2025-07-12 07:11:43,386 log 33578 136871533278912 Not Found: /.bitbucket/.env
WARNING 2025-07-12 07:11:43,476 log 33578 136871650776768 Not Found: /.boto
WARNING 2025-07-12 07:11:43,587 log 33578 136871533278912 Not Found: /.bzr/
WARNING 2025-07-12 07:11:43,687 log 33578 136871650776768 Not Found: /.c9/metadata/environment/.env
WARNING 2025-07-12 07:11:43,786 log 33578 136871533278912 Not Found: /.circleci/.env
WARNING 2025-07-12 07:11:43,886 log 33578 136871650776768 Not Found: /.circleci/config.yml
WARNING 2025-07-12 07:11:44,005 log 33578 136871533278912 Not Found: /.dockerignore
WARNING 2025-07-12 07:11:44,100 log 33578 136871650776768 Not Found: /.env-db
WARNING 2025-07-12 07:11:44,197 log 33578 136871533278912 Not Found: /.env.back
WARNING 2025-07-12 07:11:44,298 log 33578 136871650776768 Not Found: /.env.bkp
WARNING 2025-07-12 07:11:44,462 log 33578 136871533278912 Not Found: /.env.credentials
WARNING 2025-07-12 07:11:44,559 log 33578 136871650776768 Not Found: /.env.email
WARNING 2025-07-12 07:11:44,663 log 33578 136871533278912 Not Found: /.env.hidden
WARNING 2025-07-12 07:11:44,770 log 33578 136871650776768 Not Found: /.env.hide
WARNING 2025-07-12 07:11:44,869 log 33578 136871533278912 Not Found: /.env.js
WARNING 2025-07-12 07:11:44,971 log 33578 136871650776768 Not Found: /.env.key
WARNING 2025-07-12 07:11:49,521 log 33578 136871533278912 Not Found: /.env.mail
WARNING 2025-07-12 07:11:49,789 log 33578 136871650776768 Not Found: /.env.smtp
WARNING 2025-07-12 07:11:49,887 log 33578 136871533278912 Not Found: /.env.swp
WARNING 2025-07-12 07:11:49,987 log 33578 136871650776768 Not Found: /.env.testing
WARNING 2025-07-12 07:11:50,098 log 33578 136871533278912 Not Found: /.env.uat
WARNING 2025-07-12 07:11:50,205 log 33578 136871650776768 Not Found: /.env_aws
WARNING 2025-07-12 07:11:50,303 log 33578 136871533278912 Not Found: /.env_backup
WARNING 2025-07-12 07:11:50,403 log 33578 136871650776768 Not Found: /.env_copy
WARNING 2025-07-12 07:11:50,528 log 33578 136871533278912 Not Found: /.env_private
WARNING 2025-07-12 07:11:50,626 log 33578 136871650776768 Not Found: /.env_secret
WARNING 2025-07-12 07:11:50,724 log 33578 136871533278912 Not Found: /.env~
WARNING 2025-07-12 07:11:50,813 log 33578 136871650776768 Not Found: /.git/
WARNING 2025-07-12 07:11:50,915 log 33578 136871533278912 Not Found: /.git/config
WARNING 2025-07-12 07:11:51,016 log 33578 136871650776768 Not Found: /.github/.env
WARNING 2025-07-12 07:11:51,128 log 33578 136871533278912 Not Found: /.github/workflows/*.yml
WARNING 2025-07-12 07:11:51,273 log 33578 136871650776768 Not Found: /.gitignore
WARNING 2025-07-12 07:11:51,371 log 33578 136871533278912 Not Found: /.gitlab-ci.yml
WARNING 2025-07-12 07:11:51,469 log 33578 136871650776768 Not Found: /.gitlab-ci/.env
WARNING 2025-07-12 07:11:55,952 log 33578 136871533278912 Not Found: /.gitlab/.env
WARNING 2025-07-12 07:11:56,244 log 33578 136871650776768 Not Found: /.hg/
WARNING 2025-07-12 07:11:56,330 log 33578 136871533278912 Not Found: /.htaccess
WARNING 2025-07-12 07:11:56,426 log 33578 136871650776768 Not Found: /.idea/.env
WARNING 2025-07-12 07:11:56,533 log 33578 136871533278912 Not Found: /.local
WARNING 2025-07-12 07:11:56,629 log 33578 136871650776768 Not Found: /.next/
WARNING 2025-07-12 07:11:56,715 log 33578 136871533278912 Not Found: /.npmrc
WARNING 2025-07-12 07:11:56,834 log 33578 136871650776768 Not Found: /.nuxt/
WARNING 2025-07-12 07:11:56,931 log 33578 136871533278912 Not Found: /.output/
WARNING 2025-07-12 07:11:57,018 log 33578 136871650776768 Not Found: /.phpinfo
WARNING 2025-07-12 07:11:57,113 log 33578 136871533278912 Not Found: /.production
WARNING 2025-07-12 07:11:57,224 log 33578 136871650776768 Not Found: /.pypirc
WARNING 2025-07-12 07:11:57,380 log 33578 136871533278912 Not Found: /.remote
WARNING 2025-07-12 07:11:57,478 log 33578 136871650776768 Not Found: /.ssh/id_rsa
WARNING 2025-07-12 07:12:01,570 log 33578 136871533278912 Not Found: /.ssh/id_rsa.pub
WARNING 2025-07-12 07:12:01,841 log 33578 136871650776768 Not Found: /.svn/
WARNING 2025-07-12 07:12:01,940 log 33578 136871533278912 Not Found: /.travis.yml
WARNING 2025-07-12 07:12:02,037 log 33578 136871650776768 Not Found: /.vite/
WARNING 2025-07-12 07:12:02,137 log 33578 136871533278912 Not Found: /.vscode/settings.json
WARNING 2025-07-12 07:12:02,246 log 33578 136871650776768 Not Found: /.well-known/openid-configuration
WARNING 2025-07-12 07:12:02,348 log 33578 136871533278912 Not Found: /.well-known/security.txt
WARNING 2025-07-12 07:12:02,463 log 33578 136871650776768 Not Found: /07-accessing-data/begin/vue-heroes/.env
WARNING 2025-07-12 07:12:02,591 log 33578 136871533278912 Not Found: /07-accessing-data/end/vue-heroes/.env
WARNING 2025-07-12 07:12:02,691 log 33578 136871650776768 Not Found: /08-routing/begin/vue-heroes/.env
WARNING 2025-07-12 07:12:02,794 log 33578 136871533278912 Not Found: /08-routing/end/vue-heroes/.env
WARNING 2025-07-12 07:12:02,924 log 33578 136871650776768 Not Found: /09-managing-state/begin/vue-heroes/.env
WARNING 2025-07-12 07:12:03,025 log 33578 136871533278912 Not Found: /09-managing-state/end/vue-heroes/.env
WARNING 2025-07-12 07:12:03,124 log 33578 136871650776768 Not Found: /123.php
WARNING 2025-07-12 07:12:03,235 log 33578 136871533278912 Not Found: /3-sequelize/final/.env
WARNING 2025-07-12 07:12:03,335 log 33578 136871650776768 Not Found: /31_structure_tests/.env
WARNING 2025-07-12 07:12:03,426 log 33578 136871533278912 Unauthorized: /
WARNING 2025-07-12 07:12:03,512 log 33578 136871650776768 Unauthorized: /
WARNING 2025-07-12 07:12:03,613 log 33578 136871533278912 Unauthorized: /
WARNING 2025-07-12 07:12:03,699 log 33578 136871650776768 Unauthorized: /
WARNING 2025-07-12 07:12:03,785 log 33578 136871533278912 Unauthorized: /
WARNING 2025-07-12 07:12:03,890 log 33578 136871650776768 Unauthorized: /
WARNING 2025-07-12 07:12:03,987 log 33578 136871533278912 Not Found: /__debug__
WARNING 2025-07-12 07:12:04,100 log 33578 136871650776768 Not Found: /__debugbar
WARNING 2025-07-12 07:12:04,199 log 33578 136871533278912 Not Found: /__tests__/test-become/.env
WARNING 2025-07-12 07:12:08,349 log 33578 136871650776768 Not Found: /_astro/[chunk-name].[hash].js
WARNING 2025-07-12 07:12:08,621 log 33578 136871533278912 Not Found: /_dev
WARNING 2025-07-12 07:12:08,726 log 33578 136871650776768 Not Found: /_ignition/
WARNING 2025-07-12 07:12:08,824 log 33578 136871533278912 Not Found: /_next/static/chunks/945-34f67d7c0866cf61b970.js
WARNING 2025-07-12 07:12:08,931 log 33578 136871650776768 Not Found: /_next/static/chunks/app/[...not-found]/page-63e952e68a371605.js
WARNING 2025-07-12 07:12:09,045 log 33578 136871533278912 Not Found: /_next/static/chunks/app/error.js
WARNING 2025-07-12 07:12:09,146 log 33578 136871650776768 Not Found: /_next/static/chunks/app/global-error.js
WARNING 2025-07-12 07:12:09,253 log 33578 136871533278912 Not Found: /_next/static/chunks/app/layout-a908fe02173ed4b1.js
WARNING 2025-07-12 07:12:09,364 log 33578 136871650776768 Not Found: /_next/static/chunks/framework-[hash].js
WARNING 2025-07-12 07:12:09,636 log 33578 136871533278912 Not Found: /_next/static/chunks/pages/_app-a9fba37d935ce3f3.js
WARNING 2025-07-12 07:12:09,901 log 33578 136871650776768 Not Found: /_next/static/chunks/pages/_app-d1b5411bacd03f02.js
WARNING 2025-07-12 07:12:10,009 log 33578 136871533278912 Not Found: /_next/static/chunks/pages/_app-d25b242610000153a081.js
WARNING 2025-07-12 07:12:10,181 log 33578 136871650776768 Not Found: /_next/static/chunks/webpack-[hash].js
WARNING 2025-07-12 07:12:10,280 log 33578 136871533278912 Not Found: /_static/.env
WARNING 2025-07-12 07:12:10,379 log 33578 136871650776768 Not Found: /a.php
WARNING 2025-07-12 07:12:10,563 log 33578 136871533278912 Not Found: /acme-challenge/.env
WARNING 2025-07-12 07:12:10,663 log 33578 136871650776768 Not Found: /acme/.env
WARNING 2025-07-12 07:12:10,765 log 33578 136871533278912 Not Found: /acme_challenges/.env
WARNING 2025-07-12 07:12:10,868 log 33578 136871650776768 Not Found: /actions-server/.env
WARNING 2025-07-12 07:12:10,998 log 33578 136871533278912 Not Found: /actuator/
WARNING 2025-07-12 07:12:11,096 log 33578 136871650776768 Not Found: /admin-api/
WARNING 2025-07-12 07:12:11,208 log 33578 136871533278912 Not Found: /admin-app/.env
WARNING 2025-07-12 07:12:11,342 log 33578 136871650776768 Not Found: /admin-panel/.env
WARNING 2025-07-12 07:12:11,438 log 33578 136871533278912 Not Found: /admin.php
WARNING 2025-07-12 07:12:26,311 log 33578 136871650776768 Not Found: /adminer.php
WARNING 2025-07-12 07:12:26,563 log 33578 136871533278912 Not Found: /adminer/.env
WARNING 2025-07-12 07:12:26,715 log 33578 136871650776768 Not Found: /administrator/
WARNING 2025-07-12 07:12:26,810 log 33578 136871533278912 Not Found: /adminphp.php'
WARNING 2025-07-12 07:12:26,906 log 33578 136871650776768 Not Found: /agora/.env
WARNING 2025-07-12 07:12:31,434 log 33578 136871650776768 Not Found: /alpha/.env
WARNING 2025-07-12 07:12:31,721 log 33578 136871533278912 Not Found: /anaconda/.env
WARNING 2025-07-12 07:12:31,892 log 33578 136871650776768 Not Found: /apache.php
WARNING 2025-07-12 07:12:31,986 log 33578 136871533278912 Not Found: /apache/i.php
WARNING 2025-07-12 07:12:32,107 log 33578 136871650776768 Not Found: /apache/info.php
WARNING 2025-07-12 07:12:32,202 log 33578 136871533278912 Not Found: /apache/phpinfo.php
WARNING 2025-07-12 07:12:32,294 log 33578 136871650776768 Not Found: /apache2.php
WARNING 2025-07-12 07:12:32,389 log 33578 136871533278912 Not Found: /apc.php
WARNING 2025-07-12 07:12:32,488 log 33578 136871650776768 Not Found: /api-server/.env
WARNING 2025-07-12 07:12:32,580 log 33578 136871533278912 Not Found: /api/.env.back
WARNING 2025-07-12 07:12:32,674 log 33578 136871650776768 Not Found: /api/.env.example
WARNING 2025-07-12 07:12:36,736 log 33578 136871533278912 Not Found: /api/.env.sample
WARNING 2025-07-12 07:12:36,990 log 33578 136871650776768 Not Found: /api/.env.save
WARNING 2025-07-12 07:12:37,085 log 33578 136871533278912 Not Found: /api/debug
WARNING 2025-07-12 07:12:37,183 log 33578 136871650776768 Not Found: /api/docs/
WARNING 2025-07-12 07:12:37,301 log 33578 136871533278912 Not Found: /api/env
WARNING 2025-07-12 07:12:37,394 log 33578 136871650776768 Not Found: /api/info.php
WARNING 2025-07-12 07:12:37,491 log 33578 136871533278912 Not Found: /api/internal/
WARNING 2025-07-12 07:12:41,978 log 33578 136871650776768 Not Found: /api/keys
WARNING 2025-07-12 07:12:42,253 log 33578 136871533278912 Not Found: /api/private/
WARNING 2025-07-12 07:12:42,348 log 33578 136871650776768 Not Found: /api/src/.env
WARNING 2025-07-12 07:12:42,446 log 33578 136871533278912 Not Found: /api/v1/.env
WARNING 2025-07-12 07:12:42,540 log 33578 136871650776768 Not Found: /api/v1/debug
WARNING 2025-07-12 07:12:42,648 log 33578 136871533278912 Not Found: /api/v2/.env
WARNING 2025-07-12 07:12:42,744 log 33578 136871650776768 Not Found: /apis/.env
WARNING 2025-07-12 07:12:42,849 log 33578 136871533278912 Not Found: /app-7d66de919618d3830635.js
WARNING 2025-07-12 07:12:42,979 log 33578 136871650776768 Not Found: /app-order-client/.env
WARNING 2025-07-12 07:12:43,075 log 33578 136871533278912 Not Found: /app.yaml
WARNING 2025-07-12 07:12:43,171 log 33578 136871650776768 Not Found: /app/.env.example
WARNING 2025-07-12 07:12:43,270 log 33578 136871533278912 Not Found: /app/.env.sample
WARNING 2025-07-12 07:12:43,411 log 33578 136871650776768 Not Found: /app/.env.save
WARNING 2025-07-12 07:12:43,505 log 33578 136871533278912 Not Found: /app/.env.back
WARNING 2025-07-12 07:12:47,519 log 33578 136871650776768 Not Found: /app/client/.env
WARNING 2025-07-12 07:12:47,795 log 33578 136871533278912 Not Found: /app/code/community/Nosto/Tagging/.env
WARNING 2025-07-12 07:12:47,967 log 33578 136871650776768 Not Found: /app/config.js
WARNING 2025-07-12 07:12:48,064 log 33578 136871533278912 Not Found: /app/config/.env
WARNING 2025-07-12 07:12:48,159 log 33578 136871650776768 Not Found: /app/config/dev/.env
WARNING 2025-07-12 07:12:48,266 log 33578 136871533278912 Not Found: /app/frontend/.env
WARNING 2025-07-12 07:12:48,360 log 33578 136871650776768 Not Found: /app/info
WARNING 2025-07-12 07:12:48,479 log 33578 136871533278912 Not Found: /app/info.php
WARNING 2025-07-12 07:12:48,615 log 33578 136871650776768 Not Found: /app1-static/.env
WARNING 2025-07-12 07:12:48,707 log 33578 136871533278912 Not Found: /app2-static/.env
WARNING 2025-07-12 07:12:48,802 log 33578 136871650776768 Not Found: /app_dir/.env
WARNING 2025-07-12 07:12:48,895 log 33578 136871533278912 Not Found: /app_nginx_static_path/.env
WARNING 2025-07-12 07:12:49,006 log 33578 136871650776768 Not Found: /application/.env.sample
WARNING 2025-07-12 07:12:49,099 log 33578 136871533278912 Not Found: /application/.env.save
WARNING 2025-07-12 07:12:49,198 log 33578 136871650776768 Not Found: /apps/.env
WARNING 2025-07-12 07:12:49,302 log 33578 136871533278912 Not Found: /apps/client/.env
WARNING 2025-07-12 07:12:49,441 log 33578 136871650776768 Not Found: /Archipel/.env
WARNING 2025-07-12 07:12:49,534 log 33578 136871533278912 Not Found: /asdf.php
WARNING 2025-07-12 07:12:53,569 log 33578 136871650776768 Not Found: /asset_img/.env
WARNING 2025-07-12 07:12:53,837 log 33578 136871533278912 Not Found: /assets/.env
WARNING 2025-07-12 07:12:54,009 log 33578 136871650776768 Not Found: /assets/index-[hash].js
WARNING 2025-07-12 07:12:58,379 log 33578 136871533278912 Not Found: /assets/index-[hash].mjs
WARNING 2025-07-12 07:12:58,639 log 33578 136871650776768 Not Found: /assets/index-GquDNGwd.js
WARNING 2025-07-12 07:12:58,731 log 33578 136871533278912 Not Found: /assets/js/app.f8ec9fb3.js
WARNING 2025-07-12 07:12:58,826 log 33578 136871650776768 Not Found: /assets/js/app.js
WARNING 2025-07-12 07:13:02,948 log 33578 136871533278912 Not Found: /assets/vendor-[hash].js
WARNING 2025-07-12 07:13:03,220 log 33578 136871650776768 Not Found: /Assignment3/.env
WARNING 2025-07-12 07:13:03,401 log 33578 136871533278912 Not Found: /Assignment4/.env
WARNING 2025-07-12 07:13:03,510 log 33578 136871650776768 Not Found: /audio/.env
WARNING 2025-07-12 07:13:03,606 log 33578 136871533278912 Not Found: /aws-secret.json
WARNING 2025-07-12 07:13:03,704 log 33578 136871650776768 Not Found: /aws.yml
WARNING 2025-07-12 07:13:07,940 log 33578 136871533278912 Not Found: /aws/.env
WARNING 2025-07-12 07:13:08,196 log 33578 136871650776768 Not Found: /azure/.env
WARNING 2025-07-12 07:13:08,292 log 33578 136871533278912 Not Found: /babel-plugin-dotenv/test/fixtures/as-alias/.env
WARNING 2025-07-12 07:13:08,430 log 33578 136871650776768 Not Found: /babel-plugin-dotenv/test/fixtures/default/.env
WARNING 2025-07-12 07:13:08,524 log 33578 136871533278912 Not Found: /babel-plugin-dotenv/test/fixtures/dev-env/.env
WARNING 2025-07-12 07:13:08,619 log 33578 136871650776768 Not Found: /babel-plugin-dotenv/test/fixtures/empty-values/.env
WARNING 2025-07-12 07:13:08,750 log 33578 136871533278912 Not Found: /babel-plugin-dotenv/test/fixtures/filename/.env
WARNING 2025-07-12 07:13:08,842 log 33578 136871650776768 Not Found: /babel-plugin-dotenv/test/fixtures/override-value/.env
WARNING 2025-07-12 07:13:12,604 log 33578 136871533278912 Not Found: /babel-plugin-dotenv/test/fixtures/prod-env/.env
WARNING 2025-07-12 07:13:12,951 log 33578 136871650776768 Not Found: /back-end/app/.env
WARNING 2025-07-12 07:13:13,045 log 33578 136871533278912 Not Found: /back/.env
WARNING 2025-07-12 07:13:13,138 log 33578 136871650776768 Not Found: /backend/.env.local
WARNING 2025-07-12 07:13:13,296 log 33578 136871533278912 Not Found: /backend/config/.env
WARNING 2025-07-12 07:13:13,389 log 33578 136871650776768 Not Found: /backend/debug
WARNING 2025-07-12 07:13:17,197 log 33578 136871533278912 Not Found: /backend/src/.env
WARNING 2025-07-12 07:13:17,449 log 33578 136871650776768 Not Found: /backendfinaltest/.env
WARNING 2025-07-12 07:13:17,546 log 33578 136871533278912 Not Found: /backup.tar.gz
WARNING 2025-07-12 07:13:17,641 log 33578 136871650776768 Not Found: /backup.zip
WARNING 2025-07-12 07:13:22,043 log 33578 136871533278912 Not Found: /base_dir/.env
WARNING 2025-07-12 07:13:22,331 log 33578 136871650776768 Not Found: /basic-network/.env
WARNING 2025-07-12 07:13:22,422 log 33578 136871533278912 Not Found: /bgoldd/.env
WARNING 2025-07-12 07:13:22,517 log 33578 136871650776768 Not Found: /bitcoind/.env
WARNING 2025-07-12 07:13:22,669 log 33578 136871533278912 Not Found: /blankon/.env
WARNING 2025-07-12 07:13:22,760 log 33578 136871650776768 Not Found: /blob/.env
WARNING 2025-07-12 07:13:22,852 log 33578 136871533278912 Not Found: /blog/.env
WARNING 2025-07-12 07:13:22,960 log 33578 136871650776768 Not Found: /blogs/.env
WARNING 2025-07-12 07:13:23,173 log 33578 136871533278912 Not Found: /blue/.env
WARNING 2025-07-12 07:13:23,266 log 33578 136871650776768 Not Found: /bookchain-client/.env
WARNING 2025-07-12 07:13:23,369 log 33578 136871533278912 Not Found: /Booking/Default.aspx
WARNING 2025-07-12 07:13:23,471 log 33578 136871650776768 Not Found: /bootstrap/.env
WARNING 2025-07-12 07:13:23,565 log 33578 136871533278912 Not Found: /boxes/oracle-vagrant-boxes/ContainerRegistry/.env
WARNING 2025-07-12 07:13:23,657 log 33578 136871650776768 Not Found: /boxes/oracle-vagrant-boxes/Kubernetes/.env
WARNING 2025-07-12 07:13:28,043 log 33578 136871533278912 Not Found: /boxes/oracle-vagrant-boxes/OLCNE/.env
WARNING 2025-07-12 07:13:28,461 log 33578 136871650776768 Not Found: /build.php
WARNING 2025-07-12 07:13:32,659 log 33578 136871533278912 Not Found: /build/
WARNING 2025-07-12 07:13:32,917 log 33578 136871650776768 Not Found: /build/.env
WARNING 2025-07-12 07:13:33,015 log 33578 136871533278912 Not Found: /build/_app/immutable/chunks/[chunk].[hash].js
WARNING 2025-07-12 07:13:33,184 log 33578 136871650776768 Not Found: /build/_app/immutable/entry/app.[hash].js
WARNING 2025-07-12 07:13:33,278 log 33578 136871533278912 Not Found: /build/entry.client-[hash].js
WARNING 2025-07-12 07:13:33,377 log 33578 136871650776768 Not Found: /build/main.ba0c34b7.js
WARNING 2025-07-12 07:13:33,481 log 33578 136871533278912 Not Found: /build/routes/index-[hash].js
WARNING 2025-07-12 07:13:33,590 log 33578 136871650776768 Not Found: /cache.php
WARNING 2025-07-12 07:13:33,685 log 33578 136871533278912 Not Found: /cardea/backend/.env
WARNING 2025-07-12 07:13:33,781 log 33578 136871650776768 Not Found: /cdw-backend/.env
WARNING 2025-07-12 07:13:33,876 log 33578 136871533278912 Not Found: /cgi-bin/.env
WARNING 2025-07-12 07:13:33,978 log 33578 136871650776768 Not Found: /cgi-bin/pass.txt
WARNING 2025-07-12 07:13:34,074 log 33578 136871533278912 Not Found: /ch2-mytodo/.env
WARNING 2025-07-12 07:13:34,182 log 33578 136871650776768 Not Found: /ch6-mytodo/.env
WARNING 2025-07-12 07:13:34,276 log 33578 136871533278912 Not Found: /ch6a-mytodo/.env
WARNING 2025-07-12 07:13:34,370 log 33578 136871650776768 Not Found: /ch7-mytodo/.env
WARNING 2025-07-12 07:13:34,464 log 33578 136871533278912 Not Found: /ch7a-mytodo/.env
WARNING 2025-07-12 07:13:38,413 log 33578 136871650776768 Not Found: /ch8-mytodo/.env
WARNING 2025-07-12 07:13:38,700 log 33578 136871533278912 Not Found: /ch8a-mytodo/.env
WARNING 2025-07-12 07:13:38,794 log 33578 136871650776768 Not Found: /ch8b-mytodo/.env
WARNING 2025-07-12 07:13:38,894 log 33578 136871533278912 Not Found: /Chai/.env
WARNING 2025-07-12 07:13:39,000 log 33578 136871650776768 Not Found: /challenge/.env
WARNING 2025-07-12 07:13:39,095 log 33578 136871533278912 Not Found: /challenges/.env
WARNING 2025-07-12 07:13:39,191 log 33578 136871650776768 Not Found: /charts/liveObjects/.env
WARNING 2025-07-12 07:13:39,312 log 33578 136871533278912 Not Found: /chat-client/.env
WARNING 2025-07-12 07:13:43,207 log 33578 136871650776768 Not Found: /chiminey/.env
WARNING 2025-07-12 07:13:43,460 log 33578 136871533278912 Not Found: /chunk-B2FODB4I.js
WARNING 2025-07-12 07:13:43,555 log 33578 136871650776768 Not Found: /ci/.env
WARNING 2025-07-12 07:13:43,661 log 33578 136871533278912 Not Found: /client-app/.env
WARNING 2025-07-12 07:13:43,757 log 33578 136871650776768 Not Found: /client/mutual-fund-app/.env
WARNING 2025-07-12 07:13:43,877 log 33578 136871533278912 Not Found: /client/src/.env
WARNING 2025-07-12 07:13:43,972 log 33578 136871650776768 Not Found: /ClientApp/.env
WARNING 2025-07-12 07:13:47,853 log 33578 136871533278912 Not Found: /clld_dir/.env
WARNING 2025-07-12 07:13:48,153 log 33578 136871650776768 Not Found: /cloud/.env
WARNING 2025-07-12 07:13:48,246 log 33578 136871533278912 Not Found: /cmd/testdata/expected/dot_env/.env
WARNING 2025-07-12 07:13:48,344 log 33578 136871650776768 Not Found: /code/api/.env
WARNING 2025-07-12 07:13:48,438 log 33578 136871533278912 Not Found: /code/web/.env
WARNING 2025-07-12 07:13:48,541 log 33578 136871650776768 Not Found: /CodeGolf.Web/ClientApp/.env
WARNING 2025-07-12 07:13:48,634 log 33578 136871533278912 Not Found: /codenames-frontend/.env
WARNING 2025-07-12 07:13:48,730 log 33578 136871650776768 Not Found: /collab-connect-web-application/server/.env
WARNING 2025-07-12 07:13:48,838 log 33578 136871533278912 Not Found: /collected_static/.env
WARNING 2025-07-12 07:13:48,983 log 33578 136871650776768 Not Found: /community/.env
WARNING 2025-07-12 07:13:49,074 log 33578 136871533278912 Not Found: /compose/.env
WARNING 2025-07-12 07:13:49,177 log 33578 136871650776768 Not Found: /config.js
WARNING 2025-07-12 07:13:49,286 log 33578 136871533278912 Not Found: /config.yaml
WARNING 2025-07-12 07:13:49,381 log 33578 136871650776768 Not Found: /config/.env.dev
WARNING 2025-07-12 07:13:49,474 log 33578 136871533278912 Not Found: /config/.env.local
WARNING 2025-07-12 07:13:53,738 log 33578 136871650776768 Not Found: /config/.env.production
WARNING 2025-07-12 07:13:54,026 log 33578 136871533278912 Not Found: /config/aws.yml
WARNING 2025-07-12 07:13:54,119 log 33578 136871650776768 Not Found: /config/cache.php
WARNING 2025-07-12 07:13:54,225 log 33578 136871533278912 Not Found: /config/config.env
WARNING 2025-07-12 07:13:54,341 log 33578 136871650776768 Not Found: /config/config.yml
WARNING 2025-07-12 07:13:54,433 log 33578 136871533278912 Not Found: /config/default.json
WARNING 2025-07-12 07:13:54,528 log 33578 136871650776768 Not Found: /config/keys.yml
WARNING 2025-07-12 07:13:54,630 log 33578 136871533278912 Not Found: /config/production.json
WARNING 2025-07-12 07:13:54,724 log 33578 136871650776768 Not Found: /config/secrets.yml
WARNING 2025-07-12 07:13:54,817 log 33578 136871533278912 Not Found: /config/settings.py
WARNING 2025-07-12 07:13:59,375 log 33578 136871650776768 Not Found: /ContainerRegistry/.env
WARNING 2025-07-12 07:14:03,606 log 33578 136871533278912 Not Found: /containers/.env
WARNING 2025-07-12 07:14:07,883 log 33578 136871650776768 Not Found: /content/.env
WARNING 2025-07-12 07:14:08,162 log 33578 136871533278912 Not Found: /control/.env
WARNING 2025-07-12 07:14:08,256 log 33578 136871650776768 Not Found: /core/app/.env
WARNING 2025-07-12 07:14:08,369 log 33578 136871533278912 Not Found: /core/Datavase/.env
WARNING 2025-07-12 07:14:08,511 log 33578 136871650776768 Not Found: /core/persistence/.env
WARNING 2025-07-12 07:14:08,602 log 33578 136871533278912 Not Found: /core/src/main/resources/org/jobrunr/dashboard/frontend/.env
WARNING 2025-07-12 07:14:08,696 log 33578 136871650776768 Not Found: /counterblockd/.env
WARNING 2025-07-12 07:14:08,792 log 33578 136871533278912 Not Found: /counterwallet/.env
WARNING 2025-07-12 07:14:08,927 log 33578 136871650776768 Not Found: /cp/.env
WARNING 2025-07-12 07:14:09,023 log 33578 136871533278912 Not Found: /cronlab/.env
WARNING 2025-07-12 07:14:09,133 log 33578 136871650776768 Not Found: /cryo_project/.env
WARNING 2025-07-12 07:14:09,283 log 33578 136871533278912 Not Found: /css/.env
WARNING 2025-07-12 07:14:09,378 log 33578 136871650776768 Not Found: /custom/.env
WARNING 2025-07-12 07:14:13,425 log 33578 136871533278912 Not Found: /d/.env
WARNING 2025-07-12 07:14:17,782 log 33578 136871650776768 Not Found: /dashboard/i.php
WARNING 2025-07-12 07:14:18,074 log 33578 136871533278912 Not Found: /dashboard/info.php
WARNING 2025-07-12 07:14:18,167 log 33578 136871650776768 Not Found: /dashboard/phpinfo.php
WARNING 2025-07-12 07:14:18,259 log 33578 136871533278912 Not Found: /dashboard/test.php
WARNING 2025-07-12 07:14:18,356 log 33578 136871650776768 Not Found: /data/.env
WARNING 2025-07-12 07:14:18,497 log 33578 136871533278912 Not Found: /database/.env
WARNING 2025-07-12 07:14:18,594 log 33578 136871650776768 Not Found: /dataset1/.env
WARNING 2025-07-12 07:14:18,691 log 33578 136871533278912 Not Found: /dataset2/.env
WARNING 2025-07-12 07:14:18,792 log 33578 136871650776768 Not Found: /db-admin/
WARNING 2025-07-12 07:14:18,888 log 33578 136871533278912 Not Found: /db.php
WARNING 2025-07-12 07:14:18,982 log 33578 136871650776768 Not Found: /db.sql
WARNING 2025-07-12 07:14:23,437 log 33578 136871533278912 Not Found: /db_backup.sql
WARNING 2025-07-12 07:14:23,691 log 33578 136871650776768 Not Found: /debug
WARNING 2025-07-12 07:14:23,783 log 33578 136871533278912 Not Found: /debug.json
WARNING 2025-07-12 07:14:23,881 log 33578 136871650776768 Not Found: /debug.log
WARNING 2025-07-12 07:14:23,982 log 33578 136871533278912 Not Found: /debug.php
WARNING 2025-07-12 07:14:24,103 log 33578 136871650776768 Not Found: /debug/default/view
WARNING 2025-07-12 07:14:24,196 log 33578 136871533278912 Not Found: /debug/default/view.html
WARNING 2025-07-12 07:14:24,292 log 33578 136871650776768 Not Found: /debug/default/view
WARNING 2025-07-12 07:14:24,436 log 33578 136871533278912 Not Found: /default/.env
WARNING 2025-07-12 07:14:24,529 log 33578 136871650776768 Not Found: /delivery/.env
WARNING 2025-07-12 07:14:24,623 log 33578 136871533278912 Not Found: /demo-app/.env
WARNING 2025-07-12 07:14:24,777 log 33578 136871650776768 Not Found: /demo/.env
WARNING 2025-07-12 07:14:24,870 log 33578 136871533278912 Not Found: /dep.php
WARNING 2025-07-12 07:14:24,963 log 33578 136871650776768 Not Found: /deploy.php
WARNING 2025-07-12 07:14:29,318 log 33578 136871533278912 Not Found: /deploy/.env
WARNING 2025-07-12 07:14:29,622 log 33578 136871650776768 Not Found: /deployment-config.json
WARNING 2025-07-12 07:14:33,758 log 33578 136871533278912 Not Found: /dev-env/.env
WARNING 2025-07-12 07:14:34,041 log 33578 136871650776768 Not Found: /dev.php
WARNING 2025-07-12 07:14:34,135 log 33578 136871533278912 Not Found: /dev/.env.local
WARNING 2025-07-12 07:14:34,272 log 33578 136871650776768 Not Found: /dev_env/.env
WARNING 2025-07-12 07:14:34,368 log 33578 136871533278912 Not Found: /developer.php
WARNING 2025-07-12 07:14:38,416 log 33578 136871650776768 Not Found: /developer/.env
WARNING 2025-07-12 07:14:38,509 log 33578 136871533278912 Not Found: /developerslv/.env
WARNING 2025-07-12 07:14:38,650 log 33578 136871650776768 Not Found: /development/.env
WARNING 2025-07-12 07:14:38,759 log 33578 136871533278912 Not Found: /devs.php
WARNING 2025-07-12 07:14:38,854 log 33578 136871650776768 Not Found: /devtools
WARNING 2025-07-12 07:14:38,948 log 33578 136871533278912 Not Found: /directories/.env
WARNING 2025-07-12 07:14:39,109 log 33578 136871650776768 Not Found: /dist/.env
WARNING 2025-07-12 07:14:39,203 log 33578 136871533278912 Not Found: /dist/js/app.[hash].js
WARNING 2025-07-12 07:14:39,312 log 33578 136871650776768 Not Found: /django-blog/.env
WARNING 2025-07-12 07:14:39,418 log 33578 136871533278912 Not Found: /django/.env
WARNING 2025-07-12 07:14:39,510 log 33578 136871650776768 Not Found: /django_project_path/.env
WARNING 2025-07-12 07:14:39,603 log 33578 136871533278912 Not Found: /doc/.env
WARNING 2025-07-12 07:14:39,699 log 33578 136871650776768 Not Found: /docker-compose.yml
WARNING 2025-07-12 07:14:39,795 log 33578 136871533278912 Not Found: /docker-compose/.env
WARNING 2025-07-12 07:14:39,892 log 33578 136871650776768 Not Found: /docker-compose/platform/.env
WARNING 2025-07-12 07:14:39,985 log 33578 136871533278912 Not Found: /docker-elk/.env
WARNING 2025-07-12 07:14:44,438 log 33578 136871650776768 Not Found: /docker-network-healthcheck/.env
WARNING 2025-07-12 07:14:44,694 log 33578 136871533278912 Not Found: /docker-node-mongo-redis/.env
WARNING 2025-07-12 07:14:44,788 log 33578 136871650776768 Not Found: /docker/compose/withMongo/.env
WARNING 2025-07-12 07:14:44,884 log 33578 136871533278912 Not Found: /docker/compose/withPostgres/.env
WARNING 2025-07-12 07:14:45,015 log 33578 136871650776768 Not Found: /docker/database/.env
WARNING 2025-07-12 07:14:45,108 log 33578 136871533278912 Not Found: /docker/db/.env
WARNING 2025-07-12 07:14:45,201 log 33578 136871650776768 Not Found: /docker/dev/.env
WARNING 2025-07-12 07:14:49,129 log 33578 136871533278912 Not Found: /docker/examples/compose/.env
WARNING 2025-07-12 07:14:53,541 log 33578 136871650776768 Not Found: /docker/postgres/.env
WARNING 2025-07-12 07:14:53,793 log 33578 136871533278912 Not Found: /docker/webdav/.env
WARNING 2025-07-12 07:14:53,889 log 33578 136871650776768 Not Found: /docs/.env
WARNING 2025-07-12 07:14:53,983 log 33578 136871533278912 Not Found: /dodoswap-client/.env
WARNING 2025-07-12 07:14:57,959 log 33578 136871650776768 Not Found: /dotfiles/.env
WARNING 2025-07-12 07:14:58,225 log 33578 136871533278912 Not Found: /download/.env
WARNING 2025-07-12 07:14:58,317 log 33578 136871650776768 Not Found: /downloads/.env
WARNING 2025-07-12 07:14:58,408 log 33578 136871533278912 Not Found: /drupal/.env
WARNING 2025-07-12 07:14:58,501 log 33578 136871650776768 Not Found: /dump.sql
WARNING 2025-07-12 07:14:58,600 log 33578 136871533278912 Not Found: /e2e/.env
WARNING 2025-07-12 07:14:58,694 log 33578 136871650776768 Not Found: /en/.env
WARNING 2025-07-12 07:14:58,798 log 33578 136871533278912 Not Found: /engine/.env
WARNING 2025-07-12 07:14:58,918 log 33578 136871650776768 Not Found: /env.example
WARNING 2025-07-12 07:14:59,013 log 33578 136871533278912 Not Found: /env.save
WARNING 2025-07-12 07:14:59,106 log 33578 136871650776768 Not Found: /env.template
WARNING 2025-07-12 07:15:03,154 log 33578 136871533278912 Not Found: /env/dockers/mariadb-test/.env
WARNING 2025-07-12 07:15:07,009 log 33578 136871650776768 Unauthorized: /api/projects/
WARNING 2025-07-12 07:15:07,356 log 33578 136871533278912 Not Found: /env/dockers/php-apache/.env
WARNING 2025-07-12 07:15:07,649 log 33578 136871650776768 Not Found: /env/example/.env
WARNING 2025-07-12 07:15:07,742 log 33578 136871533278912 Not Found: /env/template/.env
WARNING 2025-07-12 07:15:07,839 log 33578 136871650776768 Not Found: /environments/local/.env
WARNING 2025-07-12 07:15:07,937 log 33578 136871650776768 Not Found: /environments/production/.env
WARNING 2025-07-12 07:15:08,061 log 33578 136871533278912 Not Found: /envs/.env
WARNING 2025-07-12 07:15:08,158 log 33578 136871650776768 Not Found: /error.log
WARNING 2025-07-12 07:15:08,792 log 33578 136871533278912 Unauthorized: /api/projects/
WARNING 2025-07-12 07:15:10,694 log 33578 136871533278912 Unauthorized: /api/projects/
WARNING 2025-07-12 07:15:12,193 log 33578 136871650776768 Not Found: /error/.env
WARNING 2025-07-12 07:15:12,453 log 33578 136871533278912 Not Found: /errors/.env
WARNING 2025-07-12 07:15:12,546 log 33578 136871650776768 Not Found: /example/.env
WARNING 2025-07-12 07:15:12,661 log 33578 136871533278912 Not Found: /example02-golang-package/import-underscore/.env
WARNING 2025-07-12 07:15:12,768 log 33578 136871650776768 Not Found: /example27-how-to-load-env/sample01/.env
WARNING 2025-07-12 07:15:12,862 log 33578 136871533278912 Not Found: /example27-how-to-load-env/sample02/.env
WARNING 2025-07-12 07:15:12,958 log 33578 136871650776768 Not Found: /examples/.env
WARNING 2025-07-12 07:15:13,068 log 33578 136871533278912 Not Found: /examples/01-simple-model/.env
WARNING 2025-07-12 07:15:13,162 log 33578 136871650776768 Not Found: /examples/02-complex-example/.env
WARNING 2025-07-12 07:15:13,256 log 33578 136871533278912 Not Found: /examples/03-one-to-many-relationship/.env
WARNING 2025-07-12 07:15:13,348 log 33578 136871650776768 Not Found: /examples/04-many-to-many-relationship/.env
WARNING 2025-07-12 07:15:17,794 log 33578 136871533278912 Not Found: /examples/05-migrations/.env
WARNING 2025-07-12 07:15:18,080 log 33578 136871650776768 Not Found: /examples/06-base-service/.env
WARNING 2025-07-12 07:15:18,172 log 33578 136871533278912 Not Found: /examples/07-feature-flags/.env
WARNING 2025-07-12 07:15:18,269 log 33578 136871650776768 Not Found: /examples/08-performance/.env
WARNING 2025-07-12 07:15:18,372 log 33578 136871533278912 Not Found: /examples/09-production/.env
WARNING 2025-07-12 07:15:18,486 log 33578 136871650776768 Not Found: /examples/10-subscriptions/.env
WARNING 2025-07-12 07:15:18,580 log 33578 136871533278912 Not Found: /examples/11-transactions/.env
WARNING 2025-07-12 07:15:18,686 log 33578 136871650776768 Not Found: /examples/drupal-separate-services/.env
WARNING 2025-07-12 07:15:18,785 log 33578 136871533278912 Not Found: /examples/react-dashboard/backend/.env
WARNING 2025-07-12 07:15:18,879 log 33578 136871650776768 Not Found: /examples/sdl-first/.env
WARNING 2025-07-12 07:15:18,976 log 33578 136871533278912 Not Found: /examples/sdl-first/prisma/.env
WARNING 2025-07-12 07:15:19,078 log 33578 136871650776768 Not Found: /examples/vue-dashboard/backend/.env
WARNING 2025-07-12 07:15:22,955 log 33578 136871533278912 Not Found: /examples/web/.env
WARNING 2025-07-12 07:15:23,213 log 33578 136871650776768 Not Found: /examples/with-cookie-auth-fauna/.env
WARNING 2025-07-12 07:15:23,307 log 33578 136871533278912 Not Found: /examples/with-dotenv/.env
WARNING 2025-07-12 07:15:23,402 log 33578 136871650776768 Not Found: /examples/with-firebase-authentication-serverless/.env
WARNING 2025-07-12 07:15:23,505 log 33578 136871533278912 Not Found: /examples/with-react-relay-network-modern/.env
WARNING 2025-07-12 07:15:23,599 log 33578 136871650776768 Not Found: /examples/with-relay-modern/.env
WARNING 2025-07-12 07:15:23,692 log 33578 136871533278912 Not Found: /examples/with-universal-configuration-build-time/.env
WARNING 2025-07-12 07:15:27,789 log 33578 136871650776768 Not Found: /exapi/.env
WARNING 2025-07-12 07:15:31,816 log 33578 136871533278912 Not Found: /Exercise.Frontend/.env
WARNING 2025-07-12 07:15:32,068 log 33578 136871650776768 Not Found: /Exercise.Frontend/train/.env
WARNING 2025-07-12 07:15:32,163 log 33578 136871533278912 Not Found: /export/.env
WARNING 2025-07-12 07:15:32,311 log 33578 136871650776768 Not Found: /fastlane/.env
WARNING 2025-07-12 07:15:32,404 log 33578 136871533278912 Not Found: /favicons/.env
WARNING 2025-07-12 07:15:32,497 log 33578 136871650776768 Not Found: /favs/.env
WARNING 2025-07-12 07:15:32,594 log 33578 136871533278912 Not Found: /FE/huey/.env
WARNING 2025-07-12 07:15:32,709 log 33578 136871650776768 Not Found: /fedex/.env
WARNING 2025-07-12 07:15:32,801 log 33578 136871533278912 Not Found: /fhir-api/.env
WARNING 2025-07-12 07:15:32,905 log 33578 136871650776768 Not Found: /files/.env
WARNING 2025-07-12 07:15:33,039 log 33578 136871533278912 Not Found: /fileserver/.env
WARNING 2025-07-12 07:15:33,131 log 33578 136871650776768 Not Found: /films/.env
WARNING 2025-07-12 07:15:33,224 log 33578 136871533278912 Not Found: /Final_Project/Airflow_Dag/.env
WARNING 2025-07-12 07:15:38,028 log 33578 136871650776768 Not Found: /Final_Project/kafka_twitter/.env
WARNING 2025-07-12 07:15:42,380 log 33578 136871533278912 Not Found: /Final_Project/StartingFile/.env
WARNING 2025-07-12 07:15:42,641 log 33578 136871650776768 Not Found: /finalVersion/lcomernbootcamp/projbackend/.env
WARNING 2025-07-12 07:15:42,736 log 33578 136871533278912 Not Found: /firebase.json
WARNING 2025-07-12 07:15:42,830 log 33578 136871650776768 Not Found: /first-network/.env
WARNING 2025-07-12 07:15:50,458 log 33578 136871533278912 Not Found: /fisdom/fisdom/.env
WARNING 2025-07-12 07:15:50,835 log 33578 136871650776768 Not Found: /fixtures/blocks/.env
WARNING 2025-07-12 07:15:51,048 log 33578 136871533278912 Not Found: /fixtures/fiber-debugger/.env
WARNING 2025-07-12 07:15:51,180 log 33578 136871650776768 Not Found: /fixtures/flight/.env
WARNING 2025-07-12 07:15:51,318 log 33578 136871533278912 Not Found: /fixtures/kitchensink/.env
WARNING 2025-07-12 07:15:51,452 log 33578 136871650776768 Not Found: /flask/.env
WARNING 2025-07-12 07:15:55,264 log 33578 136871533278912 Not Found: /flask_test_uploads/.env
WARNING 2025-07-12 07:15:55,407 log 33578 136871650776768 Not Found: /fm/.env
WARNING 2025-07-12 07:15:55,546 log 33578 136871533278912 Not Found: /font-icons/.env
WARNING 2025-07-12 07:15:55,692 log 33578 136871650776768 Not Found: /fonts/.env
WARNING 2025-07-12 07:15:55,880 log 33578 136871533278912 Not Found: /framework/.env
WARNING 2025-07-12 07:15:56,021 log 33578 136871650776768 Not Found: /front-app/.env
WARNING 2025-07-12 07:15:56,163 log 33578 136871533278912 Not Found: /front-empathy/.env
WARNING 2025-07-12 07:15:56,298 log 33578 136871650776768 Not Found: /front-end/.env
WARNING 2025-07-12 07:15:56,435 log 33578 136871533278912 Not Found: /front/.env
WARNING 2025-07-12 07:15:56,586 log 33578 136871650776768 Not Found: /front/src/.env
WARNING 2025-07-12 07:15:56,721 log 33578 136871533278912 Not Found: /frontend/momentum-fe/.env
WARNING 2025-07-12 07:15:56,860 log 33578 136871650776768 Not Found: /frontend/react/.env
WARNING 2025-07-12 07:15:56,995 log 33578 136871533278912 Not Found: /frontend/vue/.env
WARNING 2025-07-12 07:15:57,152 log 33578 136871650776768 Not Found: /frontend/web/debug/default/view
WARNING 2025-07-12 07:15:57,288 log 33578 136871533278912 Not Found: /frontendfinaltest/.env
WARNING 2025-07-12 07:15:57,422 log 33578 136871650776768 Not Found: /ftp/.env
WARNING 2025-07-12 07:15:57,564 log 33578 136871533278912 Not Found: /ftpmaster/.env
WARNING 2025-07-12 07:15:57,700 log 33578 136871650776768 Not Found: /functions/.env
WARNING 2025-07-12 07:15:57,835 log 33578 136871533278912 Not Found: /gcloud.json
WARNING 2025-07-12 07:15:57,988 log 33578 136871650776768 Not Found: /gcp/.env
WARNING 2025-07-12 07:15:58,125 log 33578 136871533278912 Not Found: /gists/cache
WARNING 2025-07-12 07:16:01,987 log 33578 136871650776768 Not Found: /gists/laravel
WARNING 2025-07-12 07:16:02,400 log 33578 136871533278912 Not Found: /gists/pusher
WARNING 2025-07-12 07:16:02,659 log 33578 136871650776768 Not Found: /github-connect/.env
WARNING 2025-07-12 07:16:02,798 log 33578 136871533278912 Not Found: /google/.env
WARNING 2025-07-12 07:16:02,940 log 33578 136871650776768 Not Found: /graphiql/
WARNING 2025-07-12 07:16:03,074 log 33578 136871533278912 Not Found: /graphql/
WARNING 2025-07-12 07:16:03,304 log 33578 136871650776768 Not Found: /grems-api/.env
WARNING 2025-07-12 07:16:03,443 log 33578 136871533278912 Not Found: /grems-frontend/.env
WARNING 2025-07-12 07:16:03,624 log 33578 136871650776768 Not Found: /Hash/.env
WARNING 2025-07-12 07:16:03,759 log 33578 136871533278912 Not Found: /hasura/.env
WARNING 2025-07-12 07:16:03,947 log 33578 136871650776768 Not Found: /hc/restricted
WARNING 2025-07-12 07:16:04,081 log 33578 136871533278912 Not Found: /Helmetjs/.env
WARNING 2025-07-12 07:16:04,230 log 33578 136871650776768 Not Found: /hgs-static/.env
WARNING 2025-07-12 07:16:04,364 log 33578 136871533278912 Not Found: /higlass-website/.env
WARNING 2025-07-12 07:16:04,515 log 33578 136871650776768 Not Found: /home/.env
WARNING 2025-07-12 07:16:04,652 log 33578 136871533278912 Not Found: /horde/.env
WARNING 2025-07-12 07:16:04,790 log 33578 136871650776768 Not Found: /hotpot-app-frontend/.env
WARNING 2025-07-12 07:16:04,922 log 33578 136871533278912 Not Found: /htdocs/.env
WARNING 2025-07-12 07:16:05,056 log 33578 136871650776768 Not Found: /html/.env
WARNING 2025-07-12 07:16:05,221 log 33578 136871533278912 Not Found: /http/.env
WARNING 2025-07-12 07:16:05,356 log 33578 136871650776768 Not Found: /httpboot/.env
WARNING 2025-07-12 07:16:09,485 log 33578 136871533278912 Not Found: /httpdocs/.env
WARNING 2025-07-12 07:16:09,933 log 33578 136871650776768 Not Found: /HUNIV_migration/.env
WARNING 2025-07-12 07:16:10,084 log 33578 136871533278912 Not Found: /i.php
WARNING 2025-07-12 07:16:10,222 log 33578 136871650776768 Not Found: /icon/.env
WARNING 2025-07-12 07:16:10,482 log 33578 136871533278912 Not Found: /ikiwiki/.env
WARNING 2025-07-12 07:16:10,617 log 33578 136871650776768 Not Found: /image_data/.env
WARNING 2025-07-12 07:16:10,782 log 33578 136871533278912 Not Found: /Imagebord/.env
WARNING 2025-07-12 07:16:10,917 log 33578 136871650776768 Not Found: /images/.env
WARNING 2025-07-12 07:16:15,422 log 33578 136871533278912 Not Found: /img/.env
WARNING 2025-07-12 07:16:15,801 log 33578 136871650776768 Not Found: /in.php
WARNING 2025-07-12 07:16:20,137 log 33578 136871533278912 Not Found: /inc.config.php
WARNING 2025-07-12 07:16:20,519 log 33578 136871650776768 Not Found: /includes/.env
WARNING 2025-07-12 07:16:20,652 log 33578 136871533278912 Not Found: /includes/config.php
WARNING 2025-07-12 07:16:20,798 log 33578 136871650776768 Not Found: /index.php
WARNING 2025-07-12 07:16:20,932 log 33578 136871533278912 Not Found: /index.php~
WARNING 2025-07-12 07:16:21,090 log 33578 136871650776768 Not Found: /index1.php
WARNING 2025-07-12 07:16:21,224 log 33578 136871533278912 Not Found: /inf.php
WARNING 2025-07-12 07:16:21,360 log 33578 136871650776768 Not Found: /info1.php
WARNING 2025-07-12 07:16:21,506 log 33578 136871533278912 Not Found: /info2.php
WARNING 2025-07-12 07:16:21,642 log 33578 136871650776768 Not Found: /info3.php
WARNING 2025-07-12 07:16:25,800 log 33578 136871533278912 Not Found: /info4.php
WARNING 2025-07-12 07:16:26,217 log 33578 136871650776768 Not Found: /infophp.php
WARNING 2025-07-12 07:16:26,365 log 33578 136871533278912 Not Found: /infos.php
WARNING 2025-07-12 07:16:26,502 log 33578 136871650776768 Not Found: /ini.php
WARNING 2025-07-12 07:16:26,646 log 33578 136871533278912 Not Found: /install/.env
WARNING 2025-07-12 07:16:26,781 log 33578 136871650776768 Not Found: /InstantCV/server/.env
WARNING 2025-07-12 07:16:31,039 log 33578 136871533278912 Not Found: /internal-api/
WARNING 2025-07-12 07:16:34,891 log 33578 136871650776768 Not Found: /internal/
WARNING 2025-07-12 07:16:35,268 log 33578 136871533278912 Not Found: /internal/config
WARNING 2025-07-12 07:16:35,404 log 33578 136871650776768 Not Found: /isadmin.php
WARNING 2025-07-12 07:16:35,540 log 33578 136871533278912 Not Found: /items/.env
WARNING 2025-07-12 07:16:35,819 log 33578 136871650776768 Not Found: /jenkins/.env
WARNING 2025-07-12 07:16:35,954 log 33578 136871533278912 Not Found: /jo.php
WARNING 2025-07-12 07:16:36,095 log 33578 136871650776768 Not Found: /joomla/.env
WARNING 2025-07-12 07:16:36,229 log 33578 136871533278912 Not Found: /js-plugin/.env
WARNING 2025-07-12 07:16:36,366 log 33578 136871650776768 Not Found: /js/app.[hash].js
WARNING 2025-07-12 07:16:36,502 log 33578 136871533278912 Not Found: /js/app.bundle.min.js
WARNING 2025-07-12 07:16:36,638 log 33578 136871650776768 Not Found: /js/chunk-79be581b.c4b0f5e4.js
WARNING 2025-07-12 07:16:36,790 log 33578 136871533278912 Not Found: /js/chunk-vendors.[hash].js
WARNING 2025-07-12 07:16:36,926 log 33578 136871650776768 Not Found: /js/chunks/[chunk-name].[hash].js
WARNING 2025-07-12 07:16:37,067 log 33578 136871533278912 Not Found: /js/contact_me.js
WARNING 2025-07-12 07:16:37,213 log 33578 136871650776768 Not Found: /js/vendor.[hash].js
WARNING 2025-07-12 07:16:37,348 log 33578 136871533278912 Not Found: /jsrelay/.env
WARNING 2025-07-12 07:16:37,484 log 33578 136871650776768 Not Found: /jupyter/.env
WARNING 2025-07-12 07:16:37,634 log 33578 136871533278912 Not Found: /khanlinks/.env
WARNING 2025-07-12 07:16:37,771 log 33578 136871650776768 Not Found: /kibana/.env
WARNING 2025-07-12 07:16:37,916 log 33578 136871533278912 Not Found: /kodenames-server/.env
WARNING 2025-07-12 07:16:38,050 log 33578 136871650776768 Not Found: /kolab-syncroton/.env
WARNING 2025-07-12 07:16:38,187 log 33578 136871533278912 Not Found: /Kubernetes/.env
WARNING 2025-07-12 07:16:38,330 log 33578 136871650776768 Not Found: /kubernetes/.env
WARNING 2025-07-12 07:16:38,466 log 33578 136871533278912 Not Found: /l.php
WARNING 2025-07-12 07:16:38,873 log 33578 136871650776768 Not Found: /lambda/.env
WARNING 2025-07-12 07:16:39,251 log 33578 136871533278912 Not Found: /latest/.env
WARNING 2025-07-12 07:16:39,401 log 33578 136871650776768 Not Found: /layout/.env
WARNING 2025-07-12 07:16:39,538 log 33578 136871533278912 Not Found: /lcomernbootcamp/projbackend/.env
WARNING 2025-07-12 07:16:43,644 log 33578 136871650776768 Not Found: /leafer-app/.env
WARNING 2025-07-12 07:16:44,017 log 33578 136871533278912 Not Found: /ledger_sync/.env
WARNING 2025-07-12 07:16:44,152 log 33578 136871650776768 Not Found: /legacy/tests/9.1.1
WARNING 2025-07-12 07:16:44,294 log 33578 136871533278912 Not Found: /legacy/tests/9.2.0
WARNING 2025-07-12 07:16:44,429 log 33578 136871650776768 Not Found: /legal/.env
WARNING 2025-07-12 07:16:48,829 log 33578 136871533278912 Not Found: /lemonldap-ng-doc/.env
WARNING 2025-07-12 07:16:49,206 log 33578 136871650776768 Not Found: /lemonldap-ng-fr-doc/.env
WARNING 2025-07-12 07:16:49,364 log 33578 136871533278912 Not Found: /letsencrypt/.env
WARNING 2025-07-12 07:16:49,548 log 33578 136871650776768 Not Found: /lib/.env
WARNING 2025-07-12 07:16:49,683 log 33578 136871533278912 Not Found: /lib/config.js
WARNING 2025-07-12 07:16:49,861 log 33578 136871650776768 Not Found: /libraries/.env
WARNING 2025-07-12 07:16:49,996 log 33578 136871533278912 Not Found: /Library/.env
WARNING 2025-07-12 07:16:53,945 log 33578 136871650776768 Not Found: /libs/.env
WARNING 2025-07-12 07:16:54,335 log 33578 136871533278912 Not Found: /lindex.php
WARNING 2025-07-12 07:16:54,472 log 33578 136871650776768 Not Found: /linusadmin-phpinfo.php
WARNING 2025-07-12 07:16:54,610 log 33578 136871533278912 Not Found: /linux/.env
WARNING 2025-07-12 07:16:54,744 log 33578 136871650776768 Not Found: /local.settings.json
WARNING 2025-07-12 07:16:54,883 log 33578 136871533278912 Not Found: /localhost/.env
WARNING 2025-07-12 07:16:55,019 log 33578 136871650776768 Not Found: /locally/.env
WARNING 2025-07-12 07:16:55,155 log 33578 136871533278912 Not Found: /log.txt
WARNING 2025-07-12 07:16:55,296 log 33578 136871650776768 Not Found: /log/.env
WARNING 2025-07-12 07:16:55,431 log 33578 136871533278912 Not Found: /log/development.log
WARNING 2025-07-12 07:16:59,910 log 33578 136871650776768 Not Found: /logging/.env
WARNING 2025-07-12 07:17:03,935 log 33578 136871533278912 Not Found: /login/
WARNING 2025-07-12 07:17:04,313 log 33578 136871650776768 Not Found: /login/.env
WARNING 2025-07-12 07:17:08,312 log 33578 136871533278912 Not Found: /logs/
WARNING 2025-07-12 07:17:08,695 log 33578 136871650776768 Not Found: /logs/.env
WARNING 2025-07-12 07:17:08,831 log 33578 136871533278912 Not Found: /logs/access.log
WARNING 2025-07-12 07:17:08,972 log 33578 136871650776768 Not Found: /logs/app.log
WARNING 2025-07-12 07:17:09,171 log 33578 136871533278912 Not Found: /logs/error.log
WARNING 2025-07-12 07:17:09,307 log 33578 136871650776768 Not Found: /magento/.env
WARNING 2025-07-12 07:17:09,452 log 33578 136871533278912 Not Found: /mailinabox/.env
WARNING 2025-07-12 07:17:09,587 log 33578 136871650776768 Not Found: /mailman/.env
WARNING 2025-07-12 07:17:09,738 log 33578 136871533278912 Not Found: /main-es2015.3c3aa123423ff18c0b00.js
WARNING 2025-07-12 07:17:09,875 log 33578 136871650776768 Not Found: /main-es2018.96dcf91e05121e327dcb.js
WARNING 2025-07-12 07:17:10,020 log 33578 136871533278912 Not Found: /main-TDTOTK7F.js
WARNING 2025-07-12 07:17:10,165 log 33578 136871650776768 Not Found: /main-WTCAS2AO.js
WARNING 2025-07-12 07:17:10,302 log 33578 136871533278912 Not Found: /main.0ad61943313a734cc3ac.js
WARNING 2025-07-12 07:17:10,482 log 33578 136871650776768 Not Found: /main.2b8841d1a101dd041285.js
WARNING 2025-07-12 07:17:10,617 log 33578 136871533278912 Not Found: /main.35a08c25eb91de70487f.js
WARNING 2025-07-12 07:17:10,761 log 33578 136871650776768 Not Found: /main.457ddfd2b1341056.js
WARNING 2025-07-12 07:17:10,933 log 33578 136871533278912 Not Found: /main.48f1bbcf6201c5ea.js
WARNING 2025-07-12 07:17:11,079 log 33578 136871650776768 Not Found: /main.58a95e8d8659972f.js
WARNING 2025-07-12 07:17:11,214 log 33578 136871533278912 Not Found: /main.702787bb88cacd05b11d.js
WARNING 2025-07-12 07:17:11,352 log 33578 136871650776768 Not Found: /main.b610bd7c7b9b7a47.js
WARNING 2025-07-12 07:17:11,500 log 33578 136871533278912 Not Found: /main.js
WARNING 2025-07-12 07:17:11,635 log 33578 136871650776768 Not Found: /main.php
WARNING 2025-07-12 07:17:11,794 log 33578 136871533278912 Not Found: /main.yml
WARNING 2025-07-12 07:17:11,928 log 33578 136871650776768 Not Found: /main_user/.env
WARNING 2025-07-12 07:17:15,734 log 33578 136871533278912 Not Found: /Makefile
WARNING 2025-07-12 07:17:16,143 log 33578 136871650776768 Not Found: /manifest.json
WARNING 2025-07-12 07:17:16,298 log 33578 136871533278912 Not Found: /manual/.env
WARNING 2025-07-12 07:17:16,432 log 33578 136871650776768 Not Found: /master/.env
WARNING 2025-07-12 07:17:16,700 log 33578 136871533278912 Not Found: /memcached/.env
WARNING 2025-07-12 07:17:16,836 log 33578 136871650776768 Not Found: /mentorg-lava-docker/.env
WARNING 2025-07-12 07:17:16,990 log 33578 136871533278912 Not Found: /micro-app-react-communication/.env
WARNING 2025-07-12 07:17:17,124 log 33578 136871650776768 Not Found: /micro-app-react/.env
WARNING 2025-07-12 07:17:17,261 log 33578 136871533278912 Not Found: /mindsweeper/gui/.env
WARNING 2025-07-12 07:17:17,430 log 33578 136871650776768 Not Found: /minified/.env
WARNING 2025-07-12 07:17:17,569 log 33578 136871533278912 Not Found: /misc/.env
WARNING 2025-07-12 07:17:17,734 log 33578 136871650776768 Not Found: /Modix/ClientApp/.env
WARNING 2025-07-12 07:17:17,869 log 33578 136871533278912 Not Found: /monerod/.env
WARNING 2025-07-12 07:17:18,005 log 33578 136871650776768 Not Found: /mongodb/config/dev/.env
WARNING 2025-07-12 07:17:18,139 log 33578 136871533278912 Not Found: /monitoring/compose/.env
WARNING 2025-07-12 07:17:18,288 log 33578 136871650776768 Not Found: /moodledata/.env
WARNING 2025-07-12 07:17:18,434 log 33578 136871533278912 Not Found: /msks/.env
WARNING 2025-07-12 07:17:18,570 log 33578 136871650776768 Not Found: /munki_repo/.env
WARNING 2025-07-12 07:17:18,796 log 33578 136871533278912 Not Found: /music/.env
WARNING 2025-07-12 07:17:18,932 log 33578 136871650776768 Not Found: /MyRentals.Web/ClientApp/.env
WARNING 2025-07-12 07:17:19,116 log 33578 136871533278912 Not Found: /mysql/
WARNING 2025-07-12 07:17:19,250 log 33578 136871650776768 Not Found: /name/.env
WARNING 2025-07-12 07:17:19,390 log 33578 136871533278912 Not Found: /nest/.env
WARNING 2025-07-12 07:17:19,525 log 33578 136871650776768 Not Found: /netlify.toml
WARNING 2025-07-12 07:17:23,478 log 33578 136871533278912 Not Found: /new-js/.env
WARNING 2025-07-12 07:17:23,868 log 33578 136871650776768 Not Found: /new.php
WARNING 2025-07-12 07:17:24,014 log 33578 136871533278912 Not Found: /news-app/.env
WARNING 2025-07-12 07:17:24,192 log 33578 136871650776768 Not Found: /next/.env
WARNING 2025-07-12 07:17:24,327 log 33578 136871533278912 Not Found: /nginx-server/.env
WARNING 2025-07-12 07:17:24,465 log 33578 136871650776768 Not Found: /niffler-frontend/.env
WARNING 2025-07-12 07:17:24,600 log 33578 136871533278912 Not Found: /node_modules/.env
WARNING 2025-07-12 07:17:24,736 log 33578 136871650776768 Not Found: /Nodejs-Projects/play-ground/login/.env
WARNING 2025-07-12 07:17:24,892 log 33578 136871533278912 Not Found: /Nodejs-Projects/play-ground/ManageUserRoles/.env
WARNING 2025-07-12 07:17:25,027 log 33578 136871650776768 Not Found: /noVNC/.env
WARNING 2025-07-12 07:17:25,164 log 33578 136871533278912 Not Found: /now.json
WARNING 2025-07-12 07:17:25,311 log 33578 136871650776768 Not Found: /Nuke.App.Ui/.env
WARNING 2025-07-12 07:17:25,447 log 33578 136871533278912 Not Found: /nuxt/.env
WARNING 2025-07-12 07:17:29,855 log 33578 136871650776768 Not Found: /o.php
WARNING 2025-07-12 07:17:30,237 log 33578 136871533278912 Not Found: /ocp.php
WARNING 2025-07-12 07:17:30,384 log 33578 136871650776768 Not Found: /of.php
WARNING 2025-07-12 07:17:30,518 log 33578 136871533278912 Not Found: /old/
WARNING 2025-07-12 07:17:34,555 log 33578 136871650776768 Not Found: /old/.env
WARNING 2025-07-12 07:17:34,935 log 33578 136871533278912 Not Found: /old_phpinfo.php
WARNING 2025-07-12 07:17:39,312 log 33578 136871650776768 Not Found: /old_site/
WARNING 2025-07-12 07:17:39,690 log 33578 136871533278912 Not Found: /oldsanta/.env
WARNING 2025-07-12 07:17:39,847 log 33578 136871650776768 Not Found: /opencart/.env
WARNING 2025-07-12 07:17:39,989 log 33578 136871533278912 Not Found: /ops/vagrant/.env
WARNING 2025-07-12 07:17:48,073 log 33578 136871650776768 Not Found: /orientdb-client/.env
WARNING 2025-07-12 07:17:48,357 log 33578 136871533278912 Not Found: /outputs/.env
WARNING 2025-07-12 07:17:48,455 log 33578 136871650776768 Not Found: /owncloud/.env
WARNING 2025-07-12 07:17:48,556 log 33578 136871533278912 Not Found: /p.php
WARNING 2025-07-12 07:17:48,662 log 33578 136871650776768 Not Found: /package-lock.json
WARNING 2025-07-12 07:17:48,760 log 33578 136871533278912 Not Found: /package/dynamic_js/048fa3053c370aea887f517323b190398c2fe523327c29711d24c2fe4c29fabc/thee-autoblogger/live/404/xnull/xfalse/xfalse/en_us/xfalse/xfalse/dynamic.js
WARNING 2025-07-12 07:17:48,872 log 33578 136871650776768 Not Found: /package/dynamic_js/052355b33aa284cc76967061007eac6fefae9d406040fa0cba0cae3b11173189/thee-autoblogger/live/404/xnull/xfalse/xfalse/en_us/xfalse/xfalse/dynamic.js
WARNING 2025-07-12 07:17:48,974 log 33578 136871533278912 Not Found: /package/dynamic_js/11530e64f1040d92633c20c26d4c19fe92c2d9a22fffc9631b6101840a55a101/niche-links/live/404/xnull/xfalse/xfalse/en_us/xfalse/xfalse/dynamic.js
WARNING 2025-07-12 07:17:49,094 log 33578 136871650776768 Not Found: /package/dynamic_js/185fc49e7cbfb81d04d4e36e96846104f364cc4dcf202d9da8ef4f93547a646d/interpali/live/404/xnull/xfalse/xfalse/de_de/xfalse/xfalse/dynamic.js
WARNING 2025-07-12 07:17:49,194 log 33578 136871533278912 Not Found: /package/dynamic_js/2a3f09a40c9d3d29b51271b66fac894cdd514948311a82e82a458b43b4f8ff9b/applypass/live/404/xnull/xfalse/xfalse/en_us/xfalse/xfalse/dynamic.js
WARNING 2025-07-12 07:17:49,301 log 33578 136871650776768 Not Found: /package/dynamic_js/2b53c5ae6721d896f729102fbb2fb0f35196a11f5124ad2b509705367f9be49c/jwmlog2/live/404/xnull/xfalse/xfalse/pt_br/xfalse/xfalse/dynamic.js
WARNING 2025-07-12 07:17:49,407 log 33578 136871533278912 Not Found: /package/dynamic_js/36b55042526fc51c735e1ac51f845e93c8d813af2fb6ad5c92d6fbcb2a03b0c4/meu-ingresso-2023/live/404/xnull/xfalse/xfalse/pt_br/xfalse/xfalse/dynamic.js
WARNING 2025-07-12 07:17:49,506 log 33578 136871650776768 Not Found: /package/dynamic_js/48c889d4f074be3c11d2a9aa14999e5c81e431800b5d4350cfc8b530999f8f57/isystempro2/live/404/xnull/xfalse/xfalse/pt_br/xfalse/xfalse/dynamic.js
WARNING 2025-07-12 07:17:49,604 log 33578 136871533278912 Not Found: /package/dynamic_js/744aa7a9e0404e5ec9c1b3f4d4c2f063351d79e547f96be7c67518970f0bb51c/applypass/live/404/xnull/xfalse/xfalse/en_us/xfalse/xfalse/dynamic.js
WARNING 2025-07-12 07:17:53,981 log 33578 136871650776768 Not Found: /package/dynamic_js/784245312a05d33ae694c74388342d13cd25c74fdb72c84a0b8f0c20fb1b9baf/thee-autoblogger/live/404/xnull/xfalse/xfalse/en_us/xfalse/xfalse/dynamic.js
WARNING 2025-07-12 07:17:54,259 log 33578 136871533278912 Not Found: /package/dynamic_js/7c2dd93aed15103586508689b0926f22cb22615eaa7027d6a140541577df9c26/ademypro/live/404/xnull/xfalse/xfalse/en_us/xfalse/xfalse/dynamic.js
WARNING 2025-07-12 07:17:54,365 log 33578 136871650776768 Not Found: /package/dynamic_js/81361875dcdb133893cbb29f77487781bd31d666647c61421b96dfa6e873787f/unicesumaradmissaodigital/live/404/xnull/xfalse/xfalse/pt_br/xfalse/xfalse/dynamic.js
WARNING 2025-07-12 07:17:54,483 log 33578 136871533278912 Not Found: /package/dynamic_js/8a82f8172ed0fda7dbe314b70738018ff4693e866d72fbffe6fbb2f476d1bba5/thee-autoblogger/live/404/xnull/xfalse/xfalse/en_us/xfalse/xfalse/dynamic.js
WARNING 2025-07-12 07:17:54,594 log 33578 136871650776768 Not Found: /package/dynamic_js/90a4f2e10656f9e1c80c0c66836218eead17a96e4dc8d49fb049fd00b90721ac/isystempro2/live/404/xnull/xfalse/xfalse/pt_br/xfalse/xfalse/dynamic.js
WARNING 2025-07-12 07:17:54,695 log 33578 136871533278912 Not Found: /package/dynamic_js/91bffd6b1bd42ff8acc67240c7a8b382e6c9639de98968c71d922e9248601390/crewlab-coachingtools/live/404/xnull/xfalse/xfalse/en_us/xfalse/xfalse/dynamic.js
WARNING 2025-07-12 07:17:54,796 log 33578 136871650776768 Not Found: /package/dynamic_js/a8d0dbecfae07a8db959506db9dc23249690674e7d34c9ff8fd0ada5a3c9ee54/meu-ingresso-2023/live/404/xnull/xfalse/xfalse/pt_br/xfalse/xfalse/dynamic.js
WARNING 2025-07-12 07:17:54,898 log 33578 136871533278912 Not Found: /package/dynamic_js/af58896ce0256c58237b9bb2007f484e1439d89eeeda8499ab2488b301c046b3/petgenius/live/404/xnull/xfalse/xfalse/en_us/xfalse/xfalse/dynamic.js
WARNING 2025-07-12 07:17:55,032 log 33578 136871650776768 Not Found: /package/dynamic_js/cf757dcb0590456003b71427e18f8d45aa0fbb53a193e37cb6beccf0db6c843e/xxpressio/live/404/xnull/xfalse/xfalse/en_us/xfalse/xfalse/dynamic.js
WARNING 2025-07-12 07:17:55,129 log 33578 136871533278912 Not Found: /package/dynamic_js/e313c55db568951985459b8dc72a601bb19d68a4d9e27bb8bec8988c6534528e/unicesumaradmissaodigital/live/404/xnull/xfalse/xfalse/pt_br/xfalse/xfalse/dynamic.js
WARNING 2025-07-12 07:17:55,235 log 33578 136871650776768 Not Found: /package/dynamic_js/e5b1aee992cb23b01a4716f2ca28034d950c65a9e9d5e136bbede53863b86857/nextadelivery/live/404/xnull/xfalse/xfalse/en_us/xfalse/xfalse/dynamic.js
WARNING 2025-07-12 07:17:55,353 log 33578 136871533278912 Not Found: /package/dynamic_js/e929402614901c2ef599d15bc501af6dfbba1f5d843a7a80a273082588eeea94/sobreloja/live/404/xnull/xfalse/xfalse/pt_br/xfalse/xfalse/dynamic.js
WARNING 2025-07-12 07:17:55,454 log 33578 136871650776768 Not Found: /packages/api/.env
WARNING 2025-07-12 07:17:55,552 log 33578 136871533278912 Not Found: /packages/app/.env
WARNING 2025-07-12 07:17:55,659 log 33578 136871650776768 Not Found: /packages/client/.env
WARNING 2025-07-12 07:17:55,785 log 33578 136871533278912 Not Found: /packages/frontend/.env
WARNING 2025-07-12 07:17:55,888 log 33578 136871650776768 Not Found: /packages/plugin-analytics/src/fixtures/analytics-ga-key/.env
WARNING 2025-07-12 07:17:56,051 log 33578 136871533278912 Not Found: /packages/plugin-qiankun/examples/app1/.env
WARNING 2025-07-12 07:17:56,149 log 33578 136871650776768 Not Found: /packages/plugin-qiankun/examples/app2/.env
WARNING 2025-07-12 07:17:56,248 log 33578 136871533278912 Not Found: /packages/plugin-qiankun/examples/app3/.env
WARNING 2025-07-12 07:17:56,347 log 33578 136871650776768 Not Found: /packages/plugin-qiankun/examples/master/.env
WARNING 2025-07-12 07:17:56,471 log 33578 136871533278912 Not Found: /packages/react-scripts/fixtures/kitchensink/template/.env
WARNING 2025-07-12 07:17:56,574 log 33578 136871650776768 Not Found: /packages/styled-ui-docs/.env
WARNING 2025-07-12 07:18:00,442 log 33578 136871533278912 Not Found: /packages/web/.env
WARNING 2025-07-12 07:18:00,734 log 33578 136871650776768 Not Found: /packed/.env
WARNING 2025-07-12 07:18:00,832 log 33578 136871533278912 Not Found: /page-editor/.env
WARNING 2025-07-12 07:18:00,935 log 33578 136871650776768 Not Found: /panel/.env
WARNING 2025-07-12 07:18:01,110 log 33578 136871533278912 Not Found: /parity/.env
WARNING 2025-07-12 07:18:01,211 log 33578 136871650776768 Not Found: /Passportjs/.env
WARNING 2025-07-12 07:18:05,134 log 33578 136871533278912 Not Found: /patchwork/.env
WARNING 2025-07-12 07:18:05,422 log 33578 136871650776768 Not Found: /path/.env
WARNING 2025-07-12 07:18:05,521 log 33578 136871533278912 Not Found: /pfbe/.env
WARNING 2025-07-12 07:18:05,623 log 33578 136871650776768 Not Found: /php.ini
WARNING 2025-07-12 07:18:05,723 log 33578 136871533278912 Not Found: /php.php
WARNING 2025-07-12 07:18:05,831 log 33578 136871650776768 Not Found: /php1.php
WARNING 2025-07-12 07:18:05,931 log 33578 136871533278912 Not Found: /php52/phpinfo.php
WARNING 2025-07-12 07:18:09,758 log 33578 136871650776768 Not Found: /php_info.php
WARNING 2025-07-12 07:18:10,027 log 33578 136871533278912 Not Found: /phpcustom_info/phpinfo.php
WARNING 2025-07-12 07:18:10,126 log 33578 136871650776768 Not Found: /phpinfo.html
WARNING 2025-07-12 07:18:10,222 log 33578 136871533278912 Not Found: /phpinfo.php4
WARNING 2025-07-12 07:18:10,321 log 33578 136871650776768 Not Found: /phpinfo.php5
WARNING 2025-07-12 07:18:10,421 log 33578 136871533278912 Not Found: /phpinfo.txt
WARNING 2025-07-12 07:18:10,518 log 33578 136871650776768 Not Found: /phpinfo/info.php
WARNING 2025-07-12 07:18:10,620 log 33578 136871533278912 Not Found: /phpinfo/phpinfo.php
WARNING 2025-07-12 07:18:10,741 log 33578 136871650776768 Not Found: /phpinfo1.php
WARNING 2025-07-12 07:18:10,837 log 33578 136871533278912 Not Found: /phpinfo2.php
WARNING 2025-07-12 07:18:10,937 log 33578 136871650776768 Not Found: /phpinfo3.php
WARNING 2025-07-12 07:18:11,044 log 33578 136871533278912 Not Found: /phpinfo4.php
WARNING 2025-07-12 07:18:11,215 log 33578 136871650776768 Not Found: /phpinfodev.php
WARNING 2025-07-12 07:18:11,313 log 33578 136871533278912 Not Found: /phpinfos.php
WARNING 2025-07-12 07:18:15,105 log 33578 136871650776768 Not Found: /phpMyAdmin/
WARNING 2025-07-12 07:18:15,384 log 33578 136871533278912 Not Found: /phpmyadmin/
WARNING 2025-07-12 07:18:15,482 log 33578 136871650776768 Not Found: /phpsysinfo
WARNING 2025-07-12 07:18:15,583 log 33578 136871533278912 Not Found: /phpsysinfo.php
WARNING 2025-07-12 07:18:15,692 log 33578 136871650776768 Not Found: /phpsysinfo/info.php
WARNING 2025-07-12 07:18:15,793 log 33578 136871533278912 Not Found: /phpsysinfo/phpinfo.php
WARNING 2025-07-12 07:18:15,891 log 33578 136871650776768 Not Found: /phpsysinfo/phpsysinfo.php
WARNING 2025-07-12 07:18:16,056 log 33578 136871533278912 Not Found: /phptest.php
WARNING 2025-07-12 07:18:16,156 log 33578 136871650776768 Not Found: /phpversion.php
WARNING 2025-07-12 07:18:16,264 log 33578 136871533278912 Not Found: /pi.php5
WARNING 2025-07-12 07:18:16,363 log 33578 136871650776768 Not Found: /pictures/.env
WARNING 2025-07-12 07:18:16,460 log 33578 136871533278912 Not Found: /platform/.env
WARNING 2025-07-12 07:18:16,557 log 33578 136871650776768 Not Found: /playground/.env
WARNING 2025-07-12 07:18:16,729 log 33578 136871533278912 Not Found: /plugin_static/.env
WARNING 2025-07-12 07:18:16,825 log 33578 136871650776768 Not Found: /plugins/.env
WARNING 2025-07-12 07:18:16,937 log 33578 136871533278912 Not Found: /post-deployment/.vscode/.env
WARNING 2025-07-12 07:18:17,052 log 33578 136871650776768 Not Found: /postfixadmin/.env
WARNING 2025-07-12 07:18:17,148 log 33578 136871533278912 Not Found: /prestashop/.env
WARNING 2025-07-12 07:18:17,247 log 33578 136871650776768 Not Found: /preview-env/.env
WARNING 2025-07-12 07:18:17,352 log 33578 136871533278912 Not Found: /preview/.env
WARNING 2025-07-12 07:18:17,456 log 33578 136871650776768 Not Found: /price_hawk_client/.env
WARNING 2025-07-12 07:18:17,556 log 33578 136871533278912 Not Found: /prisma/.env
WARNING 2025-07-12 07:18:17,654 log 33578 136871650776768 Not Found: /private.key
WARNING 2025-07-12 07:18:17,756 log 33578 136871533278912 Not Found: /processor/.env
WARNING 2025-07-12 07:18:17,855 log 33578 136871650776768 Not Found: /Procfile
WARNING 2025-07-12 07:18:17,955 log 33578 136871533278912 Not Found: /prod/.env
WARNING 2025-07-12 07:18:18,056 log 33578 136871650776768 Not Found: /product/.env.staging
WARNING 2025-07-12 07:18:18,164 log 33578 136871533278912 Not Found: /projbackend/.env
WARNING 2025-07-12 07:18:18,265 log 33578 136871650776768 Not Found: /project/.env
WARNING 2025-07-12 07:18:18,364 log 33578 136871533278912 Not Found: /project_root/.env
WARNING 2025-07-12 07:18:18,464 log 33578 136871650776768 Not Found: /protected/.env
WARNING 2025-07-12 07:18:18,575 log 33578 136871533278912 Not Found: /psnlink/.env
WARNING 2025-07-12 07:18:18,673 log 33578 136871650776768 Not Found: /pt2/countries/src/.env
WARNING 2025-07-12 07:18:22,580 log 33578 136871533278912 Not Found: /pt8/library-backend-gql/.env
WARNING 2025-07-12 07:18:22,849 log 33578 136871650776768 Not Found: /pub/.env
WARNING 2025-07-12 07:18:22,953 log 33578 136871533278912 Not Found: /public/system
WARNING 2025-07-12 07:18:23,060 log 33578 136871650776768 Not Found: /public_html/.env
WARNING 2025-07-12 07:18:26,471 log 33578 136871650776768 Not Found: /q.php
WARNING 2025-07-12 07:18:26,723 log 33578 136871533278912 Not Found: /qq.php
WARNING 2025-07-12 07:18:26,821 log 33578 136871650776768 Not Found: /question2/.env
WARNING 2025-07-12 07:18:26,922 log 33578 136871533278912 Not Found: /qv-frontend/.env
WARNING 2025-07-12 07:18:27,045 log 33578 136871650776768 Not Found: /rabbitmq-cluster/.env
WARNING 2025-07-12 07:18:27,138 log 33578 136871533278912 Not Found: /rails-api/react-app/.env
WARNING 2025-07-12 07:18:31,034 log 33578 136871650776768 Not Found: /rails/.env
WARNING 2025-07-12 07:18:31,296 log 33578 136871533278912 Not Found: /rasax/.env
WARNING 2025-07-12 07:18:31,389 log 33578 136871650776768 Not Found: /react/.env
WARNING 2025-07-12 07:18:35,208 log 33578 136871533278912 Not Found: /react_todo/.env
WARNING 2025-07-12 07:18:35,467 log 33578 136871650776768 Not Found: /redmine/.env
WARNING 2025-07-12 07:18:35,559 log 33578 136871533278912 Not Found: /repo/.env
WARNING 2025-07-12 07:18:35,657 log 33578 136871650776768 Not Found: /repos/.env
WARNING 2025-07-12 07:18:35,771 log 33578 136871533278912 Not Found: /repository/.env
WARNING 2025-07-12 07:18:35,865 log 33578 136871650776768 Not Found: /resources/.env
WARNING 2025-07-12 07:18:35,959 log 33578 136871533278912 Not Found: /resources/docker/.env
WARNING 2025-07-12 07:18:39,925 log 33578 136871650776768 Not Found: /resources/docker/mysql/.env
WARNING 2025-07-12 07:18:40,207 log 33578 136871533278912 Not Found: /resources/docker/phpmyadmin/.env
WARNING 2025-07-12 07:18:40,300 log 33578 136871650776768 Not Found: /resources/docker/rabbitmq/.env
WARNING 2025-07-12 07:18:40,393 log 33578 136871533278912 Not Found: /resources/docker/rediscommander/.env
WARNING 2025-07-12 07:18:40,494 log 33578 136871650776768 Not Found: /resourcesync/.env
WARNING 2025-07-12 07:18:40,604 log 33578 136871533278912 Not Found: /rest.php
WARNING 2025-07-12 07:18:40,697 log 33578 136871650776768 Not Found: /rest/.env
WARNING 2025-07-12 07:18:40,795 log 33578 136871533278912 Not Found: /restapi/.env
WARNING 2025-07-12 07:18:40,892 log 33578 136871650776768 Not Found: /results/.env
WARNING 2025-07-12 07:18:40,985 log 33578 136871533278912 Not Found: /robots.txt
WARNING 2025-07-12 07:18:41,081 log 33578 136871650776768 Not Found: /robots/.env
WARNING 2025-07-12 07:18:44,830 log 33578 136871533278912 Unauthorized: /api/current-user/
WARNING 2025-07-12 07:18:45,034 log 33578 136871650776768 Not Found: /rollup.config.js
WARNING 2025-07-12 07:18:45,327 log 33578 136871533278912 Not Found: /root/.env
WARNING 2025-07-12 07:18:45,423 log 33578 136871650776768 Not Found: /rosterBack/.env
WARNING 2025-07-12 07:18:49,704 log 33578 136871533278912 Not Found: /roundcube/.env
WARNING 2025-07-12 07:18:49,967 log 33578 136871650776768 Not Found: /roundcubemail/.env
WARNING 2025-07-12 07:18:50,079 log 33578 136871533278912 Not Found: /routes/.env
WARNING 2025-07-12 07:18:50,172 log 33578 136871650776768 Not Found: /run/.env
WARNING 2025-07-12 07:18:50,267 log 33578 136871533278912 Not Found: /rust-backend/.env
WARNING 2025-07-12 07:18:50,405 log 33578 136871650776768 Not Found: /rust-backend/dao/.env
WARNING 2025-07-12 07:18:50,498 log 33578 136871533278912 Not Found: /s-with-me-front/.env
WARNING 2025-07-12 07:18:50,593 log 33578 136871650776768 Not Found: /s3.js
WARNING 2025-07-12 07:18:50,689 log 33578 136871533278912 Not Found: /saas/.env
WARNING 2025-07-12 07:18:50,786 log 33578 136871650776768 Not Found: /samples/chatroom/chatroom-spa/.env
WARNING 2025-07-12 07:18:50,902 log 33578 136871533278912 Not Found: /samples/docker/deploymentscripts/.env
WARNING 2025-07-12 07:18:50,996 log 33578 136871650776768 Not Found: /sapi/debug/default/view
WARNING 2025-07-12 07:18:51,103 log 33578 136871533278912 Not Found: /script/.env
WARNING 2025-07-12 07:18:51,196 log 33578 136871650776768 Not Found: /scripts/.env
WARNING 2025-07-12 07:18:51,289 log 33578 136871533278912 Not Found: /scripts/fvt/.env
WARNING 2025-07-12 07:18:55,119 log 33578 136871650776768 Not Found: /secrets.js
WARNING 2025-07-12 07:18:59,003 log 33578 136871533278912 Not Found: /secrets.yml
WARNING 2025-07-12 07:18:59,264 log 33578 136871650776768 Not Found: /secrets/.env
WARNING 2025-07-12 07:18:59,358 log 33578 136871533278912 Not Found: /selfish-darling-backend/.env
WARNING 2025-07-12 07:18:59,453 log 33578 136871650776768 Not Found: /sendgrid.env
WARNING 2025-07-12 07:19:03,334 log 33578 136871533278912 Not Found: /serve-browserbench/.env
WARNING 2025-07-12 07:19:07,600 log 33578 136871650776768 Not Found: /Serve_time_server/.env
WARNING 2025-07-12 07:19:07,933 log 33578 136871533278912 Not Found: /server.log
WARNING 2025-07-12 07:19:08,026 log 33578 136871650776768 Not Found: /server/config/.env
WARNING 2025-07-12 07:19:08,130 log 33578 136871533278912 Not Found: /server/laravel/.env
WARNING 2025-07-12 07:19:08,230 log 33578 136871650776768 Not Found: /server/s3.js
WARNING 2025-07-12 07:19:08,325 log 33578 136871533278912 Not Found: /server/src/persistence/.env
WARNING 2025-07-12 07:19:08,421 log 33578 136871650776768 Not Found: /Server_with_db/.env
WARNING 2025-07-12 07:19:12,326 log 33578 136871533278912 Not Found: /serverless.yml
WARNING 2025-07-12 07:19:16,455 log 33578 136871650776768 Not Found: /service-worker.js
WARNING 2025-07-12 07:19:16,754 log 33578 136871533278912 Not Found: /service/.env
WARNING 2025-07-12 07:19:16,848 log 33578 136871650776768 Not Found: /services/.env
WARNING 2025-07-12 07:19:21,116 log 33578 136871533278912 Not Found: /services/adminer/.env
WARNING 2025-07-12 07:19:21,375 log 33578 136871650776768 Not Found: /services/deployment-agent/.env
WARNING 2025-07-12 07:19:21,474 log 33578 136871533278912 Not Found: /services/documents/.env
WARNING 2025-07-12 07:19:21,568 log 33578 136871650776768 Not Found: /services/graylog/.env
WARNING 2025-07-12 07:19:21,684 log 33578 136871533278912 Not Found: /services/jaeger/.env
WARNING 2025-07-12 07:19:21,799 log 33578 136871650776768 Not Found: /services/minio/.env
WARNING 2025-07-12 07:19:21,891 log 33578 136871533278912 Not Found: /services/monitoring/.env
WARNING 2025-07-12 07:19:21,986 log 33578 136871650776768 Not Found: /services/portainer/.env
WARNING 2025-07-12 07:19:22,087 log 33578 136871533278912 Not Found: /services/redis-commander/.env
WARNING 2025-07-12 07:19:22,197 log 33578 136871650776768 Not Found: /services/registry/.env
WARNING 2025-07-12 07:19:22,294 log 33578 136871533278912 Not Found: /services/simcore/.env
WARNING 2025-07-12 07:19:22,395 log 33578 136871650776768 Not Found: /services/traefik/.env
WARNING 2025-07-12 07:19:22,489 log 33578 136871533278912 Not Found: /sessions/.env
WARNING 2025-07-12 07:19:22,598 log 33578 136871650776768 Not Found: /settings.py
WARNING 2025-07-12 07:19:22,695 log 33578 136871533278912 Not Found: /shared/.env
WARNING 2025-07-12 07:19:22,802 log 33578 136871650776768 Not Found: /shibboleth/.env
WARNING 2025-07-12 07:19:22,910 log 33578 136871533278912 Not Found: /shop/.env
WARNING 2025-07-12 07:19:23,006 log 33578 136871650776768 Not Found: /shopware/.env
WARNING 2025-07-12 07:19:23,101 log 33578 136871533278912 Not Found: /Simple_server/.env
WARNING 2025-07-12 07:19:23,198 log 33578 136871650776768 Not Found: /site-library/.env
WARNING 2025-07-12 07:19:23,322 log 33578 136871533278912 Not Found: /sitemaps/.env
WARNING 2025-07-12 07:19:23,417 log 33578 136871650776768 Not Found: /sites/.env
WARNING 2025-07-12 07:19:23,509 log 33578 136871533278912 Not Found: /sitestatic/.env
WARNING 2025-07-12 07:19:27,720 log 33578 136871650776768 Not Found: /Socketio/.env
WARNING 2025-07-12 07:19:27,974 log 33578 136871533278912 Not Found: /source/.env
WARNING 2025-07-12 07:19:28,086 log 33578 136871650776768 Not Found: /sources/.env
WARNING 2025-07-12 07:19:28,189 log 33578 136871533278912 Not Found: /Sources/API/.env
WARNING 2025-07-12 07:19:28,283 log 33578 136871650776768 Not Found: /spearmint/.env
WARNING 2025-07-12 07:19:28,377 log 33578 136871533278912 Not Found: /spikes/config-material-app/.env
WARNING 2025-07-12 07:19:28,475 log 33578 136871650776768 Not Found: /SpotiApps/.env
WARNING 2025-07-12 07:19:28,577 log 33578 136871533278912 Not Found: /src/__tests__/__fixtures__/instanceWithDependentSteps/.env
WARNING 2025-07-12 07:19:28,672 log 33578 136871650776768 Not Found: /src/__tests__/__fixtures__/typeScriptIntegrationProject/.env
WARNING 2025-07-12 07:19:28,768 log 33578 136871533278912 Not Found: /src/__tests__/__fixtures__/typeScriptProject/.env
WARNING 2025-07-12 07:19:28,873 log 33578 136871650776768 Not Found: /src/__tests__/__fixtures__/typeScriptVisualizeProject/.env
WARNING 2025-07-12 07:19:28,973 log 33578 136871533278912 Not Found: /src/add-auth/express/.env
WARNING 2025-07-12 07:19:29,067 log 33578 136871650776768 Not Found: /src/assembly/.env
WARNING 2025-07-12 07:19:32,915 log 33578 136871533278912 Not Found: /src/character-service/.env
WARNING 2025-07-12 07:19:33,168 log 33578 136871650776768 Not Found: /src/client/mobile/.env
WARNING 2025-07-12 07:19:33,449 log 33578 136871533278912 Not Found: /src/gameprovider-service/.env
WARNING 2025-07-12 07:19:33,792 log 33578 136871650776768 Not Found: /src/main/front-end/.env
WARNING 2025-07-12 07:19:33,889 log 33578 136871533278912 Not Found: /src/main/resources/archetype-resources/__rootArtifactId__-acceptance-test/src/test/resources/app-launcher-tile/.env
WARNING 2025-07-12 07:19:33,986 log 33578 136871650776768 Not Found: /src/renderer/.env
WARNING 2025-07-12 07:19:34,092 log 33578 136871533278912 Not Found: /srv6_controller/controller/.env
WARNING 2025-07-12 07:19:34,191 log 33578 136871650776768 Not Found: /srv6_controller/examples/.env
WARNING 2025-07-12 07:19:34,290 log 33578 136871533278912 Not Found: /srv6_controller/node-manager/.env
WARNING 2025-07-12 07:19:34,405 log 33578 136871650776768 Not Found: /st-js-be-2020-movies-two/.env
WARNING 2025-07-12 07:19:34,503 log 33578 136871533278912 Not Found: /stack.json
WARNING 2025-07-12 07:19:34,607 log 33578 136871650776768 Not Found: /stackato-pkg/.env
WARNING 2025-07-12 07:19:34,705 log 33578 136871533278912 Not Found: /stag/.env
WARNING 2025-07-12 07:19:34,804 log 33578 136871650776768 Not Found: /staging-api/
WARNING 2025-07-12 07:19:34,902 log 33578 136871533278912 Not Found: /staging/
WARNING 2025-07-12 07:19:35,008 log 33578 136871650776768 Not Found: /staging/api/.env
WARNING 2025-07-12 07:19:35,105 log 33578 136871533278912 Not Found: /staging/backend/.env
WARNING 2025-07-12 07:19:35,203 log 33578 136871650776768 Not Found: /staging/frontend/.env
WARNING 2025-07-12 07:19:35,311 log 33578 136871533278912 Not Found: /static-collected/.env
WARNING 2025-07-12 07:19:35,451 log 33578 136871650776768 Not Found: /static-html/.env
WARNING 2025-07-12 07:19:35,556 log 33578 136871533278912 Not Found: /static-root/.env
WARNING 2025-07-12 07:19:40,859 log 33578 136871650776768 Not Found: /static_prod/.env
WARNING 2025-07-12 07:19:41,159 log 33578 136871533278912 Not Found: /static_root/.env
WARNING 2025-07-12 07:19:41,256 log 33578 136871650776768 Not Found: /static_user/.env
WARNING 2025-07-12 07:19:41,354 log 33578 136871533278912 Not Found: /staticfiles/.env
WARNING 2025-07-12 07:19:41,464 log 33578 136871650776768 Not Found: /stats/.env
WARNING 2025-07-12 07:19:41,579 log 33578 136871533278912 Not Found: /storage/.env
WARNING 2025-07-12 07:19:41,674 log 33578 136871650776768 Not Found: /storage/.env.local
WARNING 2025-07-12 07:19:41,776 log 33578 136871533278912 Not Found: /storage/debugbar/*.json
WARNING 2025-07-12 07:19:41,874 log 33578 136871650776768 Not Found: /strapi/.env
WARNING 2025-07-12 07:19:41,971 log 33578 136871533278912 Not Found: /style/.env
WARNING 2025-07-12 07:19:42,069 log 33578 136871650776768 Not Found: /styles/.env
WARNING 2025-07-12 07:19:42,167 log 33578 136871533278912 Not Found: /stylesheets/.env
WARNING 2025-07-12 07:19:42,266 log 33578 136871650776768 Not Found: /swagger/
WARNING 2025-07-12 07:19:42,364 log 33578 136871533278912 Not Found: /symfony/.env
WARNING 2025-07-12 07:19:42,463 log 33578 136871650776768 Not Found: /system-config/.env
WARNING 2025-07-12 07:19:46,923 log 33578 136871533278912 Not Found: /system/.env
WARNING 2025-07-12 07:19:47,235 log 33578 136871650776768 Not Found: /system/config
WARNING 2025-07-12 07:19:47,331 log 33578 136871533278912 Not Found: /system/phpinfo.php
WARNING 2025-07-12 07:19:51,374 log 33578 136871650776768 Not Found: /target/.env
WARNING 2025-07-12 07:19:51,662 log 33578 136871533278912 Not Found: /temanr10/.env
WARNING 2025-07-12 07:19:51,759 log 33578 136871650776768 Not Found: /temanr9/.env
WARNING 2025-07-12 07:19:51,857 log 33578 136871533278912 Not Found: /temp.php
WARNING 2025-07-12 07:19:51,965 log 33578 136871650776768 Not Found: /temp/.env
WARNING 2025-07-12 07:19:52,066 log 33578 136871533278912 Not Found: /template/.env
WARNING 2025-07-12 07:19:52,164 log 33578 136871650776768 Not Found: /templates/.env
WARNING 2025-07-12 07:19:52,263 log 33578 136871533278912 Not Found: /test
WARNING 2025-07-12 07:19:52,367 log 33578 136871650776768 Not Found: /test-api/
WARNING 2025-07-12 07:19:52,467 log 33578 136871533278912 Not Found: /test-network/.env
WARNING 2025-07-12 07:19:52,565 log 33578 136871650776768 Not Found: /test-network/addOrg3/.env
WARNING 2025-07-12 07:19:52,676 log 33578 136871533278912 Not Found: /test/
WARNING 2025-07-12 07:19:52,847 log 33578 136871650776768 Not Found: /test/aries-js-worker/fixtures/.env
WARNING 2025-07-12 07:19:52,944 log 33578 136871533278912 Not Found: /test/bdd/fixtures/adapter-rest/.env
WARNING 2025-07-12 07:19:53,043 log 33578 136871650776768 Not Found: /test/bdd/fixtures/agent-rest/.env
WARNING 2025-07-12 07:19:53,158 log 33578 136871533278912 Not Found: /test/bdd/fixtures/couchdb/.env
WARNING 2025-07-12 07:19:53,255 log 33578 136871650776768 Not Found: /test/bdd/fixtures/demo/.env
WARNING 2025-07-12 07:19:53,355 log 33578 136871533278912 Not Found: /test/bdd/fixtures/demo/openapi/.env
WARNING 2025-07-12 07:19:53,452 log 33578 136871650776768 Not Found: /test/bdd/fixtures/did-method-rest/.env
WARNING 2025-07-12 07:19:53,610 log 33578 136871533278912 Not Found: /test/bdd/fixtures/did-rest/.env
WARNING 2025-07-12 07:19:53,708 log 33578 136871650776768 Not Found: /test/bdd/fixtures/edv-rest/.env
WARNING 2025-07-12 07:19:57,859 log 33578 136871533278912 Not Found: /test/bdd/fixtures/openapi-demo/.env
WARNING 2025-07-12 07:19:58,159 log 33578 136871650776768 Not Found: /test/bdd/fixtures/sidetree-mock/.env
WARNING 2025-07-12 07:19:58,259 log 33578 136871533278912 Not Found: /test/bdd/fixtures/universalresolver/.env
WARNING 2025-07-12 07:20:02,659 log 33578 136871650776768 Not Found: /test/bdd/fixtures/vc-rest/.env
WARNING 2025-07-12 07:20:02,935 log 33578 136871533278912 Not Found: /test/fixtures/.env
WARNING 2025-07-12 07:20:03,037 log 33578 136871650776768 Not Found: /test/fixtures/app_types/node/.env
WARNING 2025-07-12 07:20:03,138 log 33578 136871533278912 Not Found: /test/fixtures/app_types/rails/.env
WARNING 2025-07-12 07:20:03,243 log 33578 136871650776768 Not Found: /test/fixtures/node_path/.env
WARNING 2025-07-12 07:20:03,366 log 33578 136871533278912 Not Found: /test/integration/env-config/app/.env
WARNING 2025-07-12 07:20:03,465 log 33578 136871650776768 Not Found: /test0.php
WARNING 2025-07-12 07:20:03,563 log 33578 136871533278912 Not Found: /test1
WARNING 2025-07-12 07:20:03,672 log 33578 136871650776768 Not Found: /test1.php
WARNING 2025-07-12 07:20:03,803 log 33578 136871533278912 Not Found: /test123.php
WARNING 2025-07-12 07:20:03,901 log 33578 136871650776768 Not Found: /test2.php
WARNING 2025-07-12 07:20:08,013 log 33578 136871533278912 Not Found: /test3.php
WARNING 2025-07-12 07:20:08,288 log 33578 136871650776768 Not Found: /test4.php
WARNING 2025-07-12 07:20:08,386 log 33578 136871533278912 Not Found: /test5.php
WARNING 2025-07-12 07:20:08,498 log 33578 136871650776768 Not Found: /test6.php
WARNING 2025-07-12 07:20:08,650 log 33578 136871533278912 Not Found: /test7.php
WARNING 2025-07-12 07:20:08,748 log 33578 136871650776768 Not Found: /test8.php
WARNING 2025-07-12 07:20:08,846 log 33578 136871533278912 Not Found: /test9.php
WARNING 2025-07-12 07:20:08,946 log 33578 136871650776768 Not Found: /test_info.php
WARNING 2025-07-12 07:20:09,071 log 33578 136871533278912 Not Found: /test_info1.php
WARNING 2025-07-12 07:20:09,171 log 33578 136871650776768 Not Found: /test_info2.php
WARNING 2025-07-12 07:20:13,138 log 33578 136871533278912 Not Found: /test_info3.php
WARNING 2025-07-12 07:20:13,455 log 33578 136871650776768 Not Found: /test_info4.php
WARNING 2025-07-12 07:20:13,558 log 33578 136871533278912 Not Found: /test_info5.php
WARNING 2025-07-12 07:20:17,613 log 33578 136871650776768 Not Found: /test_phpinfo.php
WARNING 2025-07-12 07:20:17,883 log 33578 136871533278912 Not Found: /test_phpinfo1.php
WARNING 2025-07-12 07:20:18,155 log 33578 136871650776768 Not Found: /test_phpinfo3.php
WARNING 2025-07-12 07:20:18,432 log 33578 136871533278912 Not Found: /test_phpinfo4.php
WARNING 2025-07-12 07:20:18,531 log 33578 136871650776768 Not Found: /test_phpinfo5.php
WARNING 2025-07-12 07:20:18,707 log 33578 136871533278912 Not Found: /tester.php
WARNING 2025-07-12 07:20:18,807 log 33578 136871650776768 Not Found: /testfiles/.env
WARNING 2025-07-12 07:20:18,913 log 33578 136871533278912 Not Found: /testing.php
WARNING 2025-07-12 07:20:19,016 log 33578 136871650776768 Not Found: /testing/
WARNING 2025-07-12 07:20:19,113 log 33578 136871533278912 Not Found: /testing/.env
WARNING 2025-07-12 07:20:19,211 log 33578 136871650776768 Not Found: /testing/docker/.env
WARNING 2025-07-12 07:20:19,315 log 33578 136871533278912 Not Found: /tests/.env
WARNING 2025-07-12 07:20:19,418 log 33578 136871650776768 Not Found: /Tests/Application/.env
WARNING 2025-07-12 07:20:19,516 log 33578 136871533278912 Not Found: /tests/default_settings/v10.0/.env
WARNING 2025-07-12 07:20:19,614 log 33578 136871650776768 Not Found: /tests/default_settings/v11.0/.env
WARNING 2025-07-12 07:20:24,073 log 33578 136871533278912 Not Found: /tests/default_settings/v12.0/.env
WARNING 2025-07-12 07:20:24,349 log 33578 136871650776768 Not Found: /tests/default_settings/v13.0/.env
WARNING 2025-07-12 07:20:24,449 log 33578 136871533278912 Not Found: /tests/default_settings/v7.0/.env
WARNING 2025-07-12 07:20:24,548 log 33578 136871650776768 Not Found: /tests/default_settings/v8.0/.env
WARNING 2025-07-12 07:20:24,673 log 33578 136871533278912 Not Found: /tests/default_settings/v9.0/.env
WARNING 2025-07-12 07:20:24,770 log 33578 136871650776768 Not Found: /tests/drupal-test/.env
WARNING 2025-07-12 07:20:24,868 log 33578 136871533278912 Not Found: /tests/Integration/Environment/.env
WARNING 2025-07-12 07:20:28,951 log 33578 136871650776768 Not Found: /tests/todo-react/.env
WARNING 2025-07-12 07:20:32,930 log 33578 136871533278912 Not Found: /testwork_json/.env
WARNING 2025-07-12 07:20:33,210 log 33578 136871650776768 Not Found: /theme/.env
WARNING 2025-07-12 07:20:33,307 log 33578 136871533278912 Not Found: /theme_static/.env
WARNING 2025-07-12 07:20:33,413 log 33578 136871650776768 Not Found: /thumb/.env
WARNING 2025-07-12 07:20:33,526 log 33578 136871533278912 Not Found: /thumbs/.env
WARNING 2025-07-12 07:20:33,626 log 33578 136871650776768 Not Found: /tiedostot/.env
WARNING 2025-07-12 07:20:33,731 log 33578 136871533278912 Not Found: /time.php
WARNING 2025-07-12 07:20:33,842 log 33578 136871650776768 Not Found: /tmp/.env
WARNING 2025-07-12 07:20:33,940 log 33578 136871533278912 Not Found: /tmp/config/.env
WARNING 2025-07-12 07:20:34,042 log 33578 136871650776768 Not Found: /tmp/logs
WARNING 2025-07-12 07:20:34,150 log 33578 136871533278912 Not Found: /token.php
WARNING 2025-07-12 07:20:34,249 log 33578 136871650776768 Not Found: /tool/view/phpinfo.view.php
WARNING 2025-07-12 07:20:34,347 log 33578 136871533278912 Not Found: /tools/.env
WARNING 2025-07-12 07:20:34,451 log 33578 136871650776768 Not Found: /Travel_form/.env
WARNING 2025-07-12 07:20:34,556 log 33578 136871533278912 Not Found: /ts/prime/.env
WARNING 2025-07-12 07:20:34,652 log 33578 136871650776768 Not Found: /tz.php
WARNING 2025-07-12 07:20:34,752 log 33578 136871533278912 Not Found: /u.php
WARNING 2025-07-12 07:20:38,913 log 33578 136871650776768 Not Found: /ubuntu/.env
WARNING 2025-07-12 07:20:39,181 log 33578 136871533278912 Not Found: /ui/.env
WARNING 2025-07-12 07:20:39,281 log 33578 136871650776768 Not Found: /unixtime/.env
WARNING 2025-07-12 07:20:39,385 log 33578 136871533278912 Not Found: /unsplash-downloader/.env
WARNING 2025-07-12 07:20:39,485 log 33578 136871650776768 Not Found: /up.php
WARNING 2025-07-12 07:20:39,592 log 33578 136871533278912 Not Found: /upfiles/.env
WARNING 2025-07-12 07:20:39,690 log 33578 136871650776768 Not Found: /upload/.env
WARNING 2025-07-12 07:20:39,788 log 33578 136871533278912 Not Found: /uploads/.env
WARNING 2025-07-12 07:20:39,918 log 33578 136871650776768 Not Found: /urlmem-app/.env
WARNING 2025-07-12 07:20:40,015 log 33578 136871533278912 Not Found: /user/.env.staging
WARNING 2025-07-12 07:20:40,114 log 33578 136871650776768 Not Found: /user/login
WARNING 2025-07-12 07:20:40,235 log 33578 136871533278912 Not Found: /User_info/.env
WARNING 2025-07-12 07:20:40,333 log 33578 136871650776768 Not Found: /v1/.env
WARNING 2025-07-12 07:20:40,434 log 33578 136871533278912 Not Found: /v1/admin/
WARNING 2025-07-12 07:20:44,398 log 33578 136871533278912 Not Found: /v1/debug/
WARNING 2025-07-12 07:20:44,680 log 33578 136871650776768 Not Found: /v1/private/
WARNING 2025-07-12 07:20:44,779 log 33578 136871533278912 Not Found: /v2/.env
WARNING 2025-07-12 07:20:44,880 log 33578 136871650776768 Not Found: /var/backup/.env
WARNING 2025-07-12 07:20:44,993 log 33578 136871533278912 Not Found: /vendor/.env
WARNING 2025-07-12 07:20:45,091 log 33578 136871650776768 Not Found: /vendor/github.com/gobuffalo/envy/.env
WARNING 2025-07-12 07:20:45,188 log 33578 136871533278912 Not Found: /vendor/github.com/subosito/gotenv/.env
WARNING 2025-07-12 07:20:45,288 log 33578 136871650776768 Not Found: /vendors~main.f286c0f60bdc707d91a8.bundle.js
WARNING 2025-07-12 07:20:45,460 log 33578 136871533278912 Not Found: /vercel.json
WARNING 2025-07-12 07:20:45,559 log 33578 136871650776768 Not Found: /videos/.env
WARNING 2025-07-12 07:20:45,656 log 33578 136871533278912 Not Found: /vite.config.ts
WARNING 2025-07-12 07:20:45,753 log 33578 136871650776768 Not Found: /vm-docker-compose/.env
WARNING 2025-07-12 07:20:45,859 log 33578 136871533278912 Not Found: /vod_installer/.env
WARNING 2025-07-12 07:20:45,958 log 33578 136871650776768 Not Found: /vue-end/vue-til/.env
WARNING 2025-07-12 07:20:46,057 log 33578 136871533278912 Not Found: /vue/.env
WARNING 2025-07-12 07:20:46,156 log 33578 136871650776768 Not Found: /vue/vuecli/.env
WARNING 2025-07-12 07:20:46,252 log 33578 136871533278912 Not Found: /vue_CRM/.env
WARNING 2025-07-12 07:20:46,349 log 33578 136871650776768 Not Found: /w.php
WARNING 2025-07-12 07:20:50,226 log 33578 136871533278912 Not Found: /web-dist/.env
WARNING 2025-07-12 07:20:50,492 log 33578 136871650776768 Not Found: /web.config
WARNING 2025-07-12 07:20:50,591 log 33578 136871533278912 Not Found: /web.php
WARNING 2025-07-12 07:20:54,467 log 33578 136871650776768 Not Found: /web/debug/default/view
WARNING 2025-07-12 07:20:58,228 log 33578 136871533278912 Not Found: /Web/siteMariage/.env
WARNING 2025-07-12 07:20:58,510 log 33578 136871650776768 Not Found: /webpack-stats.json
WARNING 2025-07-12 07:20:58,612 log 33578 136871533278912 Not Found: /webpack.config.js
WARNING 2025-07-12 07:20:58,716 log 33578 136871650776768 Not Found: /webroot_path/.env
WARNING 2025-07-12 07:21:02,519 log 33578 136871533278912 Not Found: /website/.env
WARNING 2025-07-12 07:21:02,785 log 33578 136871650776768 Not Found: /websocket/.env
WARNING 2025-07-12 07:21:02,882 log 33578 136871533278912 Not Found: /webstatic/.env
WARNING 2025-07-12 07:21:02,982 log 33578 136871650776768 Not Found: /webui/.env
WARNING 2025-07-12 07:21:03,095 log 33578 136871533278912 Not Found: /well-known/.env
WARNING 2025-07-12 07:21:03,193 log 33578 136871650776768 Not Found: /whturk/.env
WARNING 2025-07-12 07:21:03,292 log 33578 136871533278912 Not Found: /windows/tests/9.2.x/.env
WARNING 2025-07-12 07:21:07,189 log 33578 136871650776768 Not Found: /windows/tests/9.3.x/.env
WARNING 2025-07-12 07:21:11,005 log 33578 136871533278912 Not Found: /wordpress/.env
WARNING 2025-07-12 07:21:11,282 log 33578 136871650776768 Not Found: /workspace/.env
WARNING 2025-07-12 07:21:11,381 log 33578 136871533278912 Not Found: /wp-config.old
WARNING 2025-07-12 07:21:11,495 log 33578 136871650776768 Not Found: /wp-config.php-backup
WARNING 2025-07-12 07:21:11,639 log 33578 136871533278912 Not Found: /wp-config.php~
WARNING 2025-07-12 07:21:11,736 log 33578 136871650776768 Not Found: /wp-config.txt
WARNING 2025-07-12 07:21:15,477 log 33578 136871533278912 Not Found: /wp-content/.env
WARNING 2025-07-12 07:21:15,744 log 33578 136871650776768 Not Found: /wp-content/debug.log
WARNING 2025-07-12 07:21:15,844 log 33578 136871533278912 Not Found: /wp-login.php
WARNING 2025-07-12 07:21:16,014 log 33578 136871650776768 Not Found: /wp-login/.env
WARNING 2025-07-12 07:21:16,111 log 33578 136871533278912 Not Found: /wp.php
WARNING 2025-07-12 07:21:16,208 log 33578 136871650776768 Not Found: /wp/.env
WARNING 2025-07-12 07:21:16,380 log 33578 136871533278912 Not Found: /wpp-config.php~
WARNING 2025-07-12 07:21:16,478 log 33578 136871650776768 Not Found: /www-data/.env
WARNING 2025-07-12 07:21:16,581 log 33578 136871533278912 Not Found: /x.php
WARNING 2025-07-12 07:21:16,831 log 33578 136871650776768 Not Found: /yarn.lock
WARNING 2025-07-12 07:21:17,100 log 33578 136871533278912 Not Found: /zmusic-frontend/.env
WARNING 2025-07-12 07:21:17,192 log 33578 136871650776768 Not Found: /:443/.env
WARNING 2025-07-12 07:21:17,293 log 33578 136871533278912 Not Found: /:80/.env
WARNING 2025-07-12 07:21:17,388 log 33578 136871650776768 Not Found: /:8080/.env
WARNING 2025-07-12 07:21:17,478 log 33578 136871533278912 Not Found: /:8081/.env
WARNING 2025-07-12 07:21:17,567 log 33578 136871650776768 Not Found: /:8443/.env
WARNING 2025-07-12 07:40:17,985 log 33578 136871533278912 Unauthorized: /
WARNING 2025-07-12 08:02:28,871 log 34606 124537614038720 Not Found: /robots.txt
INFO 2025-07-12 08:09:19,374 autoreload 35201 137514600280192 Watching for file changes with StatReloader
WARNING 2025-07-12 09:01:37,435 log 36740 127376337860288 Unauthorized: /api/current-user/
WARNING 2025-07-12 10:01:48,332 log 37669 129184023578304 Not Found: /.env
WARNING 2025-07-12 10:28:39,136 log 37669 129183922865856 Unauthorized: /
WARNING 2025-07-12 10:30:37,407 log 37669 129184023578304 Unauthorized: /api/project-offers/
WARNING 2025-07-12 10:30:37,911 log 37669 129183914473152 Unauthorized: /api/projects/14/increment_view/
WARNING 2025-07-12 10:38:31,516 log 37669 129184023578304 Unauthorized: /api/projects/14/increment_view/
WARNING 2025-07-12 10:38:33,401 log 37669 129183914473152 Unauthorized: /api/project-offers/
WARNING 2025-07-12 10:39:55,264 log 37669 129184023578304 Unauthorized: /api/project-offers/
WARNING 2025-07-12 10:39:55,636 log 37669 129183914473152 Unauthorized: /api/projects/10/increment_view/
WARNING 2025-07-12 10:42:31,681 log 37669 129184023578304 Unauthorized: /api/project-offers/
WARNING 2025-07-12 10:42:32,188 log 37669 129183914473152 Unauthorized: /api/projects/14/increment_view/
WARNING 2025-07-12 10:44:29,780 log 37669 129183914473152 Unauthorized: /api/reviews/
WARNING 2025-07-12 11:07:56,003 log 37669 129183922865856 Not Found: /api/conversations/1/send_message/
WARNING 2025-07-12 11:08:10,751 log 37669 129183906080448 Not Found: /api/conversations/1/send_message/
WARNING 2025-07-12 11:44:56,666 log 37669 129183914473152 Unauthorized: /
WARNING 2025-07-12 12:45:59,464 log 37669 129183906080448 Unauthorized: /
WARNING 2025-07-12 13:19:23,568 log 37669 129183914473152 Not Found: /robots.txt
WARNING 2025-07-12 13:33:16,585 log 37669 129183906080448 Unauthorized: /
WARNING 2025-07-12 13:33:20,850 log 37669 129183914473152 Unauthorized: /
WARNING 2025-07-12 13:33:22,082 log 37669 129183906080448 Unauthorized: /
WARNING 2025-07-12 15:06:25,638 log 37669 129183914473152 Not Found: /.env
WARNING 2025-07-12 15:06:26,304 log 37669 129183906080448 Not Found: /.git/config
WARNING 2025-07-12 15:13:14,778 log 37669 129183914473152 Unauthorized: /
WARNING 2025-07-12 15:20:41,575 log 37669 129183906080448 Not Found: /robots.txt
WARNING 2025-07-12 17:20:05,291 log 37669 129183914473152 Not Found: /.git/config
WARNING 2025-07-12 17:22:45,954 log 37669 129183906080448 Not Found: /.git/config
WARNING 2025-07-12 22:07:15,315 log 37669 129183914473152 Unauthorized: /
WARNING 2025-07-12 23:11:24,355 log 37669 129183906080448 Unauthorized: /
WARNING 2025-07-13 00:16:26,769 log 42324 129184023578304 Unauthorized: /
WARNING 2025-07-13 00:22:11,254 log 42324 129183922865856 Unauthorized: /
WARNING 2025-07-13 00:36:39,514 log 42324 129184023578304 Not Found: /goichihitachi88361/app/2025/CQPEK4ZN.gif
WARNING 2025-07-13 01:05:35,312 log 42324 129183922865856 Unauthorized: /
WARNING 2025-07-13 01:06:51,744 log 42324 129184023578304 Not Found: /ab2g
WARNING 2025-07-13 01:06:53,318 log 42324 129183922865856 Not Found: /ab2h
WARNING 2025-07-13 01:06:54,896 log 42324 129184023578304 Not Found: /alive.php
WARNING 2025-07-13 01:07:03,166 log 42324 129183922865856 Unauthorized: /
WARNING 2025-07-13 01:07:04,153 log 42324 129184023578304 Not Found: /teorema505
WARNING 2025-07-13 01:16:32,441 log 42324 129183922865856 Not Found: /.env
WARNING 2025-07-13 01:16:34,010 log 42324 129184023578304 Not Found: /.git/config
WARNING 2025-07-13 03:05:56,579 log 42324 129183922865856 Unauthorized: /
WARNING 2025-07-13 03:06:59,361 log 42324 129184023578304 Unauthorized: /
WARNING 2025-07-13 03:17:38,016 log 42324 129183922865856 Unauthorized: /
WARNING 2025-07-13 03:17:39,147 log 42324 129184023578304 Unauthorized: /
WARNING 2025-07-13 03:25:26,486 log 42324 129183922865856 Not Found: /.env
WARNING 2025-07-13 03:59:01,561 log 42324 129184023578304 Not Found: /robots.txt
WARNING 2025-07-13 03:59:02,136 log 42324 129183922865856 Not Found: /sitemap.xml
WARNING 2025-07-13 04:39:23,365 log 42324 129184023578304 Not Found: /robots.txt
WARNING 2025-07-13 06:37:26,167 log 42324 129183922865856 Not Found: /hello.world
WARNING 2025-07-13 07:04:41,959 log 42324 129184023578304 Unauthorized: /
WARNING 2025-07-13 08:19:38,088 log 42324 129183922865856 Bad Request: /api/auth/register/
WARNING 2025-07-13 08:23:42,502 log 42324 129184023578304 Bad Request: /api/auth/register/
WARNING 2025-07-13 08:24:40,348 log 42324 129184023578304 Bad Request: /api/quote-requests/
WARNING 2025-07-13 08:24:51,321 log 42324 129183914473152 Bad Request: /api/quote-requests/
WARNING 2025-07-13 08:25:03,586 log 42324 129184023578304 Bad Request: /api/quote-requests/
WARNING 2025-07-13 08:25:30,127 log 42324 129184023578304 Bad Request: /api/quote-requests/
WARNING 2025-07-13 08:26:14,150 log 42324 129183914473152 Bad Request: /api/disputes/
WARNING 2025-07-13 08:29:15,798 log 42324 129183922865856 Not Found: /api/services/203/
WARNING 2025-07-13 08:33:47,073 log 42324 129184023578304 Not Found: /api/services/203/
ERROR 2025-07-13 08:34:55,528 log 42324 129183922865856 Internal Server Error: /api/auth/login/
Traceback (most recent call last):
  File "/var/www/html/teyago/angola_api/venv/lib/python3.12/site-packages/django/core/handlers/exception.py", line 55, in inner
    response = get_response(request)
               ^^^^^^^^^^^^^^^^^^^^^
  File "/var/www/html/teyago/angola_api/venv/lib/python3.12/site-packages/django/core/handlers/base.py", line 197, in _get_response
    response = wrapped_callback(request, *callback_args, **callback_kwargs)
               ^^^^^^^^^^^^^^^^^^^^^^^^^^^^^^^^^^^^^^^^^^^^^^^^^^^^^^^^^^^^
  File "/var/www/html/teyago/angola_api/venv/lib/python3.12/site-packages/django/views/decorators/csrf.py", line 65, in _view_wrapper
    return view_func(request, *args, **kwargs)
           ^^^^^^^^^^^^^^^^^^^^^^^^^^^^^^^^^^^
  File "/var/www/html/teyago/angola_api/venv/lib/python3.12/site-packages/django/views/generic/base.py", line 104, in view
    return self.dispatch(request, *args, **kwargs)
           ^^^^^^^^^^^^^^^^^^^^^^^^^^^^^^^^^^^^^^^
  File "/var/www/html/teyago/angola_api/venv/lib/python3.12/site-packages/rest_framework/views.py", line 515, in dispatch
    response = self.handle_exception(exc)
               ^^^^^^^^^^^^^^^^^^^^^^^^^^
  File "/var/www/html/teyago/angola_api/venv/lib/python3.12/site-packages/rest_framework/views.py", line 475, in handle_exception
    self.raise_uncaught_exception(exc)
  File "/var/www/html/teyago/angola_api/venv/lib/python3.12/site-packages/rest_framework/views.py", line 486, in raise_uncaught_exception
    raise exc
  File "/var/www/html/teyago/angola_api/venv/lib/python3.12/site-packages/rest_framework/views.py", line 512, in dispatch
    response = handler(request, *args, **kwargs)
               ^^^^^^^^^^^^^^^^^^^^^^^^^^^^^^^^^
  File "/var/www/html/teyago/angola_api/operation/views.py", line 65, in post
    user = User.objects.get(email=email)
           ^^^^^^^^^^^^^^^^^^^^^^^^^^^^^
  File "/var/www/html/teyago/angola_api/venv/lib/python3.12/site-packages/django/db/models/manager.py", line 87, in manager_method
    return getattr(self.get_queryset(), name)(*args, **kwargs)
           ^^^^^^^^^^^^^^^^^^^^^^^^^^^^^^^^^^^^^^^^^^^^^^^^^^^
  File "/var/www/html/teyago/angola_api/venv/lib/python3.12/site-packages/django/db/models/query.py", line 636, in get
    raise self.model.MultipleObjectsReturned(
operation.models.User.MultipleObjectsReturned: get() returned more than one User -- it returned 7!
ERROR 2025-07-13 08:35:06,223 views 42324 129183914473152 Erreur inattendue dans PasswordResetRequestView: get() returned more than one User -- it returned 7!
ERROR 2025-07-13 08:35:06,224 views 42324 129183914473152 Type d'erreur: <class 'operation.models.User.MultipleObjectsReturned'>
ERROR 2025-07-13 08:35:06,224 views 42324 129183914473152 Traceback: Traceback (most recent call last):
  File "/var/www/html/teyago/angola_api/operation/views.py", line 138, in post
    user = User.objects.get(email=email)
           ^^^^^^^^^^^^^^^^^^^^^^^^^^^^^
  File "/var/www/html/teyago/angola_api/venv/lib/python3.12/site-packages/django/db/models/manager.py", line 87, in manager_method
    return getattr(self.get_queryset(), name)(*args, **kwargs)
           ^^^^^^^^^^^^^^^^^^^^^^^^^^^^^^^^^^^^^^^^^^^^^^^^^^^
  File "/var/www/html/teyago/angola_api/venv/lib/python3.12/site-packages/django/db/models/query.py", line 636, in get
    raise self.model.MultipleObjectsReturned(
operation.models.User.MultipleObjectsReturned: get() returned more than one User -- it returned 7!

ERROR 2025-07-13 08:35:06,225 log 42324 129183914473152 Internal Server Error: /api/auth/password-reset-request/
WARNING 2025-07-13 08:55:05,961 log 42324 129184023578304 Not Found: /.env
WARNING 2025-07-13 08:57:06,788 log 42324 129183914473152 Unauthorized: /
WARNING 2025-07-13 09:03:40,147 log 42324 129184023578304 Unauthorized: /
WARNING 2025-07-13 09:03:43,120 log 42324 129183914473152 Unauthorized: /
WARNING 2025-07-13 09:05:48,116 log 42324 129184023578304 Not Found: /robots.txt
WARNING 2025-07-13 09:05:48,404 log 42324 129183914473152 Not Found: /robots.txt
WARNING 2025-07-13 09:05:48,414 log 42324 129184023578304 Not Found: /robots.txt
WARNING 2025-07-13 09:05:56,751 log 42324 129183922865856 Not Found: /meta.json
WARNING 2025-07-13 09:05:56,778 log 42324 129184023578304 Unauthorized: /
WARNING 2025-07-13 09:05:56,804 log 42324 129183922865856 Unauthorized: /
WARNING 2025-07-13 09:11:57,825 log 42324 129183914473152 Unauthorized: /
WARNING 2025-07-13 10:00:00,514 log 42324 129183922865856 Unauthorized: /
WARNING 2025-07-13 10:00:00,764 log 42324 129183914473152 Unauthorized: /
WARNING 2025-07-13 10:10:48,409 log 42324 129183922865856 Unauthorized: /
WARNING 2025-07-13 10:10:48,687 log 42324 129183914473152 Not Found: /favicon.ico
WARNING 2025-07-13 10:40:00,667 log 42324 129183922865856 Unauthorized: /
WARNING 2025-07-13 10:40:03,371 log 42324 129183914473152 Unauthorized: /
WARNING 2025-07-13 11:37:41,567 log 42324 129183922865856 Not Found: /robots.txt
WARNING 2025-07-13 11:37:41,587 log 42324 129183914473152 Not Found: /robots.txt
WARNING 2025-07-13 11:37:41,748 log 42324 129184023578304 Unauthorized: /
ERROR 2025-07-13 12:00:51,337 log 42324 129184023578304 Internal Server Error: /api/auth/login/
Traceback (most recent call last):
  File "/var/www/html/teyago/angola_api/venv/lib/python3.12/site-packages/django/core/handlers/exception.py", line 55, in inner
    response = get_response(request)
               ^^^^^^^^^^^^^^^^^^^^^
  File "/var/www/html/teyago/angola_api/venv/lib/python3.12/site-packages/django/core/handlers/base.py", line 197, in _get_response
    response = wrapped_callback(request, *callback_args, **callback_kwargs)
               ^^^^^^^^^^^^^^^^^^^^^^^^^^^^^^^^^^^^^^^^^^^^^^^^^^^^^^^^^^^^
  File "/var/www/html/teyago/angola_api/venv/lib/python3.12/site-packages/django/views/decorators/csrf.py", line 65, in _view_wrapper
    return view_func(request, *args, **kwargs)
           ^^^^^^^^^^^^^^^^^^^^^^^^^^^^^^^^^^^
  File "/var/www/html/teyago/angola_api/venv/lib/python3.12/site-packages/django/views/generic/base.py", line 104, in view
    return self.dispatch(request, *args, **kwargs)
           ^^^^^^^^^^^^^^^^^^^^^^^^^^^^^^^^^^^^^^^
  File "/var/www/html/teyago/angola_api/venv/lib/python3.12/site-packages/rest_framework/views.py", line 515, in dispatch
    response = self.handle_exception(exc)
               ^^^^^^^^^^^^^^^^^^^^^^^^^^
  File "/var/www/html/teyago/angola_api/venv/lib/python3.12/site-packages/rest_framework/views.py", line 475, in handle_exception
    self.raise_uncaught_exception(exc)
  File "/var/www/html/teyago/angola_api/venv/lib/python3.12/site-packages/rest_framework/views.py", line 486, in raise_uncaught_exception
    raise exc
  File "/var/www/html/teyago/angola_api/venv/lib/python3.12/site-packages/rest_framework/views.py", line 512, in dispatch
    response = handler(request, *args, **kwargs)
               ^^^^^^^^^^^^^^^^^^^^^^^^^^^^^^^^^
  File "/var/www/html/teyago/angola_api/operation/views.py", line 65, in post
    user = User.objects.get(email=email)
           ^^^^^^^^^^^^^^^^^^^^^^^^^^^^^
  File "/var/www/html/teyago/angola_api/venv/lib/python3.12/site-packages/django/db/models/manager.py", line 87, in manager_method
    return getattr(self.get_queryset(), name)(*args, **kwargs)
           ^^^^^^^^^^^^^^^^^^^^^^^^^^^^^^^^^^^^^^^^^^^^^^^^^^^
  File "/var/www/html/teyago/angola_api/venv/lib/python3.12/site-packages/django/db/models/query.py", line 636, in get
    raise self.model.MultipleObjectsReturned(
operation.models.User.MultipleObjectsReturned: get() returned more than one User -- it returned 2!
ERROR 2025-07-13 12:00:59,271 log 42324 129183922865856 Internal Server Error: /api/auth/login/
Traceback (most recent call last):
  File "/var/www/html/teyago/angola_api/venv/lib/python3.12/site-packages/django/core/handlers/exception.py", line 55, in inner
    response = get_response(request)
               ^^^^^^^^^^^^^^^^^^^^^
  File "/var/www/html/teyago/angola_api/venv/lib/python3.12/site-packages/django/core/handlers/base.py", line 197, in _get_response
    response = wrapped_callback(request, *callback_args, **callback_kwargs)
               ^^^^^^^^^^^^^^^^^^^^^^^^^^^^^^^^^^^^^^^^^^^^^^^^^^^^^^^^^^^^
  File "/var/www/html/teyago/angola_api/venv/lib/python3.12/site-packages/django/views/decorators/csrf.py", line 65, in _view_wrapper
    return view_func(request, *args, **kwargs)
           ^^^^^^^^^^^^^^^^^^^^^^^^^^^^^^^^^^^
  File "/var/www/html/teyago/angola_api/venv/lib/python3.12/site-packages/django/views/generic/base.py", line 104, in view
    return self.dispatch(request, *args, **kwargs)
           ^^^^^^^^^^^^^^^^^^^^^^^^^^^^^^^^^^^^^^^
  File "/var/www/html/teyago/angola_api/venv/lib/python3.12/site-packages/rest_framework/views.py", line 515, in dispatch
    response = self.handle_exception(exc)
               ^^^^^^^^^^^^^^^^^^^^^^^^^^
  File "/var/www/html/teyago/angola_api/venv/lib/python3.12/site-packages/rest_framework/views.py", line 475, in handle_exception
    self.raise_uncaught_exception(exc)
  File "/var/www/html/teyago/angola_api/venv/lib/python3.12/site-packages/rest_framework/views.py", line 486, in raise_uncaught_exception
    raise exc
  File "/var/www/html/teyago/angola_api/venv/lib/python3.12/site-packages/rest_framework/views.py", line 512, in dispatch
    response = handler(request, *args, **kwargs)
               ^^^^^^^^^^^^^^^^^^^^^^^^^^^^^^^^^
  File "/var/www/html/teyago/angola_api/operation/views.py", line 65, in post
    user = User.objects.get(email=email)
           ^^^^^^^^^^^^^^^^^^^^^^^^^^^^^
  File "/var/www/html/teyago/angola_api/venv/lib/python3.12/site-packages/django/db/models/manager.py", line 87, in manager_method
    return getattr(self.get_queryset(), name)(*args, **kwargs)
           ^^^^^^^^^^^^^^^^^^^^^^^^^^^^^^^^^^^^^^^^^^^^^^^^^^^
  File "/var/www/html/teyago/angola_api/venv/lib/python3.12/site-packages/django/db/models/query.py", line 636, in get
    raise self.model.MultipleObjectsReturned(
operation.models.User.MultipleObjectsReturned: get() returned more than one User -- it returned 2!
ERROR 2025-07-13 12:01:08,649 views 42324 129184023578304 Erreur inattendue dans PasswordResetRequestView: get() returned more than one User -- it returned 2!
ERROR 2025-07-13 12:01:08,649 views 42324 129184023578304 Type d'erreur: <class 'operation.models.User.MultipleObjectsReturned'>
ERROR 2025-07-13 12:01:08,650 views 42324 129184023578304 Traceback: Traceback (most recent call last):
  File "/var/www/html/teyago/angola_api/operation/views.py", line 138, in post
    user = User.objects.get(email=email)
           ^^^^^^^^^^^^^^^^^^^^^^^^^^^^^
  File "/var/www/html/teyago/angola_api/venv/lib/python3.12/site-packages/django/db/models/manager.py", line 87, in manager_method
    return getattr(self.get_queryset(), name)(*args, **kwargs)
           ^^^^^^^^^^^^^^^^^^^^^^^^^^^^^^^^^^^^^^^^^^^^^^^^^^^
  File "/var/www/html/teyago/angola_api/venv/lib/python3.12/site-packages/django/db/models/query.py", line 636, in get
    raise self.model.MultipleObjectsReturned(
operation.models.User.MultipleObjectsReturned: get() returned more than one User -- it returned 2!

ERROR 2025-07-13 12:01:08,651 log 42324 129184023578304 Internal Server Error: /api/auth/password-reset-request/
WARNING 2025-07-13 12:11:28,131 log 42324 129183906080448 Unauthorized: /
WARNING 2025-07-13 12:22:04,727 log 42324 129183914473152 Unauthorized: /
ERROR 2025-07-13 12:37:55,222 log 42324 129184023578304 Internal Server Error: /api/auth/login/
Traceback (most recent call last):
  File "/var/www/html/teyago/angola_api/venv/lib/python3.12/site-packages/django/core/handlers/exception.py", line 55, in inner
    response = get_response(request)
               ^^^^^^^^^^^^^^^^^^^^^
  File "/var/www/html/teyago/angola_api/venv/lib/python3.12/site-packages/django/core/handlers/base.py", line 197, in _get_response
    response = wrapped_callback(request, *callback_args, **callback_kwargs)
               ^^^^^^^^^^^^^^^^^^^^^^^^^^^^^^^^^^^^^^^^^^^^^^^^^^^^^^^^^^^^
  File "/var/www/html/teyago/angola_api/venv/lib/python3.12/site-packages/django/views/decorators/csrf.py", line 65, in _view_wrapper
    return view_func(request, *args, **kwargs)
           ^^^^^^^^^^^^^^^^^^^^^^^^^^^^^^^^^^^
  File "/var/www/html/teyago/angola_api/venv/lib/python3.12/site-packages/django/views/generic/base.py", line 104, in view
    return self.dispatch(request, *args, **kwargs)
           ^^^^^^^^^^^^^^^^^^^^^^^^^^^^^^^^^^^^^^^
  File "/var/www/html/teyago/angola_api/venv/lib/python3.12/site-packages/rest_framework/views.py", line 515, in dispatch
    response = self.handle_exception(exc)
               ^^^^^^^^^^^^^^^^^^^^^^^^^^
  File "/var/www/html/teyago/angola_api/venv/lib/python3.12/site-packages/rest_framework/views.py", line 475, in handle_exception
    self.raise_uncaught_exception(exc)
  File "/var/www/html/teyago/angola_api/venv/lib/python3.12/site-packages/rest_framework/views.py", line 486, in raise_uncaught_exception
    raise exc
  File "/var/www/html/teyago/angola_api/venv/lib/python3.12/site-packages/rest_framework/views.py", line 512, in dispatch
    response = handler(request, *args, **kwargs)
               ^^^^^^^^^^^^^^^^^^^^^^^^^^^^^^^^^
  File "/var/www/html/teyago/angola_api/operation/views.py", line 65, in post
    user = User.objects.get(email=email)
           ^^^^^^^^^^^^^^^^^^^^^^^^^^^^^
  File "/var/www/html/teyago/angola_api/venv/lib/python3.12/site-packages/django/db/models/manager.py", line 87, in manager_method
    return getattr(self.get_queryset(), name)(*args, **kwargs)
           ^^^^^^^^^^^^^^^^^^^^^^^^^^^^^^^^^^^^^^^^^^^^^^^^^^^
  File "/var/www/html/teyago/angola_api/venv/lib/python3.12/site-packages/django/db/models/query.py", line 636, in get
    raise self.model.MultipleObjectsReturned(
operation.models.User.MultipleObjectsReturned: get() returned more than one User -- it returned 3!
ERROR 2025-07-13 12:38:18,333 log 42324 129184023578304 Internal Server Error: /api/auth/login/
Traceback (most recent call last):
  File "/var/www/html/teyago/angola_api/venv/lib/python3.12/site-packages/django/core/handlers/exception.py", line 55, in inner
    response = get_response(request)
               ^^^^^^^^^^^^^^^^^^^^^
  File "/var/www/html/teyago/angola_api/venv/lib/python3.12/site-packages/django/core/handlers/base.py", line 197, in _get_response
    response = wrapped_callback(request, *callback_args, **callback_kwargs)
               ^^^^^^^^^^^^^^^^^^^^^^^^^^^^^^^^^^^^^^^^^^^^^^^^^^^^^^^^^^^^
  File "/var/www/html/teyago/angola_api/venv/lib/python3.12/site-packages/django/views/decorators/csrf.py", line 65, in _view_wrapper
    return view_func(request, *args, **kwargs)
           ^^^^^^^^^^^^^^^^^^^^^^^^^^^^^^^^^^^
  File "/var/www/html/teyago/angola_api/venv/lib/python3.12/site-packages/django/views/generic/base.py", line 104, in view
    return self.dispatch(request, *args, **kwargs)
           ^^^^^^^^^^^^^^^^^^^^^^^^^^^^^^^^^^^^^^^
  File "/var/www/html/teyago/angola_api/venv/lib/python3.12/site-packages/rest_framework/views.py", line 515, in dispatch
    response = self.handle_exception(exc)
               ^^^^^^^^^^^^^^^^^^^^^^^^^^
  File "/var/www/html/teyago/angola_api/venv/lib/python3.12/site-packages/rest_framework/views.py", line 475, in handle_exception
    self.raise_uncaught_exception(exc)
  File "/var/www/html/teyago/angola_api/venv/lib/python3.12/site-packages/rest_framework/views.py", line 486, in raise_uncaught_exception
    raise exc
  File "/var/www/html/teyago/angola_api/venv/lib/python3.12/site-packages/rest_framework/views.py", line 512, in dispatch
    response = handler(request, *args, **kwargs)
               ^^^^^^^^^^^^^^^^^^^^^^^^^^^^^^^^^
  File "/var/www/html/teyago/angola_api/operation/views.py", line 65, in post
    user = User.objects.get(email=email)
           ^^^^^^^^^^^^^^^^^^^^^^^^^^^^^
  File "/var/www/html/teyago/angola_api/venv/lib/python3.12/site-packages/django/db/models/manager.py", line 87, in manager_method
    return getattr(self.get_queryset(), name)(*args, **kwargs)
           ^^^^^^^^^^^^^^^^^^^^^^^^^^^^^^^^^^^^^^^^^^^^^^^^^^^
  File "/var/www/html/teyago/angola_api/venv/lib/python3.12/site-packages/django/db/models/query.py", line 636, in get
    raise self.model.MultipleObjectsReturned(
operation.models.User.MultipleObjectsReturned: get() returned more than one User -- it returned 3!
ERROR 2025-07-13 12:38:26,540 log 42324 129183931258560 Internal Server Error: /api/auth/login/
Traceback (most recent call last):
  File "/var/www/html/teyago/angola_api/venv/lib/python3.12/site-packages/django/core/handlers/exception.py", line 55, in inner
    response = get_response(request)
               ^^^^^^^^^^^^^^^^^^^^^
  File "/var/www/html/teyago/angola_api/venv/lib/python3.12/site-packages/django/core/handlers/base.py", line 197, in _get_response
    response = wrapped_callback(request, *callback_args, **callback_kwargs)
               ^^^^^^^^^^^^^^^^^^^^^^^^^^^^^^^^^^^^^^^^^^^^^^^^^^^^^^^^^^^^
  File "/var/www/html/teyago/angola_api/venv/lib/python3.12/site-packages/django/views/decorators/csrf.py", line 65, in _view_wrapper
    return view_func(request, *args, **kwargs)
           ^^^^^^^^^^^^^^^^^^^^^^^^^^^^^^^^^^^
  File "/var/www/html/teyago/angola_api/venv/lib/python3.12/site-packages/django/views/generic/base.py", line 104, in view
    return self.dispatch(request, *args, **kwargs)
           ^^^^^^^^^^^^^^^^^^^^^^^^^^^^^^^^^^^^^^^
  File "/var/www/html/teyago/angola_api/venv/lib/python3.12/site-packages/rest_framework/views.py", line 515, in dispatch
    response = self.handle_exception(exc)
               ^^^^^^^^^^^^^^^^^^^^^^^^^^
  File "/var/www/html/teyago/angola_api/venv/lib/python3.12/site-packages/rest_framework/views.py", line 475, in handle_exception
    self.raise_uncaught_exception(exc)
  File "/var/www/html/teyago/angola_api/venv/lib/python3.12/site-packages/rest_framework/views.py", line 486, in raise_uncaught_exception
    raise exc
  File "/var/www/html/teyago/angola_api/venv/lib/python3.12/site-packages/rest_framework/views.py", line 512, in dispatch
    response = handler(request, *args, **kwargs)
               ^^^^^^^^^^^^^^^^^^^^^^^^^^^^^^^^^
  File "/var/www/html/teyago/angola_api/operation/views.py", line 65, in post
    user = User.objects.get(email=email)
           ^^^^^^^^^^^^^^^^^^^^^^^^^^^^^
  File "/var/www/html/teyago/angola_api/venv/lib/python3.12/site-packages/django/db/models/manager.py", line 87, in manager_method
    return getattr(self.get_queryset(), name)(*args, **kwargs)
           ^^^^^^^^^^^^^^^^^^^^^^^^^^^^^^^^^^^^^^^^^^^^^^^^^^^
  File "/var/www/html/teyago/angola_api/venv/lib/python3.12/site-packages/django/db/models/query.py", line 636, in get
    raise self.model.MultipleObjectsReturned(
operation.models.User.MultipleObjectsReturned: get() returned more than one User -- it returned 3!
WARNING 2025-07-13 12:41:48,486 log 42324 129184023578304 Unauthorized: /
WARNING 2025-07-13 12:41:48,785 log 42324 129183931258560 Not Found: /favicon.ico
WARNING 2025-07-13 13:12:43,689 log 42324 129184023578304 Not Found: /favicon.ico
WARNING 2025-07-13 13:21:22,501 log 42324 129183931258560 Not Found: /.env
WARNING 2025-07-13 13:21:23,062 log 42324 129184023578304 Not Found: /.git/config
WARNING 2025-07-13 13:24:05,170 log 42324 129183931258560 Unauthorized: /
WARNING 2025-07-13 13:31:06,697 log 42324 129184023578304 Unauthorized: /
WARNING 2025-07-13 13:34:07,274 log 42324 129183931258560 Unauthorized: /
WARNING 2025-07-13 13:34:07,980 log 42324 129184023578304 Not Found: /favicon.ico
WARNING 2025-07-13 13:56:49,917 log 42324 129183931258560 Not Found: /robots.txt
WARNING 2025-07-13 14:51:41,596 log 42324 129184023578304 Unauthorized: /
WARNING 2025-07-13 17:43:26,239 log 42324 129183931258560 Not Found: /robots.txt
WARNING 2025-07-13 17:43:29,632 log 42324 129184023578304 Unauthorized: /
WARNING 2025-07-13 18:10:07,010 log 42324 129183931258560 Not Found: /robots.txt
WARNING 2025-07-13 18:51:28,217 log 42324 129184023578304 Not Found: /robots.txt
WARNING 2025-07-13 18:51:28,666 log 42324 129183931258560 Unauthorized: /
WARNING 2025-07-13 19:03:58,453 log 42324 129184023578304 Unauthorized: /
WARNING 2025-07-13 19:04:00,385 log 42324 129183931258560 Not Found: /favicon.ico
WARNING 2025-07-13 22:04:42,147 log 42324 129184023578304 Unauthorized: /
WARNING 2025-07-13 22:56:54,166 log 42324 129183931258560 Unauthorized: /
WARNING 2025-07-13 23:28:56,890 log 42324 129183914473152 Not Found: /sslvpn_logon.shtml
WARNING 2025-07-13 23:29:47,140 log 42324 129183931258560 Unauthorized: /
WARNING 2025-07-13 23:45:42,411 log 42324 129183914473152 Unauthorized: /
WARNING 2025-07-14 00:15:12,965 log 49861 129184023578304 Unauthorized: /
WARNING 2025-07-14 00:47:23,898 log 49861 129183948043968 Unauthorized: /
WARNING 2025-07-14 00:47:25,416 log 49861 129184023578304 Unauthorized: /
WARNING 2025-07-14 00:47:26,640 log 49861 129183948043968 Not Found: /phpinfo.php
WARNING 2025-07-14 00:47:28,270 log 49861 129184023578304 Not Found: /info.php
WARNING 2025-07-14 00:47:29,455 log 49861 129183948043968 Not Found: /phpinfo
WARNING 2025-07-14 00:47:30,894 log 49861 129184023578304 Not Found: /.env
WARNING 2025-07-14 00:47:32,201 log 49861 129183948043968 Not Found: /config/.env
WARNING 2025-07-14 00:47:33,879 log 49861 129184023578304 Not Found: /api/.env
WARNING 2025-07-14 01:04:28,050 log 49861 129183948043968 Not Found: /.env
WARNING 2025-07-14 01:04:29,271 log 49861 129184023578304 Not Found: /.git/config
WARNING 2025-07-14 01:07:46,675 log 49861 129183948043968 Unauthorized: /
WARNING 2025-07-14 02:12:12,321 log 49861 129184023578304 Unauthorized: /
WARNING 2025-07-14 02:57:16,643 log 49861 129184023578304 Not Found: /robots.txt
WARNING 2025-07-14 06:23:08,673 log 49861 129183948043968 Unauthorized: /
WARNING 2025-07-14 06:35:29,172 log 49861 129184023578304 Unauthorized: /
WARNING 2025-07-14 07:32:24,309 log 49861 129183948043968 Unauthorized: /
WARNING 2025-07-14 07:32:46,976 log 49861 129184023578304 Unauthorized: /
WARNING 2025-07-14 07:32:51,370 log 49861 129183948043968 Not Found: /favicon.ico
WARNING 2025-07-14 09:14:01,489 log 49861 129184023578304 Not Found: /ab2g
WARNING 2025-07-14 09:14:01,999 log 49861 129183948043968 Not Found: /ab2h
WARNING 2025-07-14 09:14:02,614 log 49861 129184023578304 Not Found: /alive.php
WARNING 2025-07-14 09:14:05,374 log 49861 129183948043968 Unauthorized: /
WARNING 2025-07-14 09:14:05,691 log 49861 129184023578304 Not Found: /teorema505
WARNING 2025-07-14 09:14:45,878 log 49861 129183948043968 Unauthorized: /
WARNING 2025-07-14 09:15:02,785 log 49861 129184023578304 Not Found: /robots.txt
WARNING 2025-07-14 09:15:03,337 log 49861 129183948043968 Not Found: /sitemap.xml
WARNING 2025-07-14 09:15:04,204 log 49861 129184023578304 Not Found: /.well-known/security.txt
WARNING 2025-07-14 09:15:05,690 log 49861 129183948043968 Not Found: /favicon.ico
WARNING 2025-07-14 10:47:21,020 log 49861 129184023578304 Unauthorized: /
WARNING 2025-07-14 10:47:21,705 log 49861 129183948043968 Unauthorized: /
WARNING 2025-07-14 11:00:11,962 log 49861 129184023578304 Not Found: /RDWeb/Pages/
WARNING 2025-07-14 11:19:53,859 log 49861 129183948043968 Not Found: /+CSCOE+/logon.html
WARNING 2025-07-14 11:23:04,643 log 49861 129184023578304 Unauthorized: /
WARNING 2025-07-14 11:23:05,194 log 49861 129183948043968 Not Found: /favicon.ico
WARNING 2025-07-14 11:49:52,385 log 49861 129184023578304 Not Found: /remote/login
WARNING 2025-07-14 11:49:52,976 log 49861 129183948043968 Not Found: /login
WARNING 2025-07-14 11:51:10,840 log 49861 129184023578304 Not Found: /owa/auth/logon.aspx
WARNING 2025-07-14 12:08:02,551 log 49861 129183948043968 Not Found: /robots.txt
WARNING 2025-07-14 12:15:43,557 log 49861 129184023578304 Unauthorized: /
WARNING 2025-07-14 12:23:12,489 log 49861 129183948043968 Not Found: /xmlrpc.php
WARNING 2025-07-14 13:19:09,883 log 49861 129184023578304 Not Found: /.env
WARNING 2025-07-14 13:19:11,676 log 49861 129183948043968 Not Found: /.git/config
WARNING 2025-07-14 14:30:41,099 log 49861 129184023578304 Unauthorized: /
WARNING 2025-07-14 14:43:15,670 log 49861 129183948043968 Not Found: /robots.txt
WARNING 2025-07-14 15:53:30,147 log 49861 129184023578304 Unauthorized: /
WARNING 2025-07-14 16:30:29,445 log 49861 129183948043968 Not Found: /robots.txt
WARNING 2025-07-14 16:30:34,986 log 49861 129184023578304 Not Found: /products/3d-bracket-minnie-mickey-wallet-leather-iphone-case
WARNING 2025-07-14 20:39:44,830 log 49861 129183948043968 Unauthorized: /
WARNING 2025-07-14 21:33:34,052 log 49861 129184023578304 Not Found: /robots.txt
WARNING 2025-07-14 21:33:35,857 log 49861 129183948043968 Not Found: /robots.txt
WARNING 2025-07-14 21:33:41,257 log 49861 129184023578304 Not Found: /robots.txt
WARNING 2025-07-14 21:54:34,485 log 49861 129183948043968 Unauthorized: /
WARNING 2025-07-14 22:47:51,064 log 49861 129184023578304 Unauthorized: /
WARNING 2025-07-14 22:55:07,202 log 49861 129183948043968 Unauthorized: /
WARNING 2025-07-14 22:55:08,626 log 49861 129184023578304 Unauthorized: /
WARNING 2025-07-14 23:19:50,097 log 49861 129183948043968 Unauthorized: /
WARNING 2025-07-14 23:42:35,468 log 49861 129184023578304 Unauthorized: /
WARNING 2025-07-15 00:18:28,982 log 56417 129184023578304 Unauthorized: /
WARNING 2025-07-15 00:18:53,642 log 56417 129183914473152 Unauthorized: /
WARNING 2025-07-15 00:19:52,672 log 56417 129184023578304 Unauthorized: /
WARNING 2025-07-15 01:21:50,256 log 56417 129183914473152 Not Found: /.env
WARNING 2025-07-15 01:21:52,652 log 56417 129184023578304 Not Found: /.git/config
WARNING 2025-07-15 03:05:33,646 log 56417 129183914473152 Not Found: /.env
WARNING 2025-07-15 03:07:23,630 log 56417 129184023578304 Unauthorized: /
WARNING 2025-07-15 03:07:23,713 log 56417 129183914473152 Unauthorized: /
WARNING 2025-07-15 03:16:58,033 log 56417 129184023578304 Unauthorized: /
WARNING 2025-07-15 03:17:02,804 log 56417 129183914473152 Not Found: /favicon.ico
WARNING 2025-07-15 05:17:30,701 log 56417 129184023578304 Unauthorized: /
WARNING 2025-07-15 05:23:59,049 log 56417 129183914473152 Unauthorized: /
WARNING 2025-07-15 05:35:42,630 log 56417 129184023578304 Unauthorized: /
WARNING 2025-07-15 06:16:23,605 log 56417 129183914473152 Unauthorized: /
WARNING 2025-07-15 07:12:29,625 log 56417 129184023578304 Not Found: /.git/config
WARNING 2025-07-15 09:50:59,665 log 56417 129183914473152 Unauthorized: /
WARNING 2025-07-15 10:42:41,737 log 56417 129184023578304 Not Found: /robots.txt
ERROR 2025-07-15 11:07:40,077 log 56417 129183914473152 Internal Server Error: /api/auth/login/
Traceback (most recent call last):
  File "/var/www/html/teyago/angola_api/venv/lib/python3.12/site-packages/django/core/handlers/exception.py", line 55, in inner
    response = get_response(request)
               ^^^^^^^^^^^^^^^^^^^^^
  File "/var/www/html/teyago/angola_api/venv/lib/python3.12/site-packages/django/core/handlers/base.py", line 197, in _get_response
    response = wrapped_callback(request, *callback_args, **callback_kwargs)
               ^^^^^^^^^^^^^^^^^^^^^^^^^^^^^^^^^^^^^^^^^^^^^^^^^^^^^^^^^^^^
  File "/var/www/html/teyago/angola_api/venv/lib/python3.12/site-packages/django/views/decorators/csrf.py", line 65, in _view_wrapper
    return view_func(request, *args, **kwargs)
           ^^^^^^^^^^^^^^^^^^^^^^^^^^^^^^^^^^^
  File "/var/www/html/teyago/angola_api/venv/lib/python3.12/site-packages/django/views/generic/base.py", line 104, in view
    return self.dispatch(request, *args, **kwargs)
           ^^^^^^^^^^^^^^^^^^^^^^^^^^^^^^^^^^^^^^^
  File "/var/www/html/teyago/angola_api/venv/lib/python3.12/site-packages/rest_framework/views.py", line 515, in dispatch
    response = self.handle_exception(exc)
               ^^^^^^^^^^^^^^^^^^^^^^^^^^
  File "/var/www/html/teyago/angola_api/venv/lib/python3.12/site-packages/rest_framework/views.py", line 475, in handle_exception
    self.raise_uncaught_exception(exc)
  File "/var/www/html/teyago/angola_api/venv/lib/python3.12/site-packages/rest_framework/views.py", line 486, in raise_uncaught_exception
    raise exc
  File "/var/www/html/teyago/angola_api/venv/lib/python3.12/site-packages/rest_framework/views.py", line 512, in dispatch
    response = handler(request, *args, **kwargs)
               ^^^^^^^^^^^^^^^^^^^^^^^^^^^^^^^^^
  File "/var/www/html/teyago/angola_api/operation/views.py", line 65, in post
    user = User.objects.get(email=email)
           ^^^^^^^^^^^^^^^^^^^^^^^^^^^^^
  File "/var/www/html/teyago/angola_api/venv/lib/python3.12/site-packages/django/db/models/manager.py", line 87, in manager_method
    return getattr(self.get_queryset(), name)(*args, **kwargs)
           ^^^^^^^^^^^^^^^^^^^^^^^^^^^^^^^^^^^^^^^^^^^^^^^^^^^
  File "/var/www/html/teyago/angola_api/venv/lib/python3.12/site-packages/django/db/models/query.py", line 636, in get
    raise self.model.MultipleObjectsReturned(
operation.models.User.MultipleObjectsReturned: get() returned more than one User -- it returned 3!
WARNING 2025-07-15 11:09:26,103 log 56417 129183914473152 Bad Request: /api/auth/register/
WARNING 2025-07-15 11:12:46,064 log 56417 129184023578304 Bad Request: /api/auth/register/
WARNING 2025-07-15 11:13:17,544 log 56417 129183914473152 Bad Request: /api/auth/register/
WARNING 2025-07-15 11:14:09,529 log 56417 129184023578304 Bad Request: /api/auth/register/
WARNING 2025-07-15 11:14:44,647 log 56417 129183914473152 Bad Request: /api/auth/register/
WARNING 2025-07-15 11:16:15,610 log 56417 129183914473152 Bad Request: /api/auth/register/
WARNING 2025-07-15 11:16:21,650 log 56417 129184023578304 Bad Request: /api/auth/register/
WARNING 2025-07-15 11:18:46,582 log 56417 129184023578304 Unauthorized: /
WARNING 2025-07-15 11:30:43,610 log 56417 129184023578304 Not Found: /.env
WARNING 2025-07-15 11:51:13,848 log 56417 129184023578304 Not Found: /api/conversations/6/send_message/
WARNING 2025-07-15 12:11:15,066 log 56417 129184023578304 Unauthorized: /
WARNING 2025-07-15 12:13:44,852 log 56417 129183931258560 Unauthorized: /
WARNING 2025-07-15 12:19:22,674 log 56417 129183931258560 Not Found: /api/conversations/6/send_message/
WARNING 2025-07-15 12:26:17,103 log 56417 129183922865856 Not Found: /.env
WARNING 2025-07-15 12:26:51,233 log 56417 129184023578304 Unauthorized: /
WARNING 2025-07-15 12:28:02,443 log 56417 129183931258560 Unauthorized: /
WARNING 2025-07-15 12:54:15,094 log 56417 129183931258560 Not Found: /api/users/27/update_profile/
WARNING 2025-07-15 12:55:57,369 log 56417 129183906080448 Not Found: /api/users/27/update_profile/
WARNING 2025-07-15 12:56:05,569 log 56417 129183931258560 Not Found: /api/users/27/update_profile/
WARNING 2025-07-15 12:58:42,594 log 56417 129183906080448 Bad Request: /api/disputes/
WARNING 2025-07-15 13:00:00,376 log 56417 129183914473152 Not Found: /api/conversations/6/send_message/
WARNING 2025-07-15 13:03:48,186 log 56417 129183914473152 Not Found: /api/users/27/update_profile/
WARNING 2025-07-15 13:03:52,618 log 56417 129183906080448 Not Found: /api/users/27/update_profile/
WARNING 2025-07-15 13:04:01,901 log 56417 129183914473152 Not Found: /api/users/27/update_profile/
WARNING 2025-07-15 13:05:28,290 log 56417 129183914473152 Not Found: /api/conversations/6/send_message/
WARNING 2025-07-15 13:15:21,355 log 56417 129183914473152 Unauthorized: /
WARNING 2025-07-15 13:28:30,270 log 56417 129183931258560 Unauthorized: /
WARNING 2025-07-15 13:38:11,743 log 56417 129183914473152 Unauthorized: /
WARNING 2025-07-15 14:06:50,384 log 56417 129183906080448 Unauthorized: /api/reviews/
WARNING 2025-07-15 14:15:24,743 log 56417 129183914473152 Not Found: /.env
WARNING 2025-07-15 14:15:26,815 log 56417 129183906080448 Not Found: /.git/config
WARNING 2025-07-15 14:27:26,704 log 56417 129183914473152 Unauthorized: /
WARNING 2025-07-15 14:27:30,036 log 56417 129183906080448 Not Found: /favicon.ico
WARNING 2025-07-15 14:48:54,149 log 56417 129183914473152 Unauthorized: /
WARNING 2025-07-15 14:55:07,861 log 56417 129183914473152 Not Found: /ab2g
WARNING 2025-07-15 14:55:09,190 log 56417 129183931258560 Not Found: /ab2h
WARNING 2025-07-15 14:55:10,507 log 56417 129183914473152 Not Found: /alive.php
WARNING 2025-07-15 14:55:17,501 log 56417 129183931258560 Unauthorized: /
WARNING 2025-07-15 14:55:18,380 log 56417 129183914473152 Not Found: /teorema505
WARNING 2025-07-15 15:23:07,238 log 56417 129183906080448 Not Found: /api/users/2/update_profile/
WARNING 2025-07-15 15:23:42,801 log 56417 129183914473152 Not Found: /api/users/2/update_profile/
WARNING 2025-07-15 16:21:35,929 log 56417 129183906080448 Unauthorized: /
WARNING 2025-07-15 16:55:38,998 log 56417 129183906080448 Not Found: /api/reviews/top-reviews/
WARNING 2025-07-15 16:57:13,239 log 56417 129183914473152 Not Found: /api/reviews/top-reviews/
WARNING 2025-07-15 17:30:25,396 log 56417 129183906080448 Not Found: /robots.txt
WARNING 2025-07-15 17:53:24,864 log 56417 129184023578304 Unauthorized: /
WARNING 2025-07-15 17:53:25,088 log 56417 129183906080448 Unauthorized: /
WARNING 2025-07-15 18:19:11,856 log 65285 134850735384256 Not Found: /robots.txt
ERROR 2025-07-15 18:38:14,254 log 65285 134850735384256 Internal Server Error: /api/providers/11/
Traceback (most recent call last):
  File "/var/www/html/teyago/angola_api/venv/lib/python3.12/site-packages/django/core/handlers/exception.py", line 55, in inner
    response = get_response(request)
               ^^^^^^^^^^^^^^^^^^^^^
  File "/var/www/html/teyago/angola_api/venv/lib/python3.12/site-packages/django/core/handlers/base.py", line 197, in _get_response
    response = wrapped_callback(request, *callback_args, **callback_kwargs)
               ^^^^^^^^^^^^^^^^^^^^^^^^^^^^^^^^^^^^^^^^^^^^^^^^^^^^^^^^^^^^
  File "/var/www/html/teyago/angola_api/venv/lib/python3.12/site-packages/django/views/decorators/csrf.py", line 65, in _view_wrapper
    return view_func(request, *args, **kwargs)
           ^^^^^^^^^^^^^^^^^^^^^^^^^^^^^^^^^^^
  File "/var/www/html/teyago/angola_api/venv/lib/python3.12/site-packages/rest_framework/viewsets.py", line 125, in view
    return self.dispatch(request, *args, **kwargs)
           ^^^^^^^^^^^^^^^^^^^^^^^^^^^^^^^^^^^^^^^
  File "/var/www/html/teyago/angola_api/venv/lib/python3.12/site-packages/rest_framework/views.py", line 515, in dispatch
    response = self.handle_exception(exc)
               ^^^^^^^^^^^^^^^^^^^^^^^^^^
  File "/var/www/html/teyago/angola_api/venv/lib/python3.12/site-packages/rest_framework/views.py", line 475, in handle_exception
    self.raise_uncaught_exception(exc)
  File "/var/www/html/teyago/angola_api/venv/lib/python3.12/site-packages/rest_framework/views.py", line 486, in raise_uncaught_exception
    raise exc
  File "/var/www/html/teyago/angola_api/venv/lib/python3.12/site-packages/rest_framework/views.py", line 512, in dispatch
    response = handler(request, *args, **kwargs)
               ^^^^^^^^^^^^^^^^^^^^^^^^^^^^^^^^^
  File "/var/www/html/teyago/angola_api/venv/lib/python3.12/site-packages/rest_framework/mixins.py", line 56, in retrieve
    return Response(serializer.data)
                    ^^^^^^^^^^^^^^^
  File "/var/www/html/teyago/angola_api/venv/lib/python3.12/site-packages/rest_framework/serializers.py", line 573, in data
    ret = super().data
          ^^^^^^^^^^^^
  File "/var/www/html/teyago/angola_api/venv/lib/python3.12/site-packages/rest_framework/serializers.py", line 251, in data
    self._data = self.to_representation(self.instance)
                 ^^^^^^^^^^^^^^^^^^^^^^^^^^^^^^^^^^^^^
  File "/var/www/html/teyago/angola_api/venv/lib/python3.12/site-packages/rest_framework/serializers.py", line 540, in to_representation
    ret[field.field_name] = field.to_representation(attribute)
                            ^^^^^^^^^^^^^^^^^^^^^^^^^^^^^^^^^^
  File "/var/www/html/teyago/angola_api/venv/lib/python3.12/site-packages/rest_framework/fields.py", line 1870, in to_representation
    return method(value)
           ^^^^^^^^^^^^^
  File "/var/www/html/teyago/angola_api/operation/serializers.py", line 309, in get_reviews
    return ReviewSerializer(reviews, many=True).data
           ^^^^^^^^^^^^^^^^^^^^^^^^^^^^^^^^^^^^^^^^^
  File "/var/www/html/teyago/angola_api/venv/lib/python3.12/site-packages/rest_framework/serializers.py", line 797, in data
    ret = super().data
          ^^^^^^^^^^^^
  File "/var/www/html/teyago/angola_api/venv/lib/python3.12/site-packages/rest_framework/serializers.py", line 251, in data
    self._data = self.to_representation(self.instance)
                 ^^^^^^^^^^^^^^^^^^^^^^^^^^^^^^^^^^^^^
  File "/var/www/html/teyago/angola_api/venv/lib/python3.12/site-packages/rest_framework/serializers.py", line 716, in to_representation
    self.child.to_representation(item) for item in iterable
    ^^^^^^^^^^^^^^^^^^^^^^^^^^^^^^^^^^
  File "/var/www/html/teyago/angola_api/venv/lib/python3.12/site-packages/rest_framework/serializers.py", line 525, in to_representation
    for field in fields:
  File "/var/www/html/teyago/angola_api/venv/lib/python3.12/site-packages/rest_framework/serializers.py", line 386, in _readable_fields
    for field in self.fields.values():
                 ^^^^^^^^^^^
  File "/var/www/html/teyago/angola_api/venv/lib/python3.12/site-packages/django/utils/functional.py", line 47, in __get__
    res = instance.__dict__[self.name] = self.func(instance)
                                         ^^^^^^^^^^^^^^^^^^^
  File "/var/www/html/teyago/angola_api/venv/lib/python3.12/site-packages/rest_framework/serializers.py", line 374, in fields
    for key, value in self.get_fields().items():
                      ^^^^^^^^^^^^^^^^^
  File "/var/www/html/teyago/angola_api/venv/lib/python3.12/site-packages/rest_framework/serializers.py", line 1081, in get_fields
    field_names = self.get_field_names(declared_fields, info)
                  ^^^^^^^^^^^^^^^^^^^^^^^^^^^^^^^^^^^^^^^^^^^
  File "/var/www/html/teyago/angola_api/venv/lib/python3.12/site-packages/rest_framework/serializers.py", line 1177, in get_field_names
    assert field_name in fields, (
           ^^^^^^^^^^^^^^^^^^^^
AssertionError: The field 'client_company_name' was declared on serializer ReviewSerializer, but has not been included in the 'fields' option.
ERROR 2025-07-15 18:38:29,527 log 65285 134850693420736 Internal Server Error: /api/providers/11/
Traceback (most recent call last):
  File "/var/www/html/teyago/angola_api/venv/lib/python3.12/site-packages/django/core/handlers/exception.py", line 55, in inner
    response = get_response(request)
               ^^^^^^^^^^^^^^^^^^^^^
  File "/var/www/html/teyago/angola_api/venv/lib/python3.12/site-packages/django/core/handlers/base.py", line 197, in _get_response
    response = wrapped_callback(request, *callback_args, **callback_kwargs)
               ^^^^^^^^^^^^^^^^^^^^^^^^^^^^^^^^^^^^^^^^^^^^^^^^^^^^^^^^^^^^
  File "/var/www/html/teyago/angola_api/venv/lib/python3.12/site-packages/django/views/decorators/csrf.py", line 65, in _view_wrapper
    return view_func(request, *args, **kwargs)
           ^^^^^^^^^^^^^^^^^^^^^^^^^^^^^^^^^^^
  File "/var/www/html/teyago/angola_api/venv/lib/python3.12/site-packages/rest_framework/viewsets.py", line 125, in view
    return self.dispatch(request, *args, **kwargs)
           ^^^^^^^^^^^^^^^^^^^^^^^^^^^^^^^^^^^^^^^
  File "/var/www/html/teyago/angola_api/venv/lib/python3.12/site-packages/rest_framework/views.py", line 515, in dispatch
    response = self.handle_exception(exc)
               ^^^^^^^^^^^^^^^^^^^^^^^^^^
  File "/var/www/html/teyago/angola_api/venv/lib/python3.12/site-packages/rest_framework/views.py", line 475, in handle_exception
    self.raise_uncaught_exception(exc)
  File "/var/www/html/teyago/angola_api/venv/lib/python3.12/site-packages/rest_framework/views.py", line 486, in raise_uncaught_exception
    raise exc
  File "/var/www/html/teyago/angola_api/venv/lib/python3.12/site-packages/rest_framework/views.py", line 512, in dispatch
    response = handler(request, *args, **kwargs)
               ^^^^^^^^^^^^^^^^^^^^^^^^^^^^^^^^^
  File "/var/www/html/teyago/angola_api/venv/lib/python3.12/site-packages/rest_framework/mixins.py", line 56, in retrieve
    return Response(serializer.data)
                    ^^^^^^^^^^^^^^^
  File "/var/www/html/teyago/angola_api/venv/lib/python3.12/site-packages/rest_framework/serializers.py", line 573, in data
    ret = super().data
          ^^^^^^^^^^^^
  File "/var/www/html/teyago/angola_api/venv/lib/python3.12/site-packages/rest_framework/serializers.py", line 251, in data
    self._data = self.to_representation(self.instance)
                 ^^^^^^^^^^^^^^^^^^^^^^^^^^^^^^^^^^^^^
  File "/var/www/html/teyago/angola_api/venv/lib/python3.12/site-packages/rest_framework/serializers.py", line 540, in to_representation
    ret[field.field_name] = field.to_representation(attribute)
                            ^^^^^^^^^^^^^^^^^^^^^^^^^^^^^^^^^^
  File "/var/www/html/teyago/angola_api/venv/lib/python3.12/site-packages/rest_framework/fields.py", line 1870, in to_representation
    return method(value)
           ^^^^^^^^^^^^^
  File "/var/www/html/teyago/angola_api/operation/serializers.py", line 309, in get_reviews
    return ReviewSerializer(reviews, many=True).data
           ^^^^^^^^^^^^^^^^^^^^^^^^^^^^^^^^^^^^^^^^^
  File "/var/www/html/teyago/angola_api/venv/lib/python3.12/site-packages/rest_framework/serializers.py", line 797, in data
    ret = super().data
          ^^^^^^^^^^^^
  File "/var/www/html/teyago/angola_api/venv/lib/python3.12/site-packages/rest_framework/serializers.py", line 251, in data
    self._data = self.to_representation(self.instance)
                 ^^^^^^^^^^^^^^^^^^^^^^^^^^^^^^^^^^^^^
  File "/var/www/html/teyago/angola_api/venv/lib/python3.12/site-packages/rest_framework/serializers.py", line 716, in to_representation
    self.child.to_representation(item) for item in iterable
    ^^^^^^^^^^^^^^^^^^^^^^^^^^^^^^^^^^
  File "/var/www/html/teyago/angola_api/venv/lib/python3.12/site-packages/rest_framework/serializers.py", line 525, in to_representation
    for field in fields:
  File "/var/www/html/teyago/angola_api/venv/lib/python3.12/site-packages/rest_framework/serializers.py", line 386, in _readable_fields
    for field in self.fields.values():
                 ^^^^^^^^^^^
  File "/var/www/html/teyago/angola_api/venv/lib/python3.12/site-packages/django/utils/functional.py", line 47, in __get__
    res = instance.__dict__[self.name] = self.func(instance)
                                         ^^^^^^^^^^^^^^^^^^^
  File "/var/www/html/teyago/angola_api/venv/lib/python3.12/site-packages/rest_framework/serializers.py", line 374, in fields
    for key, value in self.get_fields().items():
                      ^^^^^^^^^^^^^^^^^
  File "/var/www/html/teyago/angola_api/venv/lib/python3.12/site-packages/rest_framework/serializers.py", line 1081, in get_fields
    field_names = self.get_field_names(declared_fields, info)
                  ^^^^^^^^^^^^^^^^^^^^^^^^^^^^^^^^^^^^^^^^^^^
  File "/var/www/html/teyago/angola_api/venv/lib/python3.12/site-packages/rest_framework/serializers.py", line 1177, in get_field_names
    assert field_name in fields, (
           ^^^^^^^^^^^^^^^^^^^^
AssertionError: The field 'client_company_name' was declared on serializer ReviewSerializer, but has not been included in the 'fields' option.
ERROR 2025-07-15 18:38:30,357 log 65285 134850735384256 Internal Server Error: /api/reviews/
Traceback (most recent call last):
  File "/var/www/html/teyago/angola_api/venv/lib/python3.12/site-packages/django/core/handlers/exception.py", line 55, in inner
    response = get_response(request)
               ^^^^^^^^^^^^^^^^^^^^^
  File "/var/www/html/teyago/angola_api/venv/lib/python3.12/site-packages/django/core/handlers/base.py", line 197, in _get_response
    response = wrapped_callback(request, *callback_args, **callback_kwargs)
               ^^^^^^^^^^^^^^^^^^^^^^^^^^^^^^^^^^^^^^^^^^^^^^^^^^^^^^^^^^^^
  File "/var/www/html/teyago/angola_api/venv/lib/python3.12/site-packages/django/views/decorators/csrf.py", line 65, in _view_wrapper
    return view_func(request, *args, **kwargs)
           ^^^^^^^^^^^^^^^^^^^^^^^^^^^^^^^^^^^
  File "/var/www/html/teyago/angola_api/venv/lib/python3.12/site-packages/rest_framework/viewsets.py", line 125, in view
    return self.dispatch(request, *args, **kwargs)
           ^^^^^^^^^^^^^^^^^^^^^^^^^^^^^^^^^^^^^^^
  File "/var/www/html/teyago/angola_api/venv/lib/python3.12/site-packages/rest_framework/views.py", line 515, in dispatch
    response = self.handle_exception(exc)
               ^^^^^^^^^^^^^^^^^^^^^^^^^^
  File "/var/www/html/teyago/angola_api/venv/lib/python3.12/site-packages/rest_framework/views.py", line 475, in handle_exception
    self.raise_uncaught_exception(exc)
  File "/var/www/html/teyago/angola_api/venv/lib/python3.12/site-packages/rest_framework/views.py", line 486, in raise_uncaught_exception
    raise exc
  File "/var/www/html/teyago/angola_api/venv/lib/python3.12/site-packages/rest_framework/views.py", line 512, in dispatch
    response = handler(request, *args, **kwargs)
               ^^^^^^^^^^^^^^^^^^^^^^^^^^^^^^^^^
  File "/var/www/html/teyago/angola_api/venv/lib/python3.12/site-packages/rest_framework/mixins.py", line 43, in list
    return self.get_paginated_response(serializer.data)
                                       ^^^^^^^^^^^^^^^
  File "/var/www/html/teyago/angola_api/venv/lib/python3.12/site-packages/rest_framework/serializers.py", line 797, in data
    ret = super().data
          ^^^^^^^^^^^^
  File "/var/www/html/teyago/angola_api/venv/lib/python3.12/site-packages/rest_framework/serializers.py", line 251, in data
    self._data = self.to_representation(self.instance)
                 ^^^^^^^^^^^^^^^^^^^^^^^^^^^^^^^^^^^^^
  File "/var/www/html/teyago/angola_api/venv/lib/python3.12/site-packages/rest_framework/serializers.py", line 716, in to_representation
    self.child.to_representation(item) for item in iterable
    ^^^^^^^^^^^^^^^^^^^^^^^^^^^^^^^^^^
  File "/var/www/html/teyago/angola_api/venv/lib/python3.12/site-packages/rest_framework/serializers.py", line 525, in to_representation
    for field in fields:
  File "/var/www/html/teyago/angola_api/venv/lib/python3.12/site-packages/rest_framework/serializers.py", line 386, in _readable_fields
    for field in self.fields.values():
                 ^^^^^^^^^^^
  File "/var/www/html/teyago/angola_api/venv/lib/python3.12/site-packages/django/utils/functional.py", line 47, in __get__
    res = instance.__dict__[self.name] = self.func(instance)
                                         ^^^^^^^^^^^^^^^^^^^
  File "/var/www/html/teyago/angola_api/venv/lib/python3.12/site-packages/rest_framework/serializers.py", line 374, in fields
    for key, value in self.get_fields().items():
                      ^^^^^^^^^^^^^^^^^
  File "/var/www/html/teyago/angola_api/venv/lib/python3.12/site-packages/rest_framework/serializers.py", line 1081, in get_fields
    field_names = self.get_field_names(declared_fields, info)
                  ^^^^^^^^^^^^^^^^^^^^^^^^^^^^^^^^^^^^^^^^^^^
  File "/var/www/html/teyago/angola_api/venv/lib/python3.12/site-packages/rest_framework/serializers.py", line 1177, in get_field_names
    assert field_name in fields, (
           ^^^^^^^^^^^^^^^^^^^^
AssertionError: The field 'client_company_name' was declared on serializer ReviewSerializer, but has not been included in the 'fields' option.
ERROR 2025-07-15 18:38:50,585 log 65285 134850693420736 Internal Server Error: /api/providers/8/
Traceback (most recent call last):
  File "/var/www/html/teyago/angola_api/venv/lib/python3.12/site-packages/django/core/handlers/exception.py", line 55, in inner
    response = get_response(request)
               ^^^^^^^^^^^^^^^^^^^^^
  File "/var/www/html/teyago/angola_api/venv/lib/python3.12/site-packages/django/core/handlers/base.py", line 197, in _get_response
    response = wrapped_callback(request, *callback_args, **callback_kwargs)
               ^^^^^^^^^^^^^^^^^^^^^^^^^^^^^^^^^^^^^^^^^^^^^^^^^^^^^^^^^^^^
  File "/var/www/html/teyago/angola_api/venv/lib/python3.12/site-packages/django/views/decorators/csrf.py", line 65, in _view_wrapper
    return view_func(request, *args, **kwargs)
           ^^^^^^^^^^^^^^^^^^^^^^^^^^^^^^^^^^^
  File "/var/www/html/teyago/angola_api/venv/lib/python3.12/site-packages/rest_framework/viewsets.py", line 125, in view
    return self.dispatch(request, *args, **kwargs)
           ^^^^^^^^^^^^^^^^^^^^^^^^^^^^^^^^^^^^^^^
  File "/var/www/html/teyago/angola_api/venv/lib/python3.12/site-packages/rest_framework/views.py", line 515, in dispatch
    response = self.handle_exception(exc)
               ^^^^^^^^^^^^^^^^^^^^^^^^^^
  File "/var/www/html/teyago/angola_api/venv/lib/python3.12/site-packages/rest_framework/views.py", line 475, in handle_exception
    self.raise_uncaught_exception(exc)
  File "/var/www/html/teyago/angola_api/venv/lib/python3.12/site-packages/rest_framework/views.py", line 486, in raise_uncaught_exception
    raise exc
  File "/var/www/html/teyago/angola_api/venv/lib/python3.12/site-packages/rest_framework/views.py", line 512, in dispatch
    response = handler(request, *args, **kwargs)
               ^^^^^^^^^^^^^^^^^^^^^^^^^^^^^^^^^
  File "/var/www/html/teyago/angola_api/venv/lib/python3.12/site-packages/rest_framework/mixins.py", line 56, in retrieve
    return Response(serializer.data)
                    ^^^^^^^^^^^^^^^
  File "/var/www/html/teyago/angola_api/venv/lib/python3.12/site-packages/rest_framework/serializers.py", line 573, in data
    ret = super().data
          ^^^^^^^^^^^^
  File "/var/www/html/teyago/angola_api/venv/lib/python3.12/site-packages/rest_framework/serializers.py", line 251, in data
    self._data = self.to_representation(self.instance)
                 ^^^^^^^^^^^^^^^^^^^^^^^^^^^^^^^^^^^^^
  File "/var/www/html/teyago/angola_api/venv/lib/python3.12/site-packages/rest_framework/serializers.py", line 540, in to_representation
    ret[field.field_name] = field.to_representation(attribute)
                            ^^^^^^^^^^^^^^^^^^^^^^^^^^^^^^^^^^
  File "/var/www/html/teyago/angola_api/venv/lib/python3.12/site-packages/rest_framework/fields.py", line 1870, in to_representation
    return method(value)
           ^^^^^^^^^^^^^
  File "/var/www/html/teyago/angola_api/operation/serializers.py", line 309, in get_reviews
    return ReviewSerializer(reviews, many=True).data
           ^^^^^^^^^^^^^^^^^^^^^^^^^^^^^^^^^^^^^^^^^
  File "/var/www/html/teyago/angola_api/venv/lib/python3.12/site-packages/rest_framework/serializers.py", line 797, in data
    ret = super().data
          ^^^^^^^^^^^^
  File "/var/www/html/teyago/angola_api/venv/lib/python3.12/site-packages/rest_framework/serializers.py", line 251, in data
    self._data = self.to_representation(self.instance)
                 ^^^^^^^^^^^^^^^^^^^^^^^^^^^^^^^^^^^^^
  File "/var/www/html/teyago/angola_api/venv/lib/python3.12/site-packages/rest_framework/serializers.py", line 716, in to_representation
    self.child.to_representation(item) for item in iterable
    ^^^^^^^^^^^^^^^^^^^^^^^^^^^^^^^^^^
  File "/var/www/html/teyago/angola_api/venv/lib/python3.12/site-packages/rest_framework/serializers.py", line 525, in to_representation
    for field in fields:
  File "/var/www/html/teyago/angola_api/venv/lib/python3.12/site-packages/rest_framework/serializers.py", line 386, in _readable_fields
    for field in self.fields.values():
                 ^^^^^^^^^^^
  File "/var/www/html/teyago/angola_api/venv/lib/python3.12/site-packages/django/utils/functional.py", line 47, in __get__
    res = instance.__dict__[self.name] = self.func(instance)
                                         ^^^^^^^^^^^^^^^^^^^
  File "/var/www/html/teyago/angola_api/venv/lib/python3.12/site-packages/rest_framework/serializers.py", line 374, in fields
    for key, value in self.get_fields().items():
                      ^^^^^^^^^^^^^^^^^
  File "/var/www/html/teyago/angola_api/venv/lib/python3.12/site-packages/rest_framework/serializers.py", line 1081, in get_fields
    field_names = self.get_field_names(declared_fields, info)
                  ^^^^^^^^^^^^^^^^^^^^^^^^^^^^^^^^^^^^^^^^^^^
  File "/var/www/html/teyago/angola_api/venv/lib/python3.12/site-packages/rest_framework/serializers.py", line 1177, in get_field_names
    assert field_name in fields, (
           ^^^^^^^^^^^^^^^^^^^^
AssertionError: The field 'client_company_name' was declared on serializer ReviewSerializer, but has not been included in the 'fields' option.
ERROR 2025-07-15 18:38:51,421 log 65285 134850735384256 Internal Server Error: /api/reviews/
Traceback (most recent call last):
  File "/var/www/html/teyago/angola_api/venv/lib/python3.12/site-packages/django/core/handlers/exception.py", line 55, in inner
    response = get_response(request)
               ^^^^^^^^^^^^^^^^^^^^^
  File "/var/www/html/teyago/angola_api/venv/lib/python3.12/site-packages/django/core/handlers/base.py", line 197, in _get_response
    response = wrapped_callback(request, *callback_args, **callback_kwargs)
               ^^^^^^^^^^^^^^^^^^^^^^^^^^^^^^^^^^^^^^^^^^^^^^^^^^^^^^^^^^^^
  File "/var/www/html/teyago/angola_api/venv/lib/python3.12/site-packages/django/views/decorators/csrf.py", line 65, in _view_wrapper
    return view_func(request, *args, **kwargs)
           ^^^^^^^^^^^^^^^^^^^^^^^^^^^^^^^^^^^
  File "/var/www/html/teyago/angola_api/venv/lib/python3.12/site-packages/rest_framework/viewsets.py", line 125, in view
    return self.dispatch(request, *args, **kwargs)
           ^^^^^^^^^^^^^^^^^^^^^^^^^^^^^^^^^^^^^^^
  File "/var/www/html/teyago/angola_api/venv/lib/python3.12/site-packages/rest_framework/views.py", line 515, in dispatch
    response = self.handle_exception(exc)
               ^^^^^^^^^^^^^^^^^^^^^^^^^^
  File "/var/www/html/teyago/angola_api/venv/lib/python3.12/site-packages/rest_framework/views.py", line 475, in handle_exception
    self.raise_uncaught_exception(exc)
  File "/var/www/html/teyago/angola_api/venv/lib/python3.12/site-packages/rest_framework/views.py", line 486, in raise_uncaught_exception
    raise exc
  File "/var/www/html/teyago/angola_api/venv/lib/python3.12/site-packages/rest_framework/views.py", line 512, in dispatch
    response = handler(request, *args, **kwargs)
               ^^^^^^^^^^^^^^^^^^^^^^^^^^^^^^^^^
  File "/var/www/html/teyago/angola_api/venv/lib/python3.12/site-packages/rest_framework/mixins.py", line 43, in list
    return self.get_paginated_response(serializer.data)
                                       ^^^^^^^^^^^^^^^
  File "/var/www/html/teyago/angola_api/venv/lib/python3.12/site-packages/rest_framework/serializers.py", line 797, in data
    ret = super().data
          ^^^^^^^^^^^^
  File "/var/www/html/teyago/angola_api/venv/lib/python3.12/site-packages/rest_framework/serializers.py", line 251, in data
    self._data = self.to_representation(self.instance)
                 ^^^^^^^^^^^^^^^^^^^^^^^^^^^^^^^^^^^^^
  File "/var/www/html/teyago/angola_api/venv/lib/python3.12/site-packages/rest_framework/serializers.py", line 716, in to_representation
    self.child.to_representation(item) for item in iterable
    ^^^^^^^^^^^^^^^^^^^^^^^^^^^^^^^^^^
  File "/var/www/html/teyago/angola_api/venv/lib/python3.12/site-packages/rest_framework/serializers.py", line 525, in to_representation
    for field in fields:
  File "/var/www/html/teyago/angola_api/venv/lib/python3.12/site-packages/rest_framework/serializers.py", line 386, in _readable_fields
    for field in self.fields.values():
                 ^^^^^^^^^^^
  File "/var/www/html/teyago/angola_api/venv/lib/python3.12/site-packages/django/utils/functional.py", line 47, in __get__
    res = instance.__dict__[self.name] = self.func(instance)
                                         ^^^^^^^^^^^^^^^^^^^
  File "/var/www/html/teyago/angola_api/venv/lib/python3.12/site-packages/rest_framework/serializers.py", line 374, in fields
    for key, value in self.get_fields().items():
                      ^^^^^^^^^^^^^^^^^
  File "/var/www/html/teyago/angola_api/venv/lib/python3.12/site-packages/rest_framework/serializers.py", line 1081, in get_fields
    field_names = self.get_field_names(declared_fields, info)
                  ^^^^^^^^^^^^^^^^^^^^^^^^^^^^^^^^^^^^^^^^^^^
  File "/var/www/html/teyago/angola_api/venv/lib/python3.12/site-packages/rest_framework/serializers.py", line 1177, in get_field_names
    assert field_name in fields, (
           ^^^^^^^^^^^^^^^^^^^^
AssertionError: The field 'client_company_name' was declared on serializer ReviewSerializer, but has not been included in the 'fields' option.
ERROR 2025-07-15 18:39:20,943 log 65285 134850693420736 Internal Server Error: /api/reviews/
Traceback (most recent call last):
  File "/var/www/html/teyago/angola_api/venv/lib/python3.12/site-packages/django/core/handlers/exception.py", line 55, in inner
    response = get_response(request)
               ^^^^^^^^^^^^^^^^^^^^^
  File "/var/www/html/teyago/angola_api/venv/lib/python3.12/site-packages/django/core/handlers/base.py", line 197, in _get_response
    response = wrapped_callback(request, *callback_args, **callback_kwargs)
               ^^^^^^^^^^^^^^^^^^^^^^^^^^^^^^^^^^^^^^^^^^^^^^^^^^^^^^^^^^^^
  File "/var/www/html/teyago/angola_api/venv/lib/python3.12/site-packages/django/views/decorators/csrf.py", line 65, in _view_wrapper
    return view_func(request, *args, **kwargs)
           ^^^^^^^^^^^^^^^^^^^^^^^^^^^^^^^^^^^
  File "/var/www/html/teyago/angola_api/venv/lib/python3.12/site-packages/rest_framework/viewsets.py", line 125, in view
    return self.dispatch(request, *args, **kwargs)
           ^^^^^^^^^^^^^^^^^^^^^^^^^^^^^^^^^^^^^^^
  File "/var/www/html/teyago/angola_api/venv/lib/python3.12/site-packages/rest_framework/views.py", line 515, in dispatch
    response = self.handle_exception(exc)
               ^^^^^^^^^^^^^^^^^^^^^^^^^^
  File "/var/www/html/teyago/angola_api/venv/lib/python3.12/site-packages/rest_framework/views.py", line 475, in handle_exception
    self.raise_uncaught_exception(exc)
  File "/var/www/html/teyago/angola_api/venv/lib/python3.12/site-packages/rest_framework/views.py", line 486, in raise_uncaught_exception
    raise exc
  File "/var/www/html/teyago/angola_api/venv/lib/python3.12/site-packages/rest_framework/views.py", line 512, in dispatch
    response = handler(request, *args, **kwargs)
               ^^^^^^^^^^^^^^^^^^^^^^^^^^^^^^^^^
  File "/var/www/html/teyago/angola_api/venv/lib/python3.12/site-packages/rest_framework/mixins.py", line 18, in create
    serializer.is_valid(raise_exception=True)
  File "/var/www/html/teyago/angola_api/venv/lib/python3.12/site-packages/rest_framework/serializers.py", line 225, in is_valid
    self._validated_data = self.run_validation(self.initial_data)
                           ^^^^^^^^^^^^^^^^^^^^^^^^^^^^^^^^^^^^^^
  File "/var/www/html/teyago/angola_api/venv/lib/python3.12/site-packages/rest_framework/serializers.py", line 444, in run_validation
    value = self.to_internal_value(data)
            ^^^^^^^^^^^^^^^^^^^^^^^^^^^^
  File "/var/www/html/teyago/angola_api/venv/lib/python3.12/site-packages/rest_framework/serializers.py", line 497, in to_internal_value
    for field in fields:
  File "/var/www/html/teyago/angola_api/venv/lib/python3.12/site-packages/rest_framework/serializers.py", line 380, in _writable_fields
    for field in self.fields.values():
                 ^^^^^^^^^^^
  File "/var/www/html/teyago/angola_api/venv/lib/python3.12/site-packages/django/utils/functional.py", line 47, in __get__
    res = instance.__dict__[self.name] = self.func(instance)
                                         ^^^^^^^^^^^^^^^^^^^
  File "/var/www/html/teyago/angola_api/venv/lib/python3.12/site-packages/rest_framework/serializers.py", line 374, in fields
    for key, value in self.get_fields().items():
                      ^^^^^^^^^^^^^^^^^
  File "/var/www/html/teyago/angola_api/venv/lib/python3.12/site-packages/rest_framework/serializers.py", line 1081, in get_fields
    field_names = self.get_field_names(declared_fields, info)
                  ^^^^^^^^^^^^^^^^^^^^^^^^^^^^^^^^^^^^^^^^^^^
  File "/var/www/html/teyago/angola_api/venv/lib/python3.12/site-packages/rest_framework/serializers.py", line 1177, in get_field_names
    assert field_name in fields, (
           ^^^^^^^^^^^^^^^^^^^^
AssertionError: The field 'client_company_name' was declared on serializer ReviewSerializer, but has not been included in the 'fields' option.
WARNING 2025-07-15 18:46:22,840 log 65553 134850735384256 Not Found: /robots.txt
WARNING 2025-07-15 18:52:31,978 log 65553 134850617886400 Unauthorized: /
WARNING 2025-07-15 18:57:34,477 log 65553 134850735384256 Unauthorized: /
WARNING 2025-07-15 18:58:54,173 log 65553 134850617886400 Unauthorized: /
WARNING 2025-07-15 19:07:27,163 log 65553 134850735384256 Not Found: /phpmyadmin/index.php
WARNING 2025-07-15 19:07:28,147 log 65553 134850617886400 Not Found: /pmd/index.php
WARNING 2025-07-15 19:07:28,656 log 65553 134850735384256 Not Found: /phpmyadmin4.8.5/index.php
WARNING 2025-07-15 19:24:16,266 log 65780 134850617886400 Not Found: /api/reviews/top-reviews/
WARNING 2025-07-15 19:27:53,825 log 65780 134850617886400 Not Found: /api/reviews/top-reviews/
WARNING 2025-07-15 19:59:08,606 log 65780 134850626279104 Not Found: /robots.txt
WARNING 2025-07-15 20:21:57,030 log 65780 134850626279104 Unauthorized: /
WARNING 2025-07-15 20:42:07,716 log 65780 134850735384256 Not Found: /.git/config
WARNING 2025-07-15 21:14:05,929 log 65780 134850735384256 Method Not Allowed: /api/project-offers/1/update_status/
WARNING 2025-07-15 21:15:19,264 log 65780 134850735384256 Method Not Allowed: /api/project-offers/7/update_status/
WARNING 2025-07-15 21:17:49,776 log 65780 134850626279104 Bad Request: /api/quote-requests/
ERROR 2025-07-15 21:45:56,915 log 66981 127140005611200 Internal Server Error: /api/projects/9/increment_view/
WARNING 2025-07-15 22:23:52,361 log 66981 127139997218496 Not Found: /robots.txt
WARNING 2025-07-16 01:34:47,983 log 67839 127140097930944 Not Found: /.env
WARNING 2025-07-16 01:34:48,604 log 67839 127140047574720 Not Found: /.git/config
WARNING 2025-07-16 01:50:41,519 log 67839 127140097930944 Unauthorized: /
WARNING 2025-07-16 01:50:44,198 log 67839 127140047574720 Unauthorized: /
WARNING 2025-07-16 01:50:47,099 log 67839 127140097930944 Unauthorized: /
WARNING 2025-07-16 01:50:49,612 log 67839 127140047574720 Unauthorized: /
WARNING 2025-07-16 01:50:52,810 log 67839 127140097930944 Unauthorized: /
WARNING 2025-07-16 01:50:56,463 log 67839 127140047574720 Unauthorized: /
WARNING 2025-07-16 01:51:00,376 log 67839 127140097930944 Unauthorized: /
WARNING 2025-07-16 01:51:05,803 log 67839 127140047574720 Unauthorized: /
WARNING 2025-07-16 02:04:17,358 log 67839 127140097930944 Unauthorized: /
WARNING 2025-07-16 02:11:35,565 log 67839 127140047574720 Unauthorized: /
WARNING 2025-07-16 02:11:35,674 log 67839 127140097930944 Not Found: /js/tools.js
WARNING 2025-07-16 03:07:20,741 log 67839 127140047574720 Unauthorized: /
WARNING 2025-07-16 03:09:31,257 log 67839 127140097930944 Unauthorized: /
WARNING 2025-07-16 05:47:26,785 log 67839 127140047574720 Not Found: /robots.txt
ERROR 2025-07-16 07:03:25,753 log 71155 130525453919936 Internal Server Error: /api/projects/9/increment_view/
WARNING 2025-07-16 07:31:00,628 log 71155 130525453919936 Not Found: /robots.txt
WARNING 2025-07-16 09:05:55,763 log 71155 130525445527232 Unauthorized: /
WARNING 2025-07-16 09:20:34,832 log 71155 130525453919936 Not Found: /robots.txt
WARNING 2025-07-16 09:23:49,426 log 71155 130525445527232 Not Found: /.env
WARNING 2025-07-16 09:40:08,658 log 71155 130525453919936 Not Found: /robots.txt
WARNING 2025-07-16 09:40:08,882 log 71155 130525445527232 Unauthorized: /
WARNING 2025-07-16 11:13:30,755 log 71155 130525453919936 Unauthorized: /
WARNING 2025-07-16 12:49:32,722 log 71155 130525445527232 Unauthorized: /
WARNING 2025-07-16 12:49:41,772 log 71155 130525453919936 Not Found: /.env
WARNING 2025-07-16 13:10:45,003 log 71155 130525445527232 Not Found: /robots.txt
WARNING 2025-07-16 13:14:36,827 log 71155 130525453919936 Unauthorized: /
WARNING 2025-07-16 13:18:45,748 log 71155 130525445527232 Not Found: /robots.txt
WARNING 2025-07-16 13:22:42,152 log 71155 130525453919936 Not Found: /robots.txt
WARNING 2025-07-16 13:26:41,301 log 71155 130525445527232 Not Found: /robots.txt
WARNING 2025-07-16 13:31:51,238 log 71155 130525453919936 Unauthorized: /
WARNING 2025-07-16 15:15:50,684 log 71155 130525445527232 Not Found: /robots.txt
WARNING 2025-07-16 15:49:29,278 log 71155 130525453919936 Unauthorized: /
WARNING 2025-07-16 16:15:55,285 log 71155 130525445527232 Not Found: /wp-admin/css/
WARNING 2025-07-16 16:16:24,549 log 71155 130525453919936 Not Found: /.well-known/
WARNING 2025-07-16 16:16:40,828 log 71155 130525445527232 Not Found: /sites/default/files/
WARNING 2025-07-16 16:17:23,964 log 71155 130525453919936 Not Found: /uploads/
WARNING 2025-07-16 16:17:37,909 log 71155 130525445527232 Not Found: /images/
WARNING 2025-07-16 16:18:02,704 log 71155 130525453919936 Not Found: /files/
WARNING 2025-07-16 16:36:18,934 log 71155 130525445527232 Not Found: /login
WARNING 2025-07-16 17:04:35,664 log 71155 130525445527232 Not Found: /api/users/27/update_profile/
WARNING 2025-07-16 17:04:44,337 log 71155 130525453919936 Not Found: /api/users/27/update_profile/
ERROR 2025-07-16 17:05:43,535 log 71155 130525445527232 Internal Server Error: /api/projects/18/increment_view/
ERROR 2025-07-16 17:06:15,214 log 71155 130525462312640 Internal Server Error: /api/projects/18/increment_view/
ERROR 2025-07-16 17:06:38,613 log 71155 130525445527232 Internal Server Error: /api/projects/18/increment_view/
ERROR 2025-07-16 17:07:10,009 log 71155 130525445527232 Internal Server Error: /api/projects/18/increment_view/
ERROR 2025-07-16 17:07:45,178 log 71155 130525453919936 Internal Server Error: /api/projects/18/increment_view/
ERROR 2025-07-16 17:07:51,539 log 71155 130525453919936 Internal Server Error: /api/projects/19/increment_view/
ERROR 2025-07-16 17:08:16,906 log 71155 130525445527232 Internal Server Error: /api/projects/18/increment_view/
ERROR 2025-07-16 17:08:28,976 log 71155 130525462312640 Internal Server Error: /api/projects/18/increment_view/
ERROR 2025-07-16 17:08:40,168 log 71155 130525462312640 Internal Server Error: /api/projects/18/increment_view/
ERROR 2025-07-16 17:08:46,615 log 71155 130525462312640 Internal Server Error: /api/projects/19/increment_view/
WARNING 2025-07-16 17:19:36,206 log 71155 130525445527232 Not Found: /api/users/27/update_profile/
ERROR 2025-07-16 17:23:43,454 log 71155 130525453919936 Internal Server Error: /api/services/16/
Traceback (most recent call last):
  File "/var/www/html/teyago/angola_api/venv/lib/python3.12/site-packages/django/core/handlers/exception.py", line 55, in inner
    response = get_response(request)
               ^^^^^^^^^^^^^^^^^^^^^
  File "/var/www/html/teyago/angola_api/venv/lib/python3.12/site-packages/django/core/handlers/base.py", line 197, in _get_response
    response = wrapped_callback(request, *callback_args, **callback_kwargs)
               ^^^^^^^^^^^^^^^^^^^^^^^^^^^^^^^^^^^^^^^^^^^^^^^^^^^^^^^^^^^^
  File "/var/www/html/teyago/angola_api/venv/lib/python3.12/site-packages/django/views/decorators/csrf.py", line 65, in _view_wrapper
    return view_func(request, *args, **kwargs)
           ^^^^^^^^^^^^^^^^^^^^^^^^^^^^^^^^^^^
  File "/var/www/html/teyago/angola_api/venv/lib/python3.12/site-packages/rest_framework/viewsets.py", line 125, in view
    return self.dispatch(request, *args, **kwargs)
           ^^^^^^^^^^^^^^^^^^^^^^^^^^^^^^^^^^^^^^^
  File "/var/www/html/teyago/angola_api/venv/lib/python3.12/site-packages/rest_framework/views.py", line 515, in dispatch
    response = self.handle_exception(exc)
               ^^^^^^^^^^^^^^^^^^^^^^^^^^
  File "/var/www/html/teyago/angola_api/venv/lib/python3.12/site-packages/rest_framework/views.py", line 475, in handle_exception
    self.raise_uncaught_exception(exc)
  File "/var/www/html/teyago/angola_api/venv/lib/python3.12/site-packages/rest_framework/views.py", line 486, in raise_uncaught_exception
    raise exc
  File "/var/www/html/teyago/angola_api/venv/lib/python3.12/site-packages/rest_framework/views.py", line 512, in dispatch
    response = handler(request, *args, **kwargs)
               ^^^^^^^^^^^^^^^^^^^^^^^^^^^^^^^^^
  File "/var/www/html/teyago/angola_api/venv/lib/python3.12/site-packages/rest_framework/mixins.py", line 82, in partial_update
    return self.update(request, *args, **kwargs)
           ^^^^^^^^^^^^^^^^^^^^^^^^^^^^^^^^^^^^^
  File "/var/www/html/teyago/angola_api/operation/views.py", line 1280, in update
    serializer.context['gallery_images'] = gallery_images
                                           ^^^^^^^^^^^^^^
NameError: name 'gallery_images' is not defined
ERROR 2025-07-16 17:23:55,912 log 71155 130525462312640 Internal Server Error: /api/services/16/
Traceback (most recent call last):
  File "/var/www/html/teyago/angola_api/venv/lib/python3.12/site-packages/django/core/handlers/exception.py", line 55, in inner
    response = get_response(request)
               ^^^^^^^^^^^^^^^^^^^^^
  File "/var/www/html/teyago/angola_api/venv/lib/python3.12/site-packages/django/core/handlers/base.py", line 197, in _get_response
    response = wrapped_callback(request, *callback_args, **callback_kwargs)
               ^^^^^^^^^^^^^^^^^^^^^^^^^^^^^^^^^^^^^^^^^^^^^^^^^^^^^^^^^^^^
  File "/var/www/html/teyago/angola_api/venv/lib/python3.12/site-packages/django/views/decorators/csrf.py", line 65, in _view_wrapper
    return view_func(request, *args, **kwargs)
           ^^^^^^^^^^^^^^^^^^^^^^^^^^^^^^^^^^^
  File "/var/www/html/teyago/angola_api/venv/lib/python3.12/site-packages/rest_framework/viewsets.py", line 125, in view
    return self.dispatch(request, *args, **kwargs)
           ^^^^^^^^^^^^^^^^^^^^^^^^^^^^^^^^^^^^^^^
  File "/var/www/html/teyago/angola_api/venv/lib/python3.12/site-packages/rest_framework/views.py", line 515, in dispatch
    response = self.handle_exception(exc)
               ^^^^^^^^^^^^^^^^^^^^^^^^^^
  File "/var/www/html/teyago/angola_api/venv/lib/python3.12/site-packages/rest_framework/views.py", line 475, in handle_exception
    self.raise_uncaught_exception(exc)
  File "/var/www/html/teyago/angola_api/venv/lib/python3.12/site-packages/rest_framework/views.py", line 486, in raise_uncaught_exception
    raise exc
  File "/var/www/html/teyago/angola_api/venv/lib/python3.12/site-packages/rest_framework/views.py", line 512, in dispatch
    response = handler(request, *args, **kwargs)
               ^^^^^^^^^^^^^^^^^^^^^^^^^^^^^^^^^
  File "/var/www/html/teyago/angola_api/venv/lib/python3.12/site-packages/rest_framework/mixins.py", line 82, in partial_update
    return self.update(request, *args, **kwargs)
           ^^^^^^^^^^^^^^^^^^^^^^^^^^^^^^^^^^^^^
  File "/var/www/html/teyago/angola_api/operation/views.py", line 1280, in update
    serializer.context['gallery_images'] = gallery_images
                                           ^^^^^^^^^^^^^^
NameError: name 'gallery_images' is not defined
ERROR 2025-07-16 17:33:02,611 log 71155 130525462312640 Internal Server Error: /api/disputes/
Traceback (most recent call last):
  File "/var/www/html/teyago/angola_api/venv/lib/python3.12/site-packages/django/core/handlers/exception.py", line 55, in inner
    response = get_response(request)
               ^^^^^^^^^^^^^^^^^^^^^
  File "/var/www/html/teyago/angola_api/venv/lib/python3.12/site-packages/django/core/handlers/base.py", line 197, in _get_response
    response = wrapped_callback(request, *callback_args, **callback_kwargs)
               ^^^^^^^^^^^^^^^^^^^^^^^^^^^^^^^^^^^^^^^^^^^^^^^^^^^^^^^^^^^^
  File "/var/www/html/teyago/angola_api/venv/lib/python3.12/site-packages/django/views/decorators/csrf.py", line 65, in _view_wrapper
    return view_func(request, *args, **kwargs)
           ^^^^^^^^^^^^^^^^^^^^^^^^^^^^^^^^^^^
  File "/var/www/html/teyago/angola_api/venv/lib/python3.12/site-packages/rest_framework/viewsets.py", line 125, in view
    return self.dispatch(request, *args, **kwargs)
           ^^^^^^^^^^^^^^^^^^^^^^^^^^^^^^^^^^^^^^^
  File "/var/www/html/teyago/angola_api/venv/lib/python3.12/site-packages/rest_framework/views.py", line 515, in dispatch
    response = self.handle_exception(exc)
               ^^^^^^^^^^^^^^^^^^^^^^^^^^
  File "/var/www/html/teyago/angola_api/venv/lib/python3.12/site-packages/rest_framework/views.py", line 475, in handle_exception
    self.raise_uncaught_exception(exc)
  File "/var/www/html/teyago/angola_api/venv/lib/python3.12/site-packages/rest_framework/views.py", line 486, in raise_uncaught_exception
    raise exc
  File "/var/www/html/teyago/angola_api/venv/lib/python3.12/site-packages/rest_framework/views.py", line 512, in dispatch
    response = handler(request, *args, **kwargs)
               ^^^^^^^^^^^^^^^^^^^^^^^^^^^^^^^^^
  File "/var/www/html/teyago/angola_api/venv/lib/python3.12/site-packages/rest_framework/mixins.py", line 19, in create
    self.perform_create(serializer)
  File "/var/www/html/teyago/angola_api/operation/views.py", line 2311, in perform_create
    raise ValidationError({"error": "Either service_id or provider_id is required"})
django.core.exceptions.ValidationError: {'error': ['Either service_id or provider_id is required']}
ERROR 2025-07-16 17:39:22,210 log 71155 130525344814784 Internal Server Error: /api/auth/login/
Traceback (most recent call last):
  File "/var/www/html/teyago/angola_api/venv/lib/python3.12/site-packages/django/core/handlers/exception.py", line 55, in inner
    response = get_response(request)
               ^^^^^^^^^^^^^^^^^^^^^
  File "/var/www/html/teyago/angola_api/venv/lib/python3.12/site-packages/django/core/handlers/base.py", line 197, in _get_response
    response = wrapped_callback(request, *callback_args, **callback_kwargs)
               ^^^^^^^^^^^^^^^^^^^^^^^^^^^^^^^^^^^^^^^^^^^^^^^^^^^^^^^^^^^^
  File "/var/www/html/teyago/angola_api/venv/lib/python3.12/site-packages/django/views/decorators/csrf.py", line 65, in _view_wrapper
    return view_func(request, *args, **kwargs)
           ^^^^^^^^^^^^^^^^^^^^^^^^^^^^^^^^^^^
  File "/var/www/html/teyago/angola_api/venv/lib/python3.12/site-packages/django/views/generic/base.py", line 104, in view
    return self.dispatch(request, *args, **kwargs)
           ^^^^^^^^^^^^^^^^^^^^^^^^^^^^^^^^^^^^^^^
  File "/var/www/html/teyago/angola_api/venv/lib/python3.12/site-packages/rest_framework/views.py", line 515, in dispatch
    response = self.handle_exception(exc)
               ^^^^^^^^^^^^^^^^^^^^^^^^^^
  File "/var/www/html/teyago/angola_api/venv/lib/python3.12/site-packages/rest_framework/views.py", line 475, in handle_exception
    self.raise_uncaught_exception(exc)
  File "/var/www/html/teyago/angola_api/venv/lib/python3.12/site-packages/rest_framework/views.py", line 486, in raise_uncaught_exception
    raise exc
  File "/var/www/html/teyago/angola_api/venv/lib/python3.12/site-packages/rest_framework/views.py", line 512, in dispatch
    response = handler(request, *args, **kwargs)
               ^^^^^^^^^^^^^^^^^^^^^^^^^^^^^^^^^
  File "/var/www/html/teyago/angola_api/operation/views.py", line 65, in post
    user = User.objects.get(email=email)
           ^^^^^^^^^^^^^^^^^^^^^^^^^^^^^
  File "/var/www/html/teyago/angola_api/venv/lib/python3.12/site-packages/django/db/models/manager.py", line 87, in manager_method
    return getattr(self.get_queryset(), name)(*args, **kwargs)
           ^^^^^^^^^^^^^^^^^^^^^^^^^^^^^^^^^^^^^^^^^^^^^^^^^^^
  File "/var/www/html/teyago/angola_api/venv/lib/python3.12/site-packages/django/db/models/query.py", line 636, in get
    raise self.model.MultipleObjectsReturned(
operation.models.User.MultipleObjectsReturned: get() returned more than one User -- it returned 4!
ERROR 2025-07-16 17:39:32,254 log 71155 130525453919936 Internal Server Error: /api/auth/login/
Traceback (most recent call last):
  File "/var/www/html/teyago/angola_api/venv/lib/python3.12/site-packages/django/core/handlers/exception.py", line 55, in inner
    response = get_response(request)
               ^^^^^^^^^^^^^^^^^^^^^
  File "/var/www/html/teyago/angola_api/venv/lib/python3.12/site-packages/django/core/handlers/base.py", line 197, in _get_response
    response = wrapped_callback(request, *callback_args, **callback_kwargs)
               ^^^^^^^^^^^^^^^^^^^^^^^^^^^^^^^^^^^^^^^^^^^^^^^^^^^^^^^^^^^^
  File "/var/www/html/teyago/angola_api/venv/lib/python3.12/site-packages/django/views/decorators/csrf.py", line 65, in _view_wrapper
    return view_func(request, *args, **kwargs)
           ^^^^^^^^^^^^^^^^^^^^^^^^^^^^^^^^^^^
  File "/var/www/html/teyago/angola_api/venv/lib/python3.12/site-packages/django/views/generic/base.py", line 104, in view
    return self.dispatch(request, *args, **kwargs)
           ^^^^^^^^^^^^^^^^^^^^^^^^^^^^^^^^^^^^^^^
  File "/var/www/html/teyago/angola_api/venv/lib/python3.12/site-packages/rest_framework/views.py", line 515, in dispatch
    response = self.handle_exception(exc)
               ^^^^^^^^^^^^^^^^^^^^^^^^^^
  File "/var/www/html/teyago/angola_api/venv/lib/python3.12/site-packages/rest_framework/views.py", line 475, in handle_exception
    self.raise_uncaught_exception(exc)
  File "/var/www/html/teyago/angola_api/venv/lib/python3.12/site-packages/rest_framework/views.py", line 486, in raise_uncaught_exception
    raise exc
  File "/var/www/html/teyago/angola_api/venv/lib/python3.12/site-packages/rest_framework/views.py", line 512, in dispatch
    response = handler(request, *args, **kwargs)
               ^^^^^^^^^^^^^^^^^^^^^^^^^^^^^^^^^
  File "/var/www/html/teyago/angola_api/operation/views.py", line 65, in post
    user = User.objects.get(email=email)
           ^^^^^^^^^^^^^^^^^^^^^^^^^^^^^
  File "/var/www/html/teyago/angola_api/venv/lib/python3.12/site-packages/django/db/models/manager.py", line 87, in manager_method
    return getattr(self.get_queryset(), name)(*args, **kwargs)
           ^^^^^^^^^^^^^^^^^^^^^^^^^^^^^^^^^^^^^^^^^^^^^^^^^^^
  File "/var/www/html/teyago/angola_api/venv/lib/python3.12/site-packages/django/db/models/query.py", line 636, in get
    raise self.model.MultipleObjectsReturned(
operation.models.User.MultipleObjectsReturned: get() returned more than one User -- it returned 4!
ERROR 2025-07-16 17:44:05,052 log 71155 130525344814784 Internal Server Error: /api/auth/login/
Traceback (most recent call last):
  File "/var/www/html/teyago/angola_api/venv/lib/python3.12/site-packages/django/core/handlers/exception.py", line 55, in inner
    response = get_response(request)
               ^^^^^^^^^^^^^^^^^^^^^
  File "/var/www/html/teyago/angola_api/venv/lib/python3.12/site-packages/django/core/handlers/base.py", line 197, in _get_response
    response = wrapped_callback(request, *callback_args, **callback_kwargs)
               ^^^^^^^^^^^^^^^^^^^^^^^^^^^^^^^^^^^^^^^^^^^^^^^^^^^^^^^^^^^^
  File "/var/www/html/teyago/angola_api/venv/lib/python3.12/site-packages/django/views/decorators/csrf.py", line 65, in _view_wrapper
    return view_func(request, *args, **kwargs)
           ^^^^^^^^^^^^^^^^^^^^^^^^^^^^^^^^^^^
  File "/var/www/html/teyago/angola_api/venv/lib/python3.12/site-packages/django/views/generic/base.py", line 104, in view
    return self.dispatch(request, *args, **kwargs)
           ^^^^^^^^^^^^^^^^^^^^^^^^^^^^^^^^^^^^^^^
  File "/var/www/html/teyago/angola_api/venv/lib/python3.12/site-packages/rest_framework/views.py", line 515, in dispatch
    response = self.handle_exception(exc)
               ^^^^^^^^^^^^^^^^^^^^^^^^^^
  File "/var/www/html/teyago/angola_api/venv/lib/python3.12/site-packages/rest_framework/views.py", line 475, in handle_exception
    self.raise_uncaught_exception(exc)
  File "/var/www/html/teyago/angola_api/venv/lib/python3.12/site-packages/rest_framework/views.py", line 486, in raise_uncaught_exception
    raise exc
  File "/var/www/html/teyago/angola_api/venv/lib/python3.12/site-packages/rest_framework/views.py", line 512, in dispatch
    response = handler(request, *args, **kwargs)
               ^^^^^^^^^^^^^^^^^^^^^^^^^^^^^^^^^
  File "/var/www/html/teyago/angola_api/operation/views.py", line 65, in post
    user = User.objects.get(email=email)
           ^^^^^^^^^^^^^^^^^^^^^^^^^^^^^
  File "/var/www/html/teyago/angola_api/venv/lib/python3.12/site-packages/django/db/models/manager.py", line 87, in manager_method
    return getattr(self.get_queryset(), name)(*args, **kwargs)
           ^^^^^^^^^^^^^^^^^^^^^^^^^^^^^^^^^^^^^^^^^^^^^^^^^^^
  File "/var/www/html/teyago/angola_api/venv/lib/python3.12/site-packages/django/db/models/query.py", line 636, in get
    raise self.model.MultipleObjectsReturned(
operation.models.User.MultipleObjectsReturned: get() returned more than one User -- it returned 4!
WARNING 2025-07-16 17:45:06,761 log 71155 130525445527232 Bad Request: /api/auth/register/
WARNING 2025-07-16 17:46:16,846 log 71155 130525344814784 Not Found: /api/users/28/update_profile/
WARNING 2025-07-16 17:59:54,091 log 71155 130525462312640 Bad Request: /api/projects/20/offers/
WARNING 2025-07-16 18:45:05,152 log 71155 130525445527232 Unauthorized: /
WARNING 2025-07-16 18:46:28,059 log 71155 130525453919936 Not Found: /robots.txt
WARNING 2025-07-16 18:46:28,309 log 71155 130525445527232 Not Found: /robots.txt
WARNING 2025-07-16 18:46:29,151 log 71155 130525453919936 Unauthorized: /
WARNING 2025-07-16 19:32:20,752 log 71155 130525445527232 Not Found: /robots.txt
WARNING 2025-07-16 19:32:21,392 log 71155 130525453919936 Unauthorized: /
WARNING 2025-07-16 21:26:31,047 log 71155 130525445527232 Unauthorized: /
WARNING 2025-07-16 22:17:31,981 log 71155 130525453919936 Not Found: /wp-admin/css/
WARNING 2025-07-16 22:17:40,332 log 71155 130525445527232 Not Found: /.well-known/
WARNING 2025-07-16 22:17:47,906 log 71155 130525453919936 Not Found: /sites/default/files/
WARNING 2025-07-16 22:18:12,408 log 71155 130525445527232 Not Found: /uploads/
WARNING 2025-07-16 22:18:20,544 log 71155 130525453919936 Not Found: /images/
WARNING 2025-07-16 22:18:32,403 log 71155 130525445527232 Not Found: /files/
WARNING 2025-07-16 22:27:02,402 log 71155 130525453919936 Not Found: /ab2g
WARNING 2025-07-16 22:27:03,947 log 71155 130525445527232 Not Found: /ab2h
WARNING 2025-07-16 22:27:05,456 log 71155 130525453919936 Not Found: /alive.php
WARNING 2025-07-16 22:27:13,464 log 71155 130525445527232 Unauthorized: /
WARNING 2025-07-16 22:27:14,457 log 71155 130525453919936 Not Found: /teorema505
WARNING 2025-07-16 22:59:12,210 log 71155 130525445527232 Unauthorized: /
WARNING 2025-07-16 23:11:07,660 log 71155 130525453919936 Unauthorized: /
WARNING 2025-07-16 23:11:08,113 log 71155 130525445527232 Not Found: /robots.txt
WARNING 2025-07-16 23:18:15,727 log 71155 130525453919936 Not Found: /owa/auth/logon.aspx
WARNING 2025-07-17 01:04:16,881 log 77500 130525454915264 Not Found: /robots.txt
WARNING 2025-07-17 01:52:00,608 log 77500 130525337417408 Unauthorized: /
WARNING 2025-07-17 01:52:02,183 log 77500 130525454915264 Not Found: /favicon.ico
WARNING 2025-07-17 02:30:53,020 log 77500 130525337417408 Not Found: /wp-includes/js/jquery/jquery.js
WARNING 2025-07-17 02:41:12,784 log 77500 130525454915264 Not Found: /.env
WARNING 2025-07-17 02:41:14,783 log 77500 130525337417408 Not Found: /.git/config
WARNING 2025-07-17 03:06:45,042 log 77500 130525454915264 Not Found: /robots.txt
WARNING 2025-07-17 03:06:45,702 log 77500 130525337417408 Unauthorized: /
WARNING 2025-07-17 03:34:21,537 log 77500 130525454915264 Not Found: /.env
WARNING 2025-07-17 03:55:41,515 log 77500 130525337417408 Not Found: /robots.txt
WARNING 2025-07-17 05:01:54,236 log 77500 130525454915264 Unauthorized: /
WARNING 2025-07-17 05:58:28,735 log 77500 130525337417408 Unauthorized: /
WARNING 2025-07-17 07:01:07,353 log 77500 130525454915264 Not Found: /wp-admin/css/
WARNING 2025-07-17 07:01:33,624 log 77500 130525337417408 Not Found: /.well-known/
WARNING 2025-07-17 07:01:57,601 log 77500 130525454915264 Not Found: /sites/default/files/
WARNING 2025-07-17 07:02:48,556 log 77500 130525337417408 Not Found: /uploads/
WARNING 2025-07-17 07:03:14,383 log 77500 130525454915264 Not Found: /images/
WARNING 2025-07-17 07:03:49,599 log 77500 130525337417408 Not Found: /files/
WARNING 2025-07-17 08:04:38,054 log 77500 130525454915264 Not Found: /robots.txt
WARNING 2025-07-17 08:24:07,611 log 77500 130525337417408 Unauthorized: /
WARNING 2025-07-17 08:24:08,152 log 77500 130525454915264 Not Found: /favicon.ico
WARNING 2025-07-17 09:26:09,638 log 77500 130525337417408 Unauthorized: /
WARNING 2025-07-17 09:26:10,270 log 77500 130525454915264 Unauthorized: /
WARNING 2025-07-17 12:16:34,277 log 77500 130525337417408 Unauthorized: /
WARNING 2025-07-17 13:54:38,645 log 77500 130525454915264 Unauthorized: /
WARNING 2025-07-17 13:54:40,684 log 77500 130525337417408 Not Found: /favicon.ico
WARNING 2025-07-17 14:00:39,648 log 77500 130525454915264 Not Found: /robots.txt
WARNING 2025-07-17 14:00:52,286 log 77500 130525337417408 Unauthorized: /
WARNING 2025-07-17 14:15:00,763 log 77500 130525454915264 Unauthorized: /
WARNING 2025-07-17 14:22:13,755 log 77500 130525337417408 Unauthorized: /
WARNING 2025-07-17 14:22:14,634 log 77500 130525454915264 Unauthorized: /
WARNING 2025-07-17 14:23:21,882 log 77500 130525337417408 Unauthorized: /
WARNING 2025-07-17 15:15:54,340 log 77500 130525454915264 Unauthorized: /
WARNING 2025-07-17 15:28:16,064 log 77500 130525337417408 Unauthorized: /
WARNING 2025-07-17 15:28:21,054 log 77500 130525454915264 Unauthorized: /
WARNING 2025-07-17 15:33:18,452 log 77500 130525337417408 Unauthorized: /
WARNING 2025-07-17 15:33:24,508 log 77500 130525454915264 Unauthorized: /
WARNING 2025-07-17 16:17:59,247 log 77500 130525337417408 Unauthorized: /
WARNING 2025-07-17 16:18:00,674 log 77500 130525454915264 Unauthorized: /
WARNING 2025-07-17 16:23:03,524 log 77500 130525337417408 Unauthorized: /
WARNING 2025-07-17 16:23:07,501 log 77500 130525454915264 Unauthorized: /
WARNING 2025-07-17 16:32:07,128 log 77500 130525337417408 Not Found: /.env
WARNING 2025-07-17 16:32:07,498 log 77500 130525454915264 Not Found: /.git/config
WARNING 2025-07-17 17:50:43,158 log 77500 130525337417408 Not Found: /robots.txt
WARNING 2025-07-17 17:50:44,258 log 77500 130525454915264 Unauthorized: /
WARNING 2025-07-17 19:11:06,697 log 77500 130525337417408 Unauthorized: /
WARNING 2025-07-17 19:39:50,178 log 77500 130525454915264 Unauthorized: /
WARNING 2025-07-17 19:40:51,409 log 77500 130525337417408 Not Found: /robots.txt
WARNING 2025-07-17 19:51:44,442 log 77500 130525454915264 Unauthorized: /
WARNING 2025-07-17 22:10:06,439 log 77500 130525337417408 Unauthorized: /
WARNING 2025-07-17 22:36:05,713 log 77500 130525337417408 Not Found: /robots.txt
WARNING 2025-07-17 23:11:27,589 log 77500 130525337417408 Unauthorized: /
WARNING 2025-07-17 23:16:08,518 log 77500 130525454915264 Unauthorized: /
WARNING 2025-07-18 00:15:29,174 log 83854 130525454915264 Unauthorized: /
WARNING 2025-07-18 00:16:07,769 log 83854 130525337417408 Unauthorized: /
WARNING 2025-07-18 01:15:06,713 log 83854 130525454915264 Unauthorized: /
WARNING 2025-07-18 01:26:34,270 log 83854 130525337417408 Not Found: /xmlrpc.php
WARNING 2025-07-18 01:31:38,655 log 83854 130525454915264 Not Found: /xmlrpc.php
WARNING 2025-07-18 01:42:09,674 log 83854 130525337417408 Not Found: /.env
WARNING 2025-07-18 01:42:10,327 log 83854 130525454915264 Not Found: /.git/config
WARNING 2025-07-18 02:30:28,085 log 83854 130525337417408 Unauthorized: /
WARNING 2025-07-18 04:13:13,055 log 83854 130525454915264 Unauthorized: /
WARNING 2025-07-18 05:57:22,434 log 83854 130525337417408 Unauthorized: /
WARNING 2025-07-18 06:22:22,186 log 85789 140475761678016 Not Found: /robots.txt
WARNING 2025-07-18 07:27:25,754 log 85789 140475644180160 Not Found: /ab2g
WARNING 2025-07-18 07:27:25,888 log 85789 140475761678016 Not Found: /ab2h
WARNING 2025-07-18 07:27:25,996 log 85789 140475644180160 Not Found: /alive.php
WARNING 2025-07-18 07:27:26,507 log 85789 140475761678016 Unauthorized: /
WARNING 2025-07-18 07:27:26,624 log 85789 140475644180160 Not Found: /teorema505
WARNING 2025-07-18 07:46:01,660 log 85789 140475761678016 Not Found: /favicon.ico
WARNING 2025-07-18 08:33:00,356 log 85789 140475761678016 Unauthorized: /
WARNING 2025-07-18 09:33:57,608 log 92885 136906666907328 Unauthorized: /
WARNING 2025-07-18 09:54:41,808 log 92885 136906666907328 Unauthorized: /
WARNING 2025-07-18 10:37:53,326 log 92885 136906650121920 Not Found: /api/users/2/update_profile/
WARNING 2025-07-18 10:38:05,732 log 92885 136906700478144 Not Found: /api/users/2/update_profile/
ERROR 2025-07-18 10:46:03,305 log 92885 136906666907328 Internal Server Error: /api/users/update_me/
Traceback (most recent call last):
  File "/var/www/html/teyago/angola_api/venv/lib/python3.12/site-packages/django/core/handlers/exception.py", line 55, in inner
    response = get_response(request)
               ^^^^^^^^^^^^^^^^^^^^^
  File "/var/www/html/teyago/angola_api/venv/lib/python3.12/site-packages/django/core/handlers/base.py", line 197, in _get_response
    response = wrapped_callback(request, *callback_args, **callback_kwargs)
               ^^^^^^^^^^^^^^^^^^^^^^^^^^^^^^^^^^^^^^^^^^^^^^^^^^^^^^^^^^^^
  File "/var/www/html/teyago/angola_api/venv/lib/python3.12/site-packages/django/views/decorators/csrf.py", line 65, in _view_wrapper
    return view_func(request, *args, **kwargs)
           ^^^^^^^^^^^^^^^^^^^^^^^^^^^^^^^^^^^
  File "/var/www/html/teyago/angola_api/venv/lib/python3.12/site-packages/rest_framework/viewsets.py", line 125, in view
    return self.dispatch(request, *args, **kwargs)
           ^^^^^^^^^^^^^^^^^^^^^^^^^^^^^^^^^^^^^^^
  File "/var/www/html/teyago/angola_api/venv/lib/python3.12/site-packages/rest_framework/views.py", line 515, in dispatch
    response = self.handle_exception(exc)
               ^^^^^^^^^^^^^^^^^^^^^^^^^^
  File "/var/www/html/teyago/angola_api/venv/lib/python3.12/site-packages/rest_framework/views.py", line 475, in handle_exception
    self.raise_uncaught_exception(exc)
  File "/var/www/html/teyago/angola_api/venv/lib/python3.12/site-packages/rest_framework/views.py", line 486, in raise_uncaught_exception
    raise exc
  File "/var/www/html/teyago/angola_api/venv/lib/python3.12/site-packages/rest_framework/views.py", line 512, in dispatch
    response = handler(request, *args, **kwargs)
               ^^^^^^^^^^^^^^^^^^^^^^^^^^^^^^^^^
  File "/var/www/html/teyago/angola_api/operation/views.py", line 434, in update_me
    serializer.save()
  File "/var/www/html/teyago/angola_api/venv/lib/python3.12/site-packages/rest_framework/serializers.py", line 205, in save
    self.instance = self.update(self.instance, validated_data)
                    ^^^^^^^^^^^^^^^^^^^^^^^^^^^^^^^^^^^^^^^^^^
  File "/var/www/html/teyago/angola_api/operation/serializers.py", line 78, in update
    instance.save()
  File "/var/www/html/teyago/angola_api/venv/lib/python3.12/site-packages/django/contrib/auth/base_user.py", line 65, in save
    super().save(*args, **kwargs)
  File "/var/www/html/teyago/angola_api/venv/lib/python3.12/site-packages/django/db/models/base.py", line 902, in save
    self.save_base(
  File "/var/www/html/teyago/angola_api/venv/lib/python3.12/site-packages/django/db/models/base.py", line 1008, in save_base
    updated = self._save_table(
              ^^^^^^^^^^^^^^^^^
  File "/var/www/html/teyago/angola_api/venv/lib/python3.12/site-packages/django/db/models/base.py", line 1132, in _save_table
    (getattr(self, f.attname) if raw else f.pre_save(self, False)),
                                          ^^^^^^^^^^^^^^^^^^^^^^^
  File "/var/www/html/teyago/angola_api/venv/lib/python3.12/site-packages/django/db/models/fields/files.py", line 338, in pre_save
    file.save(file.name, file.file, save=False)
  File "/var/www/html/teyago/angola_api/venv/lib/python3.12/site-packages/django/db/models/fields/files.py", line 99, in save
    self.name = self.storage.save(name, content, max_length=self.field.max_length)
                ^^^^^^^^^^^^^^^^^^^^^^^^^^^^^^^^^^^^^^^^^^^^^^^^^^^^^^^^^^^^^^^^^^
  File "/var/www/html/teyago/angola_api/venv/lib/python3.12/site-packages/django/core/files/storage/base.py", line 49, in save
    name = self._save(name, content)
           ^^^^^^^^^^^^^^^^^^^^^^^^^
  File "/var/www/html/teyago/angola_api/venv/lib/python3.12/site-packages/django/core/files/storage/filesystem.py", line 141, in _save
    for chunk in content.chunks():
  File "/var/www/html/teyago/angola_api/venv/lib/python3.12/site-packages/django/core/files/uploadedfile.py", line 119, in chunks
    self.file.seek(0)
ValueError: I/O operation on closed file.
ERROR 2025-07-18 10:48:20,656 log 92885 136906666907328 Internal Server Error: /api/users/update_me/
Traceback (most recent call last):
  File "/var/www/html/teyago/angola_api/venv/lib/python3.12/site-packages/django/core/handlers/exception.py", line 55, in inner
    response = get_response(request)
               ^^^^^^^^^^^^^^^^^^^^^
  File "/var/www/html/teyago/angola_api/venv/lib/python3.12/site-packages/django/core/handlers/base.py", line 197, in _get_response
    response = wrapped_callback(request, *callback_args, **callback_kwargs)
               ^^^^^^^^^^^^^^^^^^^^^^^^^^^^^^^^^^^^^^^^^^^^^^^^^^^^^^^^^^^^
  File "/var/www/html/teyago/angola_api/venv/lib/python3.12/site-packages/django/views/decorators/csrf.py", line 65, in _view_wrapper
    return view_func(request, *args, **kwargs)
           ^^^^^^^^^^^^^^^^^^^^^^^^^^^^^^^^^^^
  File "/var/www/html/teyago/angola_api/venv/lib/python3.12/site-packages/rest_framework/viewsets.py", line 125, in view
    return self.dispatch(request, *args, **kwargs)
           ^^^^^^^^^^^^^^^^^^^^^^^^^^^^^^^^^^^^^^^
  File "/var/www/html/teyago/angola_api/venv/lib/python3.12/site-packages/rest_framework/views.py", line 515, in dispatch
    response = self.handle_exception(exc)
               ^^^^^^^^^^^^^^^^^^^^^^^^^^
  File "/var/www/html/teyago/angola_api/venv/lib/python3.12/site-packages/rest_framework/views.py", line 475, in handle_exception
    self.raise_uncaught_exception(exc)
  File "/var/www/html/teyago/angola_api/venv/lib/python3.12/site-packages/rest_framework/views.py", line 486, in raise_uncaught_exception
    raise exc
  File "/var/www/html/teyago/angola_api/venv/lib/python3.12/site-packages/rest_framework/views.py", line 512, in dispatch
    response = handler(request, *args, **kwargs)
               ^^^^^^^^^^^^^^^^^^^^^^^^^^^^^^^^^
  File "/var/www/html/teyago/angola_api/operation/views.py", line 434, in update_me
    serializer.save()
  File "/var/www/html/teyago/angola_api/venv/lib/python3.12/site-packages/rest_framework/serializers.py", line 205, in save
    self.instance = self.update(self.instance, validated_data)
                    ^^^^^^^^^^^^^^^^^^^^^^^^^^^^^^^^^^^^^^^^^^
  File "/var/www/html/teyago/angola_api/operation/serializers.py", line 78, in update
    instance.save()
  File "/var/www/html/teyago/angola_api/venv/lib/python3.12/site-packages/django/contrib/auth/base_user.py", line 65, in save
    super().save(*args, **kwargs)
  File "/var/www/html/teyago/angola_api/venv/lib/python3.12/site-packages/django/db/models/base.py", line 902, in save
    self.save_base(
  File "/var/www/html/teyago/angola_api/venv/lib/python3.12/site-packages/django/db/models/base.py", line 1008, in save_base
    updated = self._save_table(
              ^^^^^^^^^^^^^^^^^
  File "/var/www/html/teyago/angola_api/venv/lib/python3.12/site-packages/django/db/models/base.py", line 1132, in _save_table
    (getattr(self, f.attname) if raw else f.pre_save(self, False)),
                                          ^^^^^^^^^^^^^^^^^^^^^^^
  File "/var/www/html/teyago/angola_api/venv/lib/python3.12/site-packages/django/db/models/fields/files.py", line 338, in pre_save
    file.save(file.name, file.file, save=False)
  File "/var/www/html/teyago/angola_api/venv/lib/python3.12/site-packages/django/db/models/fields/files.py", line 99, in save
    self.name = self.storage.save(name, content, max_length=self.field.max_length)
                ^^^^^^^^^^^^^^^^^^^^^^^^^^^^^^^^^^^^^^^^^^^^^^^^^^^^^^^^^^^^^^^^^^
  File "/var/www/html/teyago/angola_api/venv/lib/python3.12/site-packages/django/core/files/storage/base.py", line 49, in save
    name = self._save(name, content)
           ^^^^^^^^^^^^^^^^^^^^^^^^^
  File "/var/www/html/teyago/angola_api/venv/lib/python3.12/site-packages/django/core/files/storage/filesystem.py", line 141, in _save
    for chunk in content.chunks():
  File "/var/www/html/teyago/angola_api/venv/lib/python3.12/site-packages/django/core/files/uploadedfile.py", line 119, in chunks
    self.file.seek(0)
ValueError: I/O operation on closed file.
ERROR 2025-07-18 10:51:42,466 log 92885 136906666907328 Internal Server Error: /api/users/update_me/
Traceback (most recent call last):
  File "/var/www/html/teyago/angola_api/venv/lib/python3.12/site-packages/django/core/handlers/exception.py", line 55, in inner
    response = get_response(request)
               ^^^^^^^^^^^^^^^^^^^^^
  File "/var/www/html/teyago/angola_api/venv/lib/python3.12/site-packages/django/core/handlers/base.py", line 197, in _get_response
    response = wrapped_callback(request, *callback_args, **callback_kwargs)
               ^^^^^^^^^^^^^^^^^^^^^^^^^^^^^^^^^^^^^^^^^^^^^^^^^^^^^^^^^^^^
  File "/var/www/html/teyago/angola_api/venv/lib/python3.12/site-packages/django/views/decorators/csrf.py", line 65, in _view_wrapper
    return view_func(request, *args, **kwargs)
           ^^^^^^^^^^^^^^^^^^^^^^^^^^^^^^^^^^^
  File "/var/www/html/teyago/angola_api/venv/lib/python3.12/site-packages/rest_framework/viewsets.py", line 125, in view
    return self.dispatch(request, *args, **kwargs)
           ^^^^^^^^^^^^^^^^^^^^^^^^^^^^^^^^^^^^^^^
  File "/var/www/html/teyago/angola_api/venv/lib/python3.12/site-packages/rest_framework/views.py", line 515, in dispatch
    response = self.handle_exception(exc)
               ^^^^^^^^^^^^^^^^^^^^^^^^^^
  File "/var/www/html/teyago/angola_api/venv/lib/python3.12/site-packages/rest_framework/views.py", line 475, in handle_exception
    self.raise_uncaught_exception(exc)
  File "/var/www/html/teyago/angola_api/venv/lib/python3.12/site-packages/rest_framework/views.py", line 486, in raise_uncaught_exception
    raise exc
  File "/var/www/html/teyago/angola_api/venv/lib/python3.12/site-packages/rest_framework/views.py", line 512, in dispatch
    response = handler(request, *args, **kwargs)
               ^^^^^^^^^^^^^^^^^^^^^^^^^^^^^^^^^
  File "/var/www/html/teyago/angola_api/operation/views.py", line 434, in update_me
    serializer.save()
  File "/var/www/html/teyago/angola_api/venv/lib/python3.12/site-packages/rest_framework/serializers.py", line 205, in save
    self.instance = self.update(self.instance, validated_data)
                    ^^^^^^^^^^^^^^^^^^^^^^^^^^^^^^^^^^^^^^^^^^
  File "/var/www/html/teyago/angola_api/operation/serializers.py", line 78, in update
    instance.save()
  File "/var/www/html/teyago/angola_api/venv/lib/python3.12/site-packages/django/contrib/auth/base_user.py", line 65, in save
    super().save(*args, **kwargs)
  File "/var/www/html/teyago/angola_api/venv/lib/python3.12/site-packages/django/db/models/base.py", line 902, in save
    self.save_base(
  File "/var/www/html/teyago/angola_api/venv/lib/python3.12/site-packages/django/db/models/base.py", line 1008, in save_base
    updated = self._save_table(
              ^^^^^^^^^^^^^^^^^
  File "/var/www/html/teyago/angola_api/venv/lib/python3.12/site-packages/django/db/models/base.py", line 1132, in _save_table
    (getattr(self, f.attname) if raw else f.pre_save(self, False)),
                                          ^^^^^^^^^^^^^^^^^^^^^^^
  File "/var/www/html/teyago/angola_api/venv/lib/python3.12/site-packages/django/db/models/fields/files.py", line 338, in pre_save
    file.save(file.name, file.file, save=False)
  File "/var/www/html/teyago/angola_api/venv/lib/python3.12/site-packages/django/db/models/fields/files.py", line 99, in save
    self.name = self.storage.save(name, content, max_length=self.field.max_length)
                ^^^^^^^^^^^^^^^^^^^^^^^^^^^^^^^^^^^^^^^^^^^^^^^^^^^^^^^^^^^^^^^^^^
  File "/var/www/html/teyago/angola_api/venv/lib/python3.12/site-packages/django/core/files/storage/base.py", line 49, in save
    name = self._save(name, content)
           ^^^^^^^^^^^^^^^^^^^^^^^^^
  File "/var/www/html/teyago/angola_api/venv/lib/python3.12/site-packages/django/core/files/storage/filesystem.py", line 141, in _save
    for chunk in content.chunks():
  File "/var/www/html/teyago/angola_api/venv/lib/python3.12/site-packages/django/core/files/uploadedfile.py", line 119, in chunks
    self.file.seek(0)
ValueError: I/O operation on closed file.
INFO 2025-07-18 11:31:07,047 autoreload 94292 136076554412160 Watching for file changes with StatReloader
WARNING 2025-07-18 11:50:42,898 log 94585 139743524234944 Not Found: /robots.txt
WARNING 2025-07-18 11:50:43,167 log 94585 139743599769280 Not Found: /robots.txt
WARNING 2025-07-18 11:50:46,611 log 94585 139743524234944 Not Found: /robots.txt
WARNING 2025-07-18 11:50:47,028 log 94585 139743599769280 Unauthorized: /
WARNING 2025-07-18 11:50:51,337 log 94585 139743524234944 Not Found: /robots.txt
WARNING 2025-07-18 12:09:49,806 log 94585 139743599769280 Unauthorized: /
WARNING 2025-07-18 12:14:32,764 log 94585 139743524234944 Unauthorized: /
WARNING 2025-07-18 12:44:15,589 log 94585 139743599769280 Not Found: /owa/auth/logon.aspx
WARNING 2025-07-18 12:58:52,119 log 94585 139743524234944 Not Found: /robots.txt
WARNING 2025-07-18 12:58:52,172 log 94585 139743599769280 Not Found: /robots.txt
WARNING 2025-07-18 12:58:52,276 log 94585 139743524234944 Unauthorized: /
WARNING 2025-07-18 14:30:06,398 log 94585 139743599769280 Unauthorized: /
WARNING 2025-07-18 14:36:10,751 log 94585 139743524234944 Unauthorized: /
WARNING 2025-07-18 14:36:13,311 log 94585 139743599769280 Not Found: /favicon.ico
WARNING 2025-07-18 14:38:05,439 log 94585 139743524234944 Unauthorized: /
WARNING 2025-07-18 14:38:07,643 log 94585 139743599769280 Not Found: /favicon.ico
WARNING 2025-07-18 14:38:15,143 log 94585 139743524234944 Unauthorized: /
WARNING 2025-07-18 14:38:18,178 log 94585 139743599769280 Not Found: /favicon.ico
WARNING 2025-07-18 14:38:26,592 log 94585 139743524234944 Unauthorized: /
WARNING 2025-07-18 14:38:30,251 log 94585 139743599769280 Not Found: /favicon.ico
WARNING 2025-07-18 14:39:06,243 log 94585 139743524234944 Unauthorized: /
WARNING 2025-07-18 14:39:10,212 log 94585 139743599769280 Not Found: /favicon.ico
WARNING 2025-07-18 15:00:36,951 log 94585 139743524234944 Unauthorized: /
WARNING 2025-07-18 15:00:37,574 log 94585 139743599769280 Not Found: /favicon.ico
WARNING 2025-07-18 15:56:57,607 log 94585 139743524234944 Not Found: /xmlrpc.php
WARNING 2025-07-18 15:57:11,825 log 94585 139743599769280 Not Found: /xmlrpc.php
WARNING 2025-07-18 16:24:39,129 log 94585 139743524234944 Not Found: /.env
WARNING 2025-07-18 16:24:39,746 log 94585 139743599769280 Not Found: /.git/config
WARNING 2025-07-18 16:49:59,265 log 94585 139743524234944 Unauthorized: /
WARNING 2025-07-18 18:41:00,716 log 94585 139743599769280 Unauthorized: /
WARNING 2025-07-18 18:41:03,067 log 94585 139743524234944 Not Found: /.DS_Store
WARNING 2025-07-18 18:41:03,520 log 94585 139743599769280 Not Found: /.aws/credentials
WARNING 2025-07-18 18:41:03,643 log 94585 139743524234944 Not Found: /.azure/
WARNING 2025-07-18 18:41:05,717 log 94585 139743599769280 Not Found: /backend/.env
WARNING 2025-07-18 18:41:06,080 log 94585 139743524234944 Not Found: /.bash_history
WARNING 2025-07-18 18:41:06,215 log 94585 139743599769280 Not Found: /.bash_profile
WARNING 2025-07-18 18:41:06,336 log 94585 139743524234944 Not Found: /.bashrc
WARNING 2025-07-18 18:41:06,454 log 94585 139743599769280 Not Found: /.boto
WARNING 2025-07-18 18:41:06,584 log 94585 139743524234944 Not Found: /.bzr/
WARNING 2025-07-18 18:41:06,726 log 94585 139743599769280 Not Found: /.config/gcloud/
WARNING 2025-07-18 18:41:06,847 log 94585 139743524234944 Not Found: /.cshrc
WARNING 2025-07-18 18:41:06,997 log 94585 139743599769280 Not Found: /.docker/config.json
WARNING 2025-07-18 18:41:07,118 log 94585 139743524234944 Not Found: /.env
WARNING 2025-07-18 18:41:07,247 log 94585 139743599769280 Not Found: /.env.backup
WARNING 2025-07-18 18:41:07,388 log 94585 139743524234944 Not Found: /.env.dev
WARNING 2025-07-18 18:41:07,518 log 94585 139743599769280 Not Found: /.env.example
WARNING 2025-07-18 18:41:07,650 log 94585 139743524234944 Not Found: /.env.local
WARNING 2025-07-18 18:41:07,784 log 94585 139743599769280 Not Found: /.env.prod
WARNING 2025-07-18 18:41:07,919 log 94585 139743524234944 Not Found: /.env.testing
WARNING 2025-07-18 18:41:08,041 log 94585 139743599769280 Not Found: /.firebaserc
WARNING 2025-07-18 18:41:08,205 log 94585 139743524234944 Not Found: /.git/
WARNING 2025-07-18 18:41:08,332 log 94585 139743599769280 Not Found: /.git/HEAD
WARNING 2025-07-18 18:41:08,463 log 94585 139743524234944 Not Found: /.git/config
WARNING 2025-07-18 18:41:08,656 log 94585 139743599769280 Not Found: /.git/index
WARNING 2025-07-18 18:41:08,784 log 94585 139743524234944 Not Found: /.git/logs/HEAD
WARNING 2025-07-18 18:41:08,930 log 94585 139743599769280 Not Found: /.gitattributes
WARNING 2025-07-18 18:41:09,106 log 94585 139743524234944 Not Found: /.gitignore
WARNING 2025-07-18 18:41:09,222 log 94585 139743599769280 Not Found: /.gitmodules
WARNING 2025-07-18 18:41:09,339 log 94585 139743524234944 Not Found: /.hg/
WARNING 2025-07-18 18:41:09,464 log 94585 139743599769280 Not Found: /.htaccess
WARNING 2025-07-18 18:41:09,579 log 94585 139743524234944 Not Found: /.htpasswd
WARNING 2025-07-18 18:41:11,586 log 94585 139743599769280 Not Found: /.idea/
WARNING 2025-07-18 18:41:11,723 log 94585 139743524234944 Not Found: /.idea/.name
WARNING 2025-07-18 18:41:12,073 log 94585 139743599769280 Not Found: /.login
WARNING 2025-07-18 18:41:12,240 log 94585 139743524234944 Not Found: /.netrc
WARNING 2025-07-18 18:41:12,368 log 94585 139743599769280 Not Found: /.nginx.conf
WARNING 2025-07-18 18:41:14,278 log 94585 139743524234944 Not Found: /.npmrc
WARNING 2025-07-18 18:41:14,394 log 94585 139743599769280 Not Found: /.profile
WARNING 2025-07-18 18:41:14,610 log 94585 139743524234944 Not Found: /.ssh/config
WARNING 2025-07-18 18:41:14,983 log 94585 139743599769280 Not Found: /.ssh/id_rsa
WARNING 2025-07-18 18:41:15,112 log 94585 139743524234944 Not Found: /.ssh/id_rsa.pub
WARNING 2025-07-18 18:41:15,249 log 94585 139743599769280 Not Found: /.svn/
WARNING 2025-07-18 18:41:15,377 log 94585 139743524234944 Not Found: /.user.ini
WARNING 2025-07-18 18:41:15,495 log 94585 139743599769280 Not Found: /.vscode/
WARNING 2025-07-18 18:41:15,662 log 94585 139743524234944 Not Found: /.vscode/settings.json
WARNING 2025-07-18 18:41:15,789 log 94585 139743599769280 Not Found: /.well-known/security.txt
WARNING 2025-07-18 18:41:15,932 log 94585 139743524234944 Not Found: /.zshrc
WARNING 2025-07-18 18:41:16,089 log 94585 139743599769280 Unauthorized: /
WARNING 2025-07-18 18:41:16,206 log 94585 139743524234944 Unauthorized: /
WARNING 2025-07-18 18:41:16,323 log 94585 139743599769280 Unauthorized: /
WARNING 2025-07-18 18:41:16,452 log 94585 139743524234944 Unauthorized: /
WARNING 2025-07-18 18:41:16,568 log 94585 139743599769280 Unauthorized: /
WARNING 2025-07-18 18:41:18,370 log 94585 139743524234944 Unauthorized: /
WARNING 2025-07-18 18:41:18,487 log 94585 139743599769280 Unauthorized: /
WARNING 2025-07-18 18:41:18,609 log 94585 139743524234944 Unauthorized: /
WARNING 2025-07-18 18:41:18,726 log 94585 139743599769280 Unauthorized: /
WARNING 2025-07-18 18:41:18,842 log 94585 139743524234944 Unauthorized: /
WARNING 2025-07-18 18:41:19,039 log 94585 139743599769280 Not Found: /Gemfile.lock
WARNING 2025-07-18 18:41:19,420 log 94585 139743524234944 Not Found: /Pipfile.lock
WARNING 2025-07-18 18:41:19,549 log 94585 139743599769280 Not Found: /Procfile
WARNING 2025-07-18 18:41:19,687 log 94585 139743524234944 Not Found: /Thumbs.db
WARNING 2025-07-18 18:41:21,383 log 94585 139743599769280 Not Found: /_debugbar
WARNING 2025-07-18 18:41:21,753 log 94585 139743524234944 Not Found: /access.log
WARNING 2025-07-18 18:41:21,880 log 94585 139743599769280 Not Found: /account
WARNING 2025-07-18 18:41:22,009 log 94585 139743524234944 Not Found: /actuator
WARNING 2025-07-18 18:41:22,190 log 94585 139743599769280 Not Found: /actuator/env
WARNING 2025-07-18 18:41:22,319 log 94585 139743524234944 Not Found: /actuator/health
WARNING 2025-07-18 18:41:22,504 log 94585 139743599769280 Not Found: /actuator/metrics
WARNING 2025-07-18 18:41:28,170 log 94585 139743524234944 Not Found: /admin-console
WARNING 2025-07-18 18:41:28,544 log 94585 139743599769280 Not Found: /admin.aspx
WARNING 2025-07-18 18:41:28,676 log 94585 139743524234944 Not Found: /admin.html
WARNING 2025-07-18 18:41:30,916 log 94585 139743599769280 Not Found: /admin.php
WARNING 2025-07-18 18:42:03,972 log 94585 139743599769280 Not Found: /admin_backup
WARNING 2025-07-18 18:42:04,369 log 94585 139743524234944 Not Found: /admin_console
WARNING 2025-07-18 18:42:04,551 log 94585 139743599769280 Not Found: /admin_panel
WARNING 2025-07-18 18:42:05,731 log 94585 139743524234944 Not Found: /admincp
WARNING 2025-07-18 18:42:05,984 log 94585 139743599769280 Not Found: /adminer
WARNING 2025-07-18 18:42:06,221 log 94585 139743524234944 Not Found: /adminer.php
WARNING 2025-07-18 18:42:06,354 log 94585 139743599769280 Not Found: /administrator
WARNING 2025-07-18 18:42:06,490 log 94585 139743524234944 Not Found: /api/auth
WARNING 2025-07-18 18:42:06,624 log 94585 139743599769280 Not Found: /api/config
WARNING 2025-07-18 18:42:06,755 log 94585 139743524234944 Not Found: /api/credentials
WARNING 2025-07-18 18:42:06,941 log 94585 139743599769280 Not Found: /api/debug
WARNING 2025-07-18 18:42:07,074 log 94585 139743524234944 Not Found: /api/docs
WARNING 2025-07-18 18:42:07,205 log 94585 139743599769280 Not Found: /api/keys
WARNING 2025-07-18 18:42:07,439 log 94585 139743524234944 Not Found: /api/login
WARNING 2025-07-18 18:42:07,576 log 94585 139743599769280 Not Found: /api/register
WARNING 2025-07-18 18:42:07,713 log 94585 139743524234944 Not Found: /api/token
WARNING 2025-07-18 18:42:07,853 log 94585 139743599769280 Not Found: /api/user
WARNING 2025-07-18 18:42:07,984 log 94585 139743524234944 Not Found: /api/.env
WARNING 2025-07-18 18:42:08,137 log 94585 139743599769280 Not Found: /app.js
WARNING 2025-07-18 18:42:08,269 log 94585 139743524234944 Not Found: /app/bootstrap.php
WARNING 2025-07-18 18:42:08,403 log 94585 139743599769280 Not Found: /.env.production
WARNING 2025-07-18 18:42:08,552 log 94585 139743524234944 Not Found: /.env.test
WARNING 2025-07-18 18:42:08,686 log 94585 139743599769280 Not Found: /application.properties
WARNING 2025-07-18 18:42:08,820 log 94585 139743524234944 Not Found: /application.yml
WARNING 2025-07-18 18:42:09,058 log 94585 139743599769280 Not Found: /config/services.php
WARNING 2025-07-18 18:42:09,192 log 94585 139743524234944 Not Found: /settings.py
WARNING 2025-07-18 18:42:11,514 log 94585 139743599769280 Not Found: /app/etc/env.php
WARNING 2025-07-18 18:42:11,882 log 94585 139743524234944 Not Found: /appsettings.json
WARNING 2025-07-18 18:42:12,015 log 94585 139743599769280 Not Found: /auth
WARNING 2025-07-18 18:42:12,150 log 94585 139743524234944 Not Found: /auth.php
WARNING 2025-07-18 18:42:12,281 log 94585 139743599769280 Not Found: /backend
WARNING 2025-07-18 18:42:12,438 log 94585 139743524234944 Not Found: /backup.rar
WARNING 2025-07-18 18:42:12,608 log 94585 139743599769280 Not Found: /backup.sql
WARNING 2025-07-18 18:42:12,739 log 94585 139743524234944 Not Found: /backup.tar
WARNING 2025-07-18 18:42:12,945 log 94585 139743599769280 Not Found: /backup.zip
WARNING 2025-07-18 18:42:13,076 log 94585 139743524234944 Not Found: /bootstrap/cache/
WARNING 2025-07-18 18:42:14,925 log 94585 139743599769280 Not Found: /bower_components/
WARNING 2025-07-18 18:42:15,344 log 94585 139743524234944 Not Found: /build.gradle
WARNING 2025-07-18 18:42:15,487 log 94585 139743599769280 Not Found: /cgi-bin/
WARNING 2025-07-18 18:42:15,660 log 94585 139743524234944 Not Found: /cms-admin
WARNING 2025-07-18 18:42:15,792 log 94585 139743599769280 Not Found: /composer.lock
WARNING 2025-07-18 18:42:15,924 log 94585 139743524234944 Not Found: /config.bak
WARNING 2025-07-18 18:42:16,157 log 94585 139743599769280 Not Found: /config.ini
WARNING 2025-07-18 18:42:16,291 log 94585 139743524234944 Not Found: /config.json
WARNING 2025-07-18 18:42:16,436 log 94585 139743599769280 Not Found: /config.old
WARNING 2025-07-18 18:42:16,601 log 94585 139743524234944 Not Found: /config.php
WARNING 2025-07-18 18:42:16,733 log 94585 139743599769280 Not Found: /config.php.save
WARNING 2025-07-18 18:42:16,929 log 94585 139743524234944 Not Found: /config.php~
WARNING 2025-07-18 18:42:17,063 log 94585 139743599769280 Not Found: /config.yaml
WARNING 2025-07-18 18:42:17,197 log 94585 139743524234944 Not Found: /config.yml
WARNING 2025-07-18 18:42:17,335 log 94585 139743599769280 Not Found: /config/app.php
WARNING 2025-07-18 18:42:17,465 log 94585 139743524234944 Not Found: /config/database.php
WARNING 2025-07-18 18:42:17,604 log 94585 139743599769280 Not Found: /config/database.yml
WARNING 2025-07-18 18:42:17,742 log 94585 139743524234944 Not Found: /config/secrets.yml
WARNING 2025-07-18 18:42:17,873 log 94585 139743599769280 Not Found: /console
WARNING 2025-07-18 18:42:18,004 log 94585 139743524234944 Not Found: /consul
WARNING 2025-07-18 18:42:18,211 log 94585 139743599769280 Not Found: /controlpanel
WARNING 2025-07-18 18:42:18,345 log 94585 139743524234944 Not Found: /core/lib/Drupal.php
WARNING 2025-07-18 18:42:18,482 log 94585 139743599769280 Not Found: /cpanel
WARNING 2025-07-18 18:42:18,627 log 94585 139743524234944 Not Found: /credentials.json
WARNING 2025-07-18 18:42:18,764 log 94585 139743599769280 Not Found: /dashboard
WARNING 2025-07-18 18:42:18,927 log 94585 139743524234944 Not Found: /dashboard-admin
WARNING 2025-07-18 18:42:19,058 log 94585 139743599769280 Not Found: /database.sql
WARNING 2025-07-18 18:42:19,201 log 94585 139743524234944 Not Found: /db.bak
WARNING 2025-07-18 18:42:19,342 log 94585 139743599769280 Not Found: /db.old
WARNING 2025-07-18 18:42:19,476 log 94585 139743524234944 Not Found: /db.sql
WARNING 2025-07-18 18:42:19,634 log 94585 139743599769280 Not Found: /dbadmin
WARNING 2025-07-18 18:42:19,799 log 94585 139743524234944 Not Found: /debug
WARNING 2025-07-18 18:42:19,930 log 94585 139743599769280 Not Found: /debug.log
WARNING 2025-07-18 18:42:20,068 log 94585 139743524234944 Not Found: /debug.php
WARNING 2025-07-18 18:42:20,214 log 94585 139743599769280 Not Found: /debug/vars
WARNING 2025-07-18 18:42:20,347 log 94585 139743524234944 Not Found: /default.conf
WARNING 2025-07-18 18:42:20,520 log 94585 139743599769280 Not Found: /dev.js
WARNING 2025-07-18 18:42:20,652 log 94585 139743524234944 Not Found: /dev.php
WARNING 2025-07-18 18:42:20,785 log 94585 139743599769280 Not Found: /drupal/
WARNING 2025-07-18 18:42:20,982 log 94585 139743524234944 Not Found: /drupal/admin
WARNING 2025-07-18 18:42:21,114 log 94585 139743599769280 Not Found: /drupal/user
WARNING 2025-07-18 18:42:21,261 log 94585 139743524234944 Not Found: /dump.bak
WARNING 2025-07-18 18:42:21,395 log 94585 139743599769280 Not Found: /dump.old
WARNING 2025-07-18 18:42:21,534 log 94585 139743524234944 Not Found: /dump.sql
WARNING 2025-07-18 18:42:21,734 log 94585 139743599769280 Not Found: /dump.tar.gz
WARNING 2025-07-18 18:42:21,864 log 94585 139743524234944 Not Found: /dump.zip
WARNING 2025-07-18 18:42:21,999 log 94585 139743599769280 Not Found: /env
WARNING 2025-07-18 18:42:22,129 log 94585 139743524234944 Not Found: /env.bak
WARNING 2025-07-18 18:42:22,288 log 94585 139743599769280 Not Found: /env.old
WARNING 2025-07-18 18:42:22,468 log 94585 139743524234944 Not Found: /env.save
WARNING 2025-07-18 18:42:22,599 log 94585 139743599769280 Not Found: /env.tmp
WARNING 2025-07-18 18:42:22,827 log 94585 139743524234944 Not Found: /env_copy
WARNING 2025-07-18 18:42:22,958 log 94585 139743599769280 Not Found: /error/
WARNING 2025-07-18 18:42:24,817 log 94585 139743524234944 Not Found: /error_log
WARNING 2025-07-18 18:42:25,221 log 94585 139743599769280 Not Found: /etc/apache2/apache2.conf
WARNING 2025-07-18 18:42:25,359 log 94585 139743524234944 Not Found: /etc/httpd/conf/httpd.conf
WARNING 2025-07-18 18:42:25,501 log 94585 139743599769280 Not Found: /etc/mysql/my.cnf
WARNING 2025-07-18 18:42:25,635 log 94585 139743524234944 Not Found: /etc/nginx/nginx.conf
WARNING 2025-07-18 18:42:25,773 log 94585 139743599769280 Not Found: /etc/postgresql/14/main/pg_hba.conf
WARNING 2025-07-18 18:42:25,966 log 94585 139743524234944 Not Found: /etc/postgresql/14/main/postgresql.conf
WARNING 2025-07-18 18:42:26,099 log 94585 139743599769280 Not Found: /etcd
WARNING 2025-07-18 18:42:27,723 log 94585 139743524234944 Not Found: /firebase.json
WARNING 2025-07-18 18:42:28,132 log 94585 139743599769280 Not Found: /go.sum
WARNING 2025-07-18 18:42:28,307 log 94585 139743524234944 Not Found: /grafana
WARNING 2025-07-18 18:42:28,886 log 94585 139743599769280 Not Found: /id_rsa.pub
WARNING 2025-07-18 18:42:29,282 log 94585 139743524234944 Not Found: /index.bak
WARNING 2025-07-18 18:42:31,198 log 94585 139743599769280 Not Found: /index.php.bak
WARNING 2025-07-18 18:42:33,150 log 94585 139743524234944 Not Found: /index.php~
WARNING 2025-07-18 18:42:33,534 log 94585 139743599769280 Not Found: /info.php
WARNING 2025-07-18 18:42:33,672 log 94585 139743524234944 Not Found: /install.php
WARNING 2025-07-18 18:42:33,861 log 94585 139743599769280 Not Found: /jenkins
WARNING 2025-07-18 18:42:33,998 log 94585 139743524234944 Not Found: /joomla/
WARNING 2025-07-18 18:42:36,039 log 94585 139743599769280 Not Found: /key.pem
WARNING 2025-07-18 18:42:36,420 log 94585 139743524234944 Not Found: /kibana
WARNING 2025-07-18 18:42:36,580 log 94585 139743599769280 Not Found: /license.txt
WARNING 2025-07-18 18:42:36,729 log 94585 139743524234944 Not Found: /local_settings.py
WARNING 2025-07-18 18:42:36,866 log 94585 139743599769280 Not Found: /login
WARNING 2025-07-18 18:42:37,043 log 94585 139743524234944 Not Found: /logs/
WARNING 2025-07-18 18:42:37,181 log 94585 139743599769280 Not Found: /main.old
WARNING 2025-07-18 18:42:39,273 log 94585 139743524234944 Not Found: /manual/
WARNING 2025-07-18 18:42:39,653 log 94585 139743599769280 Not Found: /metrics
WARNING 2025-07-18 18:42:39,790 log 94585 139743524234944 Not Found: /monitoring
WARNING 2025-07-18 18:42:39,974 log 94585 139743599769280 Not Found: /mysql.dump
WARNING 2025-07-18 18:42:40,108 log 94585 139743524234944 Not Found: /mysql.sql
WARNING 2025-07-18 18:42:40,248 log 94585 139743599769280 Not Found: /netdata
WARNING 2025-07-18 18:42:40,430 log 94585 139743524234944 Not Found: /next.config.js
WARNING 2025-07-18 18:42:40,567 log 94585 139743599769280 Not Found: /nginx_status
WARNING 2025-07-18 18:42:42,707 log 94585 139743524234944 Not Found: /node_modules/
WARNING 2025-07-18 18:42:44,733 log 94585 139743599769280 Not Found: /null
WARNING 2025-07-18 18:42:46,770 log 94585 139743524234944 Not Found: /nuxt.config.js
WARNING 2025-07-18 18:42:47,151 log 94585 139743599769280 Not Found: /openapi.json
WARNING 2025-07-18 18:42:47,290 log 94585 139743524234944 Not Found: /package-lock.json
WARNING 2025-07-18 18:42:47,498 log 94585 139743599769280 Not Found: /packages/
WARNING 2025-07-18 18:42:47,635 log 94585 139743524234944 Not Found: /pgsql.dump
WARNING 2025-07-18 18:42:47,780 log 94585 139743599769280 Not Found: /pgsql.sql
WARNING 2025-07-18 18:42:47,920 log 94585 139743524234944 Not Found: /php.ini
WARNING 2025-07-18 18:42:48,057 log 94585 139743599769280 Not Found: /phpMyAdmin/
WARNING 2025-07-18 18:42:48,288 log 94585 139743524234944 Not Found: /phpinfo.php
WARNING 2025-07-18 18:42:48,425 log 94585 139743599769280 Not Found: /phpmyadmin
WARNING 2025-07-18 18:42:48,565 log 94585 139743524234944 Not Found: /phpmyadmin/index.php
WARNING 2025-07-18 18:42:48,702 log 94585 139743599769280 Not Found: /phpmyadmin/scripts/setup.php
WARNING 2025-07-18 18:42:48,841 log 94585 139743524234944 Not Found: /poetry.lock
WARNING 2025-07-18 18:42:49,099 log 94585 139743599769280 Not Found: /pom.xml
WARNING 2025-07-18 18:42:49,236 log 94585 139743524234944 Not Found: /prestashop/
WARNING 2025-07-18 18:42:49,377 log 94585 139743599769280 Not Found: /private.key
WARNING 2025-07-18 18:42:49,511 log 94585 139743524234944 Not Found: /prometheus
WARNING 2025-07-18 18:42:49,664 log 94585 139743599769280 Not Found: /public/storage/
WARNING 2025-07-18 18:42:49,859 log 94585 139743524234944 Not Found: /readme.html
WARNING 2025-07-18 18:42:49,993 log 94585 139743599769280 Not Found: /requirements.txt
WARNING 2025-07-18 18:42:50,130 log 94585 139743524234944 Not Found: /robots.txt
WARNING 2025-07-18 18:42:51,735 log 94585 139743599769280 Not Found: /routes/api.php
WARNING 2025-07-18 18:42:52,116 log 94585 139743524234944 Not Found: /routes/web.php
WARNING 2025-07-18 18:42:52,256 log 94585 139743599769280 Not Found: /runtime.txt
WARNING 2025-07-18 18:42:52,418 log 94585 139743524234944 Not Found: /secrets.json
WARNING 2025-07-18 18:42:52,707 log 94585 139743599769280 Not Found: /server.js
WARNING 2025-07-18 18:42:52,888 log 94585 139743524234944 Not Found: /settings.gradle
WARNING 2025-07-18 18:42:53,027 log 94585 139743599769280 Not Found: /settings.json
WARNING 2025-07-18 18:42:53,229 log 94585 139743524234944 Not Found: /setup.php
WARNING 2025-07-18 18:42:53,368 log 94585 139743599769280 Not Found: /signin
WARNING 2025-07-18 18:42:55,376 log 94585 139743524234944 Not Found: /site-backup.tar.gz
WARNING 2025-07-18 18:42:55,800 log 94585 139743599769280 Not Found: /sites/default/settings.php
WARNING 2025-07-18 18:42:55,944 log 94585 139743524234944 Not Found: /sql.bak
WARNING 2025-07-18 18:42:56,092 log 94585 139743599769280 Not Found: /storage/framework/cache/
WARNING 2025-07-18 18:42:56,231 log 94585 139743524234944 Not Found: /storage/framework/sessions/
WARNING 2025-07-18 18:42:56,383 log 94585 139743599769280 Not Found: /storage/logs/laravel.log
WARNING 2025-07-18 18:42:56,544 log 94585 139743524234944 Not Found: /swagger-ui
WARNING 2025-07-18 18:42:56,681 log 94585 139743599769280 Not Found: /swagger-ui.html
WARNING 2025-07-18 18:42:56,835 log 94585 139743524234944 Not Found: /swagger-ui/
WARNING 2025-07-18 18:42:56,972 log 94585 139743599769280 Not Found: /test.php
WARNING 2025-07-18 18:42:57,108 log 94585 139743524234944 Not Found: /test/null
WARNING 2025-07-18 18:42:57,252 log 94585 139743599769280 Not Found: /test/undefined
WARNING 2025-07-18 18:42:57,387 log 94585 139743524234944 Not Found: /typo3/
WARNING 2025-07-18 18:42:57,524 log 94585 139743599769280 Not Found: /undefined
WARNING 2025-07-18 18:42:57,663 log 94585 139743524234944 Not Found: /update.php
WARNING 2025-07-18 18:42:57,798 log 94585 139743599769280 Not Found: /upgrade.php
WARNING 2025-07-18 18:42:57,935 log 94585 139743524234944 Not Found: /user
WARNING 2025-07-18 18:42:58,120 log 94585 139743599769280 Not Found: /users.json
WARNING 2025-07-18 18:42:58,259 log 94585 139743524234944 Not Found: /v2/api-docs
WARNING 2025-07-18 18:42:58,398 log 94585 139743599769280 Not Found: /var
WARNING 2025-07-18 18:42:58,578 log 94585 139743524234944 Not Found: /var/log/apache2/access.log
WARNING 2025-07-18 18:42:58,715 log 94585 139743599769280 Not Found: /var/log/apache2/error.log
WARNING 2025-07-18 18:42:58,856 log 94585 139743524234944 Not Found: /var/log/nginx/access.log
WARNING 2025-07-18 18:42:59,019 log 94585 139743599769280 Not Found: /var/log/nginx/error.log
WARNING 2025-07-18 18:42:59,179 log 94585 139743524234944 Not Found: /vault
WARNING 2025-07-18 18:42:59,315 log 94585 139743599769280 Not Found: /vendor/
WARNING 2025-07-18 18:42:59,462 log 94585 139743524234944 Not Found: /vite.config.ts
WARNING 2025-07-18 18:42:59,597 log 94585 139743599769280 Not Found: /web.config
WARNING 2025-07-18 18:42:59,744 log 94585 139743524234944 Not Found: /wp-admin/
WARNING 2025-07-18 18:42:59,880 log 94585 139743599769280 Not Found: /wp-config.php
WARNING 2025-07-18 18:43:00,018 log 94585 139743524234944 Not Found: /wp-content/debug.log
WARNING 2025-07-18 18:43:00,192 log 94585 139743599769280 Not Found: /wp-content/uploads/
WARNING 2025-07-18 18:43:00,328 log 94585 139743524234944 Not Found: /wp-cron.php
WARNING 2025-07-18 18:43:02,198 log 94585 139743599769280 Not Found: /wp-includes/
WARNING 2025-07-18 18:43:02,604 log 94585 139743524234944 Not Found: /wp-json/wp/v2/users
WARNING 2025-07-18 18:43:02,741 log 94585 139743599769280 Not Found: /wp-login.php
WARNING 2025-07-18 18:43:05,165 log 94585 139743524234944 Not Found: /xmlrpc.php
WARNING 2025-07-18 18:43:05,544 log 94585 139743599769280 Not Found: /yarn.lock
WARNING 2025-07-18 18:43:05,682 log 94585 139743524234944 Not Found: /:15672
WARNING 2025-07-18 18:43:05,824 log 94585 139743599769280 Not Found: /:19999
WARNING 2025-07-18 18:43:05,964 log 94585 139743524234944 Not Found: /:2181
WARNING 2025-07-18 18:43:06,102 log 94585 139743599769280 Not Found: /:2375
WARNING 2025-07-18 18:43:06,292 log 94585 139743524234944 Not Found: /:2376
WARNING 2025-07-18 18:43:06,431 log 94585 139743599769280 Not Found: /:2379
WARNING 2025-07-18 18:43:06,575 log 94585 139743524234944 Not Found: /:2380
WARNING 2025-07-18 18:43:09,253 log 94585 139743599769280 Not Found: /:3000
WARNING 2025-07-18 18:43:09,659 log 94585 139743524234944 Not Found: /:5601
WARNING 2025-07-18 18:43:09,792 log 94585 139743599769280 Not Found: /:5984
WARNING 2025-07-18 18:43:09,928 log 94585 139743524234944 Not Found: /:6379
WARNING 2025-07-18 18:43:10,083 log 94585 139743599769280 Not Found: /:7001
WARNING 2025-07-18 18:43:10,215 log 94585 139743524234944 Not Found: /:8080
WARNING 2025-07-18 18:43:10,428 log 94585 139743599769280 Not Found: /:8200
WARNING 2025-07-18 18:43:10,563 log 94585 139743524234944 Not Found: /:8500
WARNING 2025-07-18 18:43:10,701 log 94585 139743599769280 Not Found: /:9000
WARNING 2025-07-18 18:43:10,868 log 94585 139743524234944 Not Found: /:9060
WARNING 2025-07-18 18:43:11,001 log 94585 139743599769280 Not Found: /:9090
WARNING 2025-07-18 18:43:11,171 log 94585 139743524234944 Not Found: /:9200
WARNING 2025-07-18 18:43:11,304 log 94585 139743599769280 Not Found: /:9300
WARNING 2025-07-18 18:43:11,443 log 94585 139743524234944 Not Found: /.config/msmtp/config
WARNING 2025-07-18 18:43:11,584 log 94585 139743599769280 Not Found: /.mailrc
WARNING 2025-07-18 18:43:11,717 log 94585 139743524234944 Not Found: /app/config/config.ini
WARNING 2025-07-18 18:43:11,850 log 94585 139743599769280 Not Found: /app/config/parameters.yml
WARNING 2025-07-18 18:43:11,991 log 94585 139743524234944 Not Found: /config/email.json
WARNING 2025-07-18 18:43:12,134 log 94585 139743599769280 Not Found: /config/email.php
WARNING 2025-07-18 18:43:12,266 log 94585 139743524234944 Not Found: /config/email.yml
WARNING 2025-07-18 18:43:12,420 log 94585 139743599769280 Not Found: /config/mail.php
WARNING 2025-07-18 18:43:12,553 log 94585 139743524234944 Not Found: /config/smtp.php
WARNING 2025-07-18 18:43:12,691 log 94585 139743599769280 Not Found: /email.php
WARNING 2025-07-18 18:43:12,832 log 94585 139743524234944 Not Found: /etc/exim4/update-exim4.conf.conf
WARNING 2025-07-18 18:43:12,970 log 94585 139743599769280 Not Found: /etc/mail/sendmail.cf
WARNING 2025-07-18 18:43:13,106 log 94585 139743524234944 Not Found: /etc/mail/sendmail.mc
WARNING 2025-07-18 18:43:13,242 log 94585 139743599769280 Not Found: /etc/msmtprc
WARNING 2025-07-18 18:43:13,374 log 94585 139743524234944 Not Found: /etc/postfix/main.cf
WARNING 2025-07-18 18:43:13,507 log 94585 139743599769280 Not Found: /etc/qmail/control/smtproutes
WARNING 2025-07-18 18:43:13,685 log 94585 139743524234944 Not Found: /etc/ssmtp/ssmtp.conf
WARNING 2025-07-18 18:43:13,815 log 94585 139743599769280 Not Found: /etc/zimbra/config.xml
WARNING 2025-07-18 18:43:13,955 log 94585 139743524234944 Not Found: /mail.php
WARNING 2025-07-18 18:43:14,123 log 94585 139743599769280 Not Found: /sendmail.ini
WARNING 2025-07-18 18:43:14,255 log 94585 139743524234944 Not Found: /smtp.php
WARNING 2025-07-18 18:43:14,389 log 94585 139743599769280 Not Found: /.aws/config
WARNING 2025-07-18 18:43:14,556 log 94585 139743524234944 Not Found: /.env.aws
WARNING 2025-07-18 18:43:14,690 log 94585 139743599769280 Not Found: /aws-ses.json
WARNING 2025-07-18 18:43:16,744 log 94585 139743524234944 Not Found: /aws.env
WARNING 2025-07-18 18:43:17,130 log 94585 139743599769280 Not Found: /aws.env.json
WARNING 2025-07-18 18:43:17,263 log 94585 139743524234944 Not Found: /aws.json
WARNING 2025-07-18 18:43:17,401 log 94585 139743599769280 Not Found: /aws.yaml
WARNING 2025-07-18 18:43:17,547 log 94585 139743524234944 Not Found: /aws.yml
WARNING 2025-07-18 18:43:17,680 log 94585 139743599769280 Not Found: /config/aws.php
WARNING 2025-07-18 18:43:17,816 log 94585 139743524234944 Not Found: /config/mailjet.php
WARNING 2025-07-18 18:43:17,968 log 94585 139743599769280 Not Found: /config/sendgrid.php
WARNING 2025-07-18 18:43:18,101 log 94585 139743524234944 Not Found: /mailjet.config.json
WARNING 2025-07-18 18:43:18,235 log 94585 139743599769280 Not Found: /mailjet.env
WARNING 2025-07-18 18:43:18,377 log 94585 139743524234944 Not Found: /sendgrid.env
WARNING 2025-07-18 18:43:18,510 log 94585 139743599769280 Not Found: /sendgrid.env.json
WARNING 2025-07-18 18:43:18,653 log 94585 139743524234944 Not Found: /sendgrid.json
WARNING 2025-07-18 18:43:18,785 log 94585 139743599769280 Not Found: /sendgrid.yaml
WARNING 2025-07-18 18:43:18,917 log 94585 139743524234944 Not Found: /sendgrid.yml
WARNING 2025-07-18 18:43:19,055 log 94585 139743599769280 Not Found: /xkeysib.json
WARNING 2025-07-18 18:43:19,211 log 94585 139743524234944 Not Found: /xkeysib.yaml
WARNING 2025-07-18 18:43:19,345 log 94585 139743599769280 Not Found: /xkeysib.yml
WARNING 2025-07-18 18:43:19,477 log 94585 139743524234944 Not Found: /app/config/http.conf
WARNING 2025-07-18 18:43:19,626 log 94585 139743599769280 Not Found: /conf/httpd.conf
WARNING 2025-07-18 18:43:19,760 log 94585 139743524234944 Not Found: /etc/apache2/ports.conf
WARNING 2025-07-18 18:43:19,929 log 94585 139743599769280 Not Found: /etc/apache2/sites-available/
WARNING 2025-07-18 18:43:20,064 log 94585 139743524234944 Not Found: /etc/apache2/sites-enabled/
WARNING 2025-07-18 18:43:20,198 log 94585 139743599769280 Not Found: /etc/caddy/Caddyfile
WARNING 2025-07-18 18:43:20,387 log 94585 139743524234944 Not Found: /etc/httpd/conf.d/
WARNING 2025-07-18 18:43:20,519 log 94585 139743599769280 Not Found: /etc/lighttpd/lighttpd.conf
WARNING 2025-07-18 18:43:20,651 log 94585 139743524234944 Not Found: /etc/nginx/sites-available/
WARNING 2025-07-18 18:43:20,823 log 94585 139743599769280 Not Found: /etc/nginx/sites-enabled/
WARNING 2025-07-18 18:43:20,956 log 94585 139743524234944 Not Found: /server.conf
WARNING 2025-07-18 18:43:21,088 log 94585 139743599769280 Not Found: /usr/local/apache2/conf/httpd.conf
WARNING 2025-07-18 18:43:21,251 log 94585 139743524234944 Not Found: /usr/local/etc/Caddyfile
WARNING 2025-07-18 18:43:21,383 log 94585 139743599769280 Not Found: /usr/local/etc/lighttpd.conf
WARNING 2025-07-18 18:43:21,516 log 94585 139743524234944 Not Found: /usr/local/nginx/conf/nginx.conf
WARNING 2025-07-18 18:43:21,714 log 94585 139743599769280 Not Found: /_profiler/phpinfo
WARNING 2025-07-18 18:43:21,847 log 94585 139743524234944 Not Found: /app/.env
WARNING 2025-07-18 18:43:23,824 log 94585 139743599769280 Not Found: /.svn/wc.db
WARNING 2025-07-18 18:43:24,212 log 94585 139743524234944 Not Found: /server-info
WARNING 2025-07-18 18:43:24,344 log 94585 139743599769280 Not Found: /laravel/.env
WARNING 2025-07-18 18:43:24,489 log 94585 139743524234944 Not Found: /old/aws_config
WARNING 2025-07-18 18:43:24,620 log 94585 139743599769280 Not Found: /.env.development
WARNING 2025-07-18 18:43:24,753 log 94585 139743524234944 Not Found: /.svn/log
WARNING 2025-07-18 18:43:37,261 log 94585 139743599769280 Not Found: /bootstrap
WARNING 2025-07-18 18:43:39,545 log 94585 139743524234944 Not Found: /bootstrap/cache/config.php
WARNING 2025-07-18 18:43:39,926 log 94585 139743599769280 Not Found: /bootstrap/cache/packages.php
WARNING 2025-07-18 18:43:40,065 log 94585 139743524234944 Not Found: /bootstrap/cache/routes.php
WARNING 2025-07-18 18:43:40,277 log 94585 139743599769280 Not Found: /bootstrap/cache/services.php
WARNING 2025-07-18 18:43:40,412 log 94585 139743524234944 Not Found: /cache/config.php
WARNING 2025-07-18 18:43:40,555 log 94585 139743599769280 Not Found: /conf.d/00-default.conf
WARNING 2025-07-18 18:43:40,726 log 94585 139743524234944 Not Found: /config.php.bak
WARNING 2025-07-18 18:43:40,863 log 94585 139743599769280 Not Found: /config/auth.php
WARNING 2025-07-18 18:43:41,028 log 94585 139743524234944 Not Found: /config/broadcasting.php
WARNING 2025-07-18 18:43:41,165 log 94585 139743599769280 Not Found: /config/cache.php
WARNING 2025-07-18 18:43:41,321 log 94585 139743524234944 Not Found: /config/env.php
WARNING 2025-07-18 18:43:41,500 log 94585 139743599769280 Not Found: /config/filesystems.php
WARNING 2025-07-18 18:43:41,635 log 94585 139743524234944 Not Found: /config/queue.php
WARNING 2025-07-18 18:43:41,782 log 94585 139743599769280 Not Found: /config/view.php
WARNING 2025-07-18 18:43:41,917 log 94585 139743524234944 Not Found: /core/config/config.inc.php
WARNING 2025-07-18 18:43:42,054 log 94585 139743599769280 Not Found: /env.php
WARNING 2025-07-18 18:43:42,211 log 94585 139743524234944 Not Found: /includes/config.php
WARNING 2025-07-18 18:43:42,344 log 94585 139743599769280 Not Found: /includes/database.php
WARNING 2025-07-18 18:43:42,479 log 94585 139743524234944 Not Found: /includes/settings.php
WARNING 2025-07-18 18:43:42,717 log 94585 139743599769280 Not Found: /lib/config.php
WARNING 2025-07-18 18:43:42,854 log 94585 139743524234944 Not Found: /nginx/sites-enabled/default
WARNING 2025-07-18 18:43:45,257 log 94585 139743599769280 Not Found: /runtime/config.php
WARNING 2025-07-18 18:43:45,658 log 94585 139743524234944 Not Found: /storage/framework/cache/data/
WARNING 2025-07-18 18:43:45,795 log 94585 139743599769280 Not Found: /tmp/config.json
WARNING 2025-07-18 18:43:45,961 log 94585 139743524234944 Not Found: /webapp/config.json
WARNING 2025-07-18 18:43:46,098 log 94585 139743599769280 Not Found: /.svn/LOCK
WARNING 2025-07-18 18:43:48,426 log 94585 139743524234944 Not Found: /.svn/README.txt
WARNING 2025-07-18 18:43:48,838 log 94585 139743599769280 Not Found: /.svn/all-wcprops
WARNING 2025-07-18 18:43:48,972 log 94585 139743524234944 Not Found: /.svn/auth/
WARNING 2025-07-18 18:43:49,148 log 94585 139743599769280 Not Found: /.svn/dir-prop-base
WARNING 2025-07-18 18:43:49,284 log 94585 139743524234944 Not Found: /.svn/dir-props
WARNING 2025-07-18 18:43:49,435 log 94585 139743599769280 Not Found: /.svn/entries
WARNING 2025-07-18 18:43:49,605 log 94585 139743524234944 Not Found: /.svn/format
WARNING 2025-07-18 18:43:49,743 log 94585 139743599769280 Not Found: /.svn/pristine/
WARNING 2025-07-18 18:43:49,978 log 94585 139743524234944 Not Found: /.svn/prop-base/
WARNING 2025-07-18 18:43:50,120 log 94585 139743599769280 Not Found: /.svn/prop-base/props
WARNING 2025-07-18 18:43:50,286 log 94585 139743524234944 Not Found: /.svn/props/
WARNING 2025-07-18 18:43:50,421 log 94585 139743599769280 Not Found: /.svn/props/props
WARNING 2025-07-18 18:43:50,559 log 94585 139743524234944 Not Found: /.svn/text-base/
WARNING 2025-07-18 18:43:50,745 log 94585 139743599769280 Not Found: /.svn/tmp/
WARNING 2025-07-18 18:43:50,921 log 94585 139743524234944 Not Found: /.svn/tmp/tempfile
WARNING 2025-07-18 18:43:51,115 log 94585 139743599769280 Not Found: /wp-admin/admin-ajax.php
WARNING 2025-07-18 18:43:51,251 log 94585 139743524234944 Not Found: /wp-admin/admin-post.php
WARNING 2025-07-18 18:43:51,393 log 94585 139743599769280 Not Found: /wp-admin/install.php
WARNING 2025-07-18 18:43:51,550 log 94585 139743524234944 Not Found: /wp-admin/setup-config.php
WARNING 2025-07-18 18:43:51,686 log 94585 139743599769280 Not Found: /wp-backup.sql
WARNING 2025-07-18 18:43:51,820 log 94585 139743524234944 Not Found: /wp-config-sample.php
WARNING 2025-07-18 18:43:51,970 log 94585 139743599769280 Not Found: /wp-content/
WARNING 2025-07-18 18:43:52,105 log 94585 139743524234944 Not Found: /wp-content/backups/
WARNING 2025-07-18 18:43:52,260 log 94585 139743599769280 Not Found: /wp-content/plugins/
WARNING 2025-07-18 18:43:52,395 log 94585 139743524234944 Not Found: /wp-content/plugins/adminer/
WARNING 2025-07-18 18:43:52,535 log 94585 139743599769280 Not Found: /wp-content/plugins/akismet/
WARNING 2025-07-18 18:43:52,734 log 94585 139743524234944 Not Found: /wp-content/plugins/all-in-one-wp-migration/readme.txt
WARNING 2025-07-18 18:43:52,867 log 94585 139743599769280 Not Found: /wp-content/plugins/contact-form-7/
WARNING 2025-07-18 18:43:54,860 log 94585 139743524234944 Not Found: /wp-content/plugins/duplicator/readme.txt
WARNING 2025-07-18 18:43:55,245 log 94585 139743599769280 Not Found: /wp-content/plugins/index.php
WARNING 2025-07-18 18:43:55,381 log 94585 139743524234944 Not Found: /wp-content/plugins/revslider/
WARNING 2025-07-18 18:43:55,530 log 94585 139743599769280 Not Found: /wp-content/plugins/wp-db-backup/readme.txt
WARNING 2025-07-18 18:43:55,713 log 94585 139743524234944 Not Found: /wp-content/plugins/wp-file-manager/readme.txt
WARNING 2025-07-18 18:43:55,849 log 94585 139743599769280 Not Found: /wp-content/themes/
WARNING 2025-07-18 18:43:56,028 log 94585 139743524234944 Not Found: /wp-content/themes/index.php
WARNING 2025-07-18 18:43:56,164 log 94585 139743599769280 Not Found: /wp-content/uploads/backup.zip
WARNING 2025-07-18 18:43:56,309 log 94585 139743524234944 Not Found: /wp-json/
WARNING 2025-07-18 18:43:56,488 log 94585 139743599769280 Not Found: /wp-json/jwt-auth/v1/token
WARNING 2025-07-18 18:43:56,624 log 94585 139743524234944 Not Found: /wp-json/oembed/1.0/embed
WARNING 2025-07-18 18:43:56,840 log 94585 139743599769280 Not Found: /wp-json/wp/v2/posts
WARNING 2025-07-18 18:43:56,979 log 94585 139743524234944 Not Found: /wp-mail.php
WARNING 2025-07-18 18:43:57,154 log 94585 139743599769280 Not Found: /wp-register.php
WARNING 2025-07-18 18:43:57,291 log 94585 139743524234944 Not Found: /wp-signup.php
WARNING 2025-07-18 18:43:57,431 log 94585 139743599769280 Not Found: /CHANGELOG.txt
WARNING 2025-07-18 18:44:16,139 log 94585 139743599769280 Not Found: /core/
WARNING 2025-07-18 18:44:16,529 log 94585 139743524234944 Not Found: /core/install.php
WARNING 2025-07-18 18:44:16,659 log 94585 139743599769280 Not Found: /core/scripts/password-hash.sh
WARNING 2025-07-18 18:44:16,790 log 94585 139743524234944 Not Found: /misc/drupal.js
WARNING 2025-07-18 18:44:16,971 log 94585 139743599769280 Not Found: /sites/all/modules/
WARNING 2025-07-18 18:44:17,101 log 94585 139743524234944 Not Found: /sites/default/files/
WARNING 2025-07-18 18:44:19,138 log 94585 139743599769280 Not Found: /sites/default/settings.local.php
WARNING 2025-07-18 18:44:21,041 log 94585 139743524234944 Not Found: /user/login
WARNING 2025-07-18 18:44:21,415 log 94585 139743599769280 Not Found: /user/register
WARNING 2025-07-18 18:44:23,739 log 94585 139743524234944 Not Found: /user/reset
WARNING 2025-07-18 18:44:24,144 log 94585 139743599769280 Not Found: /administrator/
WARNING 2025-07-18 18:44:24,333 log 94585 139743524234944 Not Found: /components/com_content/
WARNING 2025-07-18 18:44:26,152 log 94585 139743599769280 Not Found: /components/com_users/
WARNING 2025-07-18 18:44:26,544 log 94585 139743524234944 Not Found: /configuration.php
WARNING 2025-07-18 18:44:26,676 log 94585 139743599769280 Not Found: /index.php
WARNING 2025-07-18 18:44:26,814 log 94585 139743524234944 Not Found: /index.php
WARNING 2025-07-18 18:44:26,946 log 94585 139743599769280 Not Found: /installation/
WARNING 2025-07-18 18:44:27,081 log 94585 139743524234944 Not Found: /language/en-GB/en-GB.ini
WARNING 2025-07-18 18:44:27,219 log 94585 139743599769280 Not Found: /templates/beez3/
WARNING 2025-07-18 18:44:27,375 log 94585 139743524234944 Not Found: /tmp/
WARNING 2025-07-18 18:44:32,895 log 94585 139743524234944 Not Found: /downloader/
WARNING 2025-07-18 18:44:33,277 log 94585 139743599769280 Not Found: /index.php/admin
WARNING 2025-07-18 18:44:33,427 log 94585 139743524234944 Not Found: /index.php/install
WARNING 2025-07-18 18:44:33,564 log 94585 139743599769280 Not Found: /index.php/updater
WARNING 2025-07-18 18:44:35,474 log 94585 139743524234944 Not Found: /magento_version
WARNING 2025-07-18 18:44:37,553 log 94585 139743599769280 Not Found: /pub/errors/
WARNING 2025-07-18 18:44:37,937 log 94585 139743524234944 Not Found: /pub/media/
WARNING 2025-07-18 18:44:38,073 log 94585 139743599769280 Not Found: /pub/static/
WARNING 2025-07-18 18:44:38,230 log 94585 139743524234944 Not Found: /setup/
WARNING 2025-07-18 18:44:38,366 log 94585 139743599769280 Not Found: /update/
WARNING 2025-07-18 18:44:38,506 log 94585 139743524234944 Not Found: /var/log/
WARNING 2025-07-18 18:44:38,738 log 94585 139743599769280 Not Found: /var/report/
WARNING 2025-07-18 18:44:38,875 log 94585 139743524234944 Not Found: /admin-dev/
WARNING 2025-07-18 18:44:39,022 log 94585 139743599769280 Not Found: /app/config/config.yml
WARNING 2025-07-18 18:44:39,157 log 94585 139743524234944 Not Found: /app/config/parameters.php
WARNING 2025-07-18 18:44:39,302 log 94585 139743599769280 Not Found: /config/settings.inc.php
WARNING 2025-07-18 18:44:39,536 log 94585 139743524234944 Not Found: /docs/
WARNING 2025-07-18 18:44:39,672 log 94585 139743599769280 Not Found: /install-dev/
WARNING 2025-07-18 18:44:42,184 log 94585 139743524234944 Not Found: /install/
WARNING 2025-07-18 18:44:42,582 log 94585 139743599769280 Not Found: /modules/
WARNING 2025-07-18 18:44:42,719 log 94585 139743524234944 Not Found: /readme.md
WARNING 2025-07-18 18:44:42,868 log 94585 139743599769280 Not Found: /themes/
WARNING 2025-07-18 18:44:43,003 log 94585 139743524234944 Not Found: /translations/
WARNING 2025-07-18 18:44:43,138 log 94585 139743599769280 Not Found: /var/cache/
WARNING 2025-07-18 18:44:43,298 log 94585 139743524234944 Not Found: /var/logs/
WARNING 2025-07-18 18:44:43,426 log 94585 139743599769280 Not Found: /.babelrc
WARNING 2025-07-18 18:44:43,566 log 94585 139743524234944 Not Found: /.env.sample
WARNING 2025-07-18 18:44:43,735 log 94585 139743599769280 Not Found: /.eslint.js
WARNING 2025-07-18 18:44:43,872 log 94585 139743524234944 Not Found: /.eslintrc.js
WARNING 2025-07-18 18:44:46,283 log 94585 139743599769280 Not Found: /.prettierrc
WARNING 2025-07-18 18:44:46,409 log 94585 139743524234944 Not Found: /.stylelintrc
WARNING 2025-07-18 18:44:46,570 log 94585 139743599769280 Not Found: /babel.config.js
WARNING 2025-07-18 18:44:46,994 log 94585 139743524234944 Not Found: /build/
WARNING 2025-07-18 18:44:47,288 log 94585 139743599769280 Not Found: /dist/
WARNING 2025-07-18 18:44:47,440 log 94585 139743524234944 Not Found: /package.json
WARNING 2025-07-18 18:44:47,598 log 94585 139743599769280 Not Found: /public/manifest.json
WARNING 2025-07-18 18:44:47,735 log 94585 139743524234944 Not Found: /public/service-worker.js
WARNING 2025-07-18 18:44:48,188 log 94585 139743599769280 Not Found: /tsconfig.json
WARNING 2025-07-18 18:44:48,421 log 94585 139743524234944 Not Found: /vite.config.js
WARNING 2025-07-18 18:44:48,557 log 94585 139743599769280 Not Found: /webpack.config.js
WARNING 2025-07-18 18:44:50,924 log 94585 139743524234944 Not Found: /angular.json
WARNING 2025-07-18 18:44:51,304 log 94585 139743599769280 Not Found: /karma.conf.js
WARNING 2025-07-18 18:44:51,443 log 94585 139743524234944 Not Found: /protractor.conf.js
WARNING 2025-07-18 18:44:51,582 log 94585 139743599769280 Not Found: /src/assets/
WARNING 2025-07-18 18:44:51,719 log 94585 139743524234944 Not Found: /src/environments/environment.prod.ts
WARNING 2025-07-18 18:44:51,857 log 94585 139743599769280 Not Found: /src/environments/environment.ts
WARNING 2025-07-18 18:44:52,004 log 94585 139743524234944 Not Found: /src/main.ts
WARNING 2025-07-18 18:44:52,141 log 94585 139743599769280 Not Found: /src/styles.scss
WARNING 2025-07-18 18:44:52,268 log 94585 139743524234944 Not Found: /.next/
WARNING 2025-07-18 18:44:52,424 log 94585 139743599769280 Not Found: /.nuxt/
WARNING 2025-07-18 18:44:52,558 log 94585 139743524234944 Not Found: /env.local
WARNING 2025-07-18 18:44:52,696 log 94585 139743599769280 Not Found: /middleware.js
WARNING 2025-07-18 18:44:52,852 log 94585 139743524234944 Not Found: /netlify.toml
WARNING 2025-07-18 18:44:52,988 log 94585 139743599769280 Not Found: /out/
WARNING 2025-07-18 18:44:53,124 log 94585 139743524234944 Not Found: /pages/api/
WARNING 2025-07-18 18:44:53,280 log 94585 139743599769280 Not Found: /public/env.json
WARNING 2025-07-18 18:44:53,539 log 94585 139743524234944 Not Found: /vercel.json
WARNING 2025-07-18 18:44:53,715 log 94585 139743599769280 Not Found: /.blitz/
WARNING 2025-07-18 18:44:53,840 log 94585 139743524234944 Not Found: /.cache/
WARNING 2025-07-18 18:44:56,260 log 94585 139743599769280 Not Found: /.eleventy.js
WARNING 2025-07-18 18:44:56,653 log 94585 139743524234944 Not Found: /.svelte-kit/
WARNING 2025-07-18 18:44:56,790 log 94585 139743599769280 Not Found: /_site/
WARNING 2025-07-18 18:44:56,928 log 94585 139743524234944 Not Found: /app/entry.client.tsx
WARNING 2025-07-18 18:44:57,065 log 94585 139743599769280 Not Found: /app/entry.server.tsx
WARNING 2025-07-18 18:44:57,205 log 94585 139743524234944 Not Found: /app/routes/
WARNING 2025-07-18 18:44:57,412 log 94585 139743599769280 Not Found: /astro.config.mjs
WARNING 2025-07-18 18:44:57,550 log 94585 139743524234944 Not Found: /blitz.config.js
WARNING 2025-07-18 18:45:00,042 log 94585 139743599769280 Not Found: /db/
WARNING 2025-07-18 18:45:00,445 log 94585 139743524234944 Not Found: /eleventy.config.js
WARNING 2025-07-18 18:45:00,707 log 94585 139743599769280 Not Found: /gatsby-config.js
WARNING 2025-07-18 18:45:00,853 log 94585 139743524234944 Not Found: /gatsby-node.js
WARNING 2025-07-18 18:45:00,997 log 94585 139743599769280 Not Found: /public/
WARNING 2025-07-18 18:45:01,187 log 94585 139743524234944 Not Found: /public/build/
WARNING 2025-07-18 18:45:01,327 log 94585 139743599769280 Not Found: /public/manifest.webmanifest
WARNING 2025-07-18 18:45:03,336 log 94585 139743524234944 Not Found: /remix.config.js
WARNING 2025-07-18 18:45:03,767 log 94585 139743599769280 Not Found: /remix.env
WARNING 2025-07-18 18:45:05,715 log 94585 139743524234944 Not Found: /src/
WARNING 2025-07-18 18:45:06,095 log 94585 139743599769280 Not Found: /src/pages/
WARNING 2025-07-18 18:45:06,233 log 94585 139743524234944 Not Found: /src/routes/
WARNING 2025-07-18 18:45:06,400 log 94585 139743599769280 Not Found: /svelte.config.js
WARNING 2025-07-18 18:45:06,539 log 94585 139743524234944 Not Found: /Default.aspx
WARNING 2025-07-18 18:45:06,699 log 94585 139743599769280 Not Found: /akamai/sureroute-test-object.html
WARNING 2025-07-18 18:45:06,891 log 94585 139743524234944 Not Found: /api/transact.dll
WARNING 2025-07-18 18:45:07,028 log 94585 139743599769280 Not Found: /content/robots.txt
WARNING 2025-07-18 18:45:07,209 log 94585 139743524234944 Not Found: /pages/home
WARNING 2025-07-18 18:45:07,345 log 94585 139743599769280 Not Found: /cdn-cgi/trace
WARNING 2025-07-18 18:45:07,524 log 94585 139743524234944 Not Found: /cloudfront/signature
WARNING 2025-07-18 18:45:07,692 log 94585 139743599769280 Not Found: /envoy-admin
WARNING 2025-07-18 18:45:07,829 log 94585 139743524234944 Not Found: /fb-pixel.js
WARNING 2025-07-18 18:45:07,989 log 94585 139743599769280 Not Found: /adsbygoogle.js
WARNING 2025-07-18 18:45:08,141 log 94585 139743524234944 Not Found: /analytics.js
WARNING 2025-07-18 18:45:08,278 log 94585 139743599769280 Not Found: /gtag/js
WARNING 2025-07-18 18:45:08,418 log 94585 139743524234944 Not Found: /WEB-INF/web.xml
WARNING 2025-07-18 18:45:08,556 log 94585 139743599769280 Not Found: /login.jsp
WARNING 2025-07-18 18:45:08,699 log 94585 139743524234944 Not Found: /livechat/
WARNING 2025-07-18 18:45:08,856 log 94585 139743599769280 Not Found: /matomo.php
WARNING 2025-07-18 18:45:08,996 log 94585 139743524234944 Not Found: /piwik.php
WARNING 2025-07-18 18:45:09,135 log 94585 139743599769280 Not Found: /mailchimp/subscribe
WARNING 2025-07-18 18:45:11,564 log 94585 139743524234944 Not Found: /lua_status
WARNING 2025-07-18 18:45:13,906 log 94585 139743599769280 Not Found: /paypal/ipn
WARNING 2025-07-18 18:45:14,289 log 94585 139743524234944 Not Found: /login_up.php3
WARNING 2025-07-18 18:45:14,424 log 94585 139743599769280 Not Found: /plesk-stat/
WARNING 2025-07-18 18:45:16,414 log 94585 139743524234944 Not Found: /.well-known/shopify/
WARNING 2025-07-18 18:45:16,798 log 94585 139743599769280 Not Found: /sitemap.xml
WARNING 2025-07-18 18:45:16,937 log 94585 139743524234944 Not Found: /sucuri-firewall/
WARNING 2025-07-18 18:45:17,079 log 94585 139743599769280 Not Found: /typo3conf/ext/
WARNING 2025-07-18 18:45:17,214 log 94585 139743524234944 Not Found: /debug/varnish/
WARNING 2025-07-18 18:45:17,366 log 94585 139743599769280 Not Found: /_vercel/insights
WARNING 2025-07-18 18:45:17,522 log 94585 139743524234944 Not Found: /editor/
WARNING 2025-07-18 18:45:17,658 log 94585 139743599769280 Not Found: /files/theme/
WARNING 2025-07-18 18:45:17,818 log 94585 139743524234944 Not Found: /wp-content/plugins/woocommerce/
WARNING 2025-07-18 18:45:17,988 log 94585 139743599769280 Not Found: /wp-json/wc/v3/
WARNING 2025-07-18 18:45:18,125 log 94585 139743524234944 Not Found: /watch.js
WARNING 2025-07-18 18:45:18,273 log 94585 139743599769280 Not Found: /includes/configure.php
WARNING 2025-07-18 18:45:18,411 log 94585 139743524234944 Not Found: /hc/en-us
WARNING 2025-07-18 18:45:18,563 log 94585 139743599769280 Not Found: /application/configs/application.ini
WARNING 2025-07-18 18:45:18,714 log 94585 139743524234944 Not Found: /adm/index.php
WARNING 2025-07-18 18:45:18,849 log 94585 139743599769280 Not Found: /admincp/
WARNING 2025-07-18 18:45:18,988 log 94585 139743524234944 Not Found: /conf/config.php
WARNING 2025-07-18 18:45:19,135 log 94585 139743599769280 Not Found: /xtAdmin/
WARNING 2025-07-18 18:45:19,276 log 94585 139743524234944 Not Found: /config/cryptomus.json
WARNING 2025-07-18 18:45:19,417 log 94585 139743599769280 Not Found: /config/cryptomus.php
WARNING 2025-07-18 18:45:19,574 log 94585 139743524234944 Not Found: /config/cryptomus.yaml
WARNING 2025-07-18 18:45:19,713 log 94585 139743599769280 Not Found: /cryptomus-credentials.json
WARNING 2025-07-18 18:45:21,890 log 94585 139743524234944 Not Found: /cryptomus-keys.json
WARNING 2025-07-18 18:45:22,279 log 94585 139743599769280 Not Found: /cryptomus.config.js
WARNING 2025-07-18 18:45:24,617 log 94585 139743524234944 Not Found: /cryptomus.env
WARNING 2025-07-18 18:45:24,995 log 94585 139743599769280 Not Found: /cryptomus.json
WARNING 2025-07-18 18:45:25,140 log 94585 139743524234944 Not Found: /cryptomus.yaml
WARNING 2025-07-18 18:45:25,318 log 94585 139743599769280 Not Found: /src/config/cryptomus.js
WARNING 2025-07-18 18:45:25,455 log 94585 139743524234944 Not Found: /src/config/cryptomus.ts
WARNING 2025-07-18 18:45:27,476 log 94585 139743599769280 Not Found: /.paypal/
WARNING 2025-07-18 18:45:27,637 log 94585 139743524234944 Not Found: /.well-known/paypal.txt
WARNING 2025-07-18 18:45:29,566 log 94585 139743599769280 Not Found: /config/paypal.json
WARNING 2025-07-18 18:45:31,988 log 94585 139743524234944 Not Found: /config/paypal.php
WARNING 2025-07-18 18:45:32,371 log 94585 139743599769280 Not Found: /config/paypal.yaml
WARNING 2025-07-18 18:45:32,507 log 94585 139743524234944 Not Found: /paypal-credentials.json
WARNING 2025-07-18 18:45:32,729 log 94585 139743599769280 Not Found: /paypal.config.js
WARNING 2025-07-18 18:45:32,867 log 94585 139743524234944 Not Found: /paypal.env
WARNING 2025-07-18 18:45:34,964 log 94585 139743599769280 Not Found: /paypal.json
WARNING 2025-07-18 18:45:35,393 log 94585 139743524234944 Not Found: /src/config/paypal.js
WARNING 2025-07-18 18:45:35,564 log 94585 139743599769280 Not Found: /src/config/paypal.ts
WARNING 2025-07-18 18:45:35,699 log 94585 139743524234944 Not Found: /coinbase-commerce.config.js
WARNING 2025-07-18 18:45:38,132 log 94585 139743599769280 Not Found: /coinbase-commerce.json
WARNING 2025-07-18 18:45:38,512 log 94585 139743524234944 Not Found: /coinbase-commerce.yaml
WARNING 2025-07-18 18:45:38,651 log 94585 139743599769280 Not Found: /coinbase-credentials.json
WARNING 2025-07-18 18:45:38,912 log 94585 139743524234944 Not Found: /coinbase-keys.json
WARNING 2025-07-18 18:45:39,050 log 94585 139743599769280 Not Found: /coinbase.config.js
WARNING 2025-07-18 18:45:39,214 log 94585 139743524234944 Not Found: /coinbase.env
WARNING 2025-07-18 18:45:39,356 log 94585 139743599769280 Not Found: /config/coinbase.json
WARNING 2025-07-18 18:45:39,498 log 94585 139743524234944 Not Found: /config/coinbase.php
WARNING 2025-07-18 18:45:39,639 log 94585 139743599769280 Not Found: /src/config/coinbase.js
WARNING 2025-07-18 18:45:39,780 log 94585 139743524234944 Not Found: /src/config/coinbase.ts
WARNING 2025-07-18 18:45:39,924 log 94585 139743599769280 Not Found: /binance-credentials.json
WARNING 2025-07-18 18:45:40,125 log 94585 139743524234944 Not Found: /binance-keys.json
WARNING 2025-07-18 18:45:40,267 log 94585 139743599769280 Not Found: /binance-pay.json
WARNING 2025-07-18 18:45:40,411 log 94585 139743524234944 Not Found: /binance.env
WARNING 2025-07-18 18:45:40,548 log 94585 139743599769280 Not Found: /binancepay.config.js
WARNING 2025-07-18 18:45:40,688 log 94585 139743524234944 Not Found: /binancepay.yaml
WARNING 2025-07-18 18:45:40,910 log 94585 139743599769280 Not Found: /config/binance.php
WARNING 2025-07-18 18:45:41,046 log 94585 139743524234944 Not Found: /config/binancepay.json
WARNING 2025-07-18 18:45:41,191 log 94585 139743599769280 Not Found: /src/config/binance.js
WARNING 2025-07-18 18:45:41,364 log 94585 139743524234944 Not Found: /src/config/binance.ts
WARNING 2025-07-18 18:45:41,503 log 94585 139743599769280 Not Found: /braintree-credentials.json
WARNING 2025-07-18 18:45:41,711 log 94585 139743524234944 Not Found: /braintree-keys.json
WARNING 2025-07-18 18:45:41,848 log 94585 139743599769280 Not Found: /braintree.config.js
WARNING 2025-07-18 18:45:42,026 log 94585 139743524234944 Not Found: /braintree.env
WARNING 2025-07-18 18:45:42,161 log 94585 139743599769280 Not Found: /braintree.json
WARNING 2025-07-18 18:45:42,306 log 94585 139743524234944 Not Found: /braintree.yaml
WARNING 2025-07-18 18:45:42,489 log 94585 139743599769280 Not Found: /config/braintree.json
WARNING 2025-07-18 18:45:42,626 log 94585 139743524234944 Not Found: /config/braintree.php
WARNING 2025-07-18 18:45:42,799 log 94585 139743599769280 Not Found: /src/config/braintree.js
WARNING 2025-07-18 18:45:42,937 log 94585 139743524234944 Not Found: /src/config/braintree.ts
WARNING 2025-07-18 18:45:44,961 log 94585 139743599769280 Not Found: /.circleci/config.yml
WARNING 2025-07-18 18:45:45,342 log 94585 139743524234944 Not Found: /.dockerignore
WARNING 2025-07-18 18:45:48,153 log 94585 139743599769280 Not Found: /.github/workflows/main.yml
WARNING 2025-07-18 18:45:48,533 log 94585 139743524234944 Not Found: /.gitlab-ci.yml
WARNING 2025-07-18 18:45:48,676 log 94585 139743599769280 Not Found: /.travis.yml
WARNING 2025-07-18 18:45:48,859 log 94585 139743524234944 Not Found: /Dockerfile
WARNING 2025-07-18 18:45:48,998 log 94585 139743599769280 Not Found: /api-keys.json
WARNING 2025-07-18 18:45:51,439 log 94585 139743524234944 Not Found: /api.config
WARNING 2025-07-18 18:45:51,836 log 94585 139743599769280 Not Found: /auth.json
WARNING 2025-07-18 18:45:51,980 log 94585 139743524234944 Not Found: /client.config
WARNING 2025-07-18 18:45:54,191 log 94585 139743599769280 Not Found: /config/config.go
WARNING 2025-07-18 18:45:54,572 log 94585 139743524234944 Not Found: /config/environment.rb
WARNING 2025-07-18 18:45:54,713 log 94585 139743599769280 Not Found: /docker-compose.yml
WARNING 2025-07-18 18:45:54,857 log 94585 139743524234944 Not Found: /helm/Chart.yaml
WARNING 2025-07-18 18:45:54,994 log 94585 139743599769280 Not Found: /helm/values.yaml
WARNING 2025-07-18 18:45:55,133 log 94585 139743524234944 Not Found: /k8s/deployment.yaml
WARNING 2025-07-18 18:45:55,314 log 94585 139743599769280 Not Found: /k8s/service.yaml
WARNING 2025-07-18 18:45:55,451 log 94585 139743524234944 Not Found: /keys.json
WARNING 2025-07-18 18:45:55,602 log 94585 139743599769280 Not Found: /project/config.json
WARNING 2025-07-18 18:45:55,758 log 94585 139743524234944 Not Found: /project/settings.py
WARNING 2025-07-18 18:45:55,895 log 94585 139743599769280 Not Found: /server/config/env.json
WARNING 2025-07-18 18:45:58,317 log 94585 139743524234944 Not Found: /settings.js
WARNING 2025-07-18 18:45:58,732 log 94585 139743599769280 Not Found: /site.config
WARNING 2025-07-18 18:45:58,868 log 94585 139743524234944 Not Found: /tokens.json
WARNING 2025-07-18 18:45:59,081 log 94585 139743599769280 Not Found: /.bash_aliases
WARNING 2025-07-18 18:45:59,215 log 94585 139743524234944 Not Found: /.bash_functions
WARNING 2025-07-18 18:45:59,633 log 94585 139743599769280 Not Found: /.cargo/config.toml
WARNING 2025-07-18 18:46:00,045 log 94585 139743524234944 Not Found: /.config/config.toml
WARNING 2025-07-18 18:46:00,228 log 94585 139743599769280 Not Found: /.config/config.yml
WARNING 2025-07-18 18:46:00,366 log 94585 139743524234944 Not Found: /.dir-locals.el
WARNING 2025-07-18 18:46:00,502 log 94585 139743599769280 Not Found: /.editorconfig
WARNING 2025-07-18 18:46:00,690 log 94585 139743524234944 Not Found: /.iex.exs
WARNING 2025-07-18 18:46:00,819 log 94585 139743599769280 Not Found: /.nvmrc
WARNING 2025-07-18 18:46:00,980 log 94585 139743524234944 Not Found: /.rbenv-version
WARNING 2025-07-18 18:46:01,119 log 94585 139743599769280 Not Found: /.ruby-version
WARNING 2025-07-18 18:46:01,261 log 94585 139743524234944 Not Found: /.secret.json
WARNING 2025-07-18 18:46:01,470 log 94585 139743599769280 Not Found: /.secrets.env
WARNING 2025-07-18 18:46:01,613 log 94585 139743524234944 Not Found: /.terraform.lock.hcl
WARNING 2025-07-18 18:46:01,826 log 94585 139743599769280 Not Found: /.vscode/launch.json
WARNING 2025-07-18 18:46:01,966 log 94585 139743524234944 Not Found: /.zsh_aliases
WARNING 2025-07-18 18:46:02,115 log 94585 139743599769280 Not Found: /CMakeLists.txt
WARNING 2025-07-18 18:46:02,259 log 94585 139743524234944 Not Found: /Cargo.lock
WARNING 2025-07-18 18:46:02,414 log 94585 139743599769280 Not Found: /Cargo.toml
WARNING 2025-07-18 18:46:02,636 log 94585 139743524234944 Not Found: /Chart.yaml
WARNING 2025-07-18 18:46:02,774 log 94585 139743599769280 Not Found: /Jenkinsfile
WARNING 2025-07-18 18:46:02,977 log 94585 139743524234944 Not Found: /Makefile
WARNING 2025-07-18 18:46:03,115 log 94585 139743599769280 Not Found: /ansible.cfg
WARNING 2025-07-18 18:46:03,309 log 94585 139743524234944 Not Found: /applicationHost.config
WARNING 2025-07-18 18:46:03,443 log 94585 139743599769280 Not Found: /azure-pipelines.yml
WARNING 2025-07-18 18:46:05,766 log 94585 139743524234944 Not Found: /bitbucket-pipelines.yml
WARNING 2025-07-18 18:46:06,147 log 94585 139743599769280 Not Found: /build.gradle.kts
WARNING 2025-07-18 18:46:06,292 log 94585 139743524234944 Not Found: /build.ninja
WARNING 2025-07-18 18:46:06,454 log 94585 139743599769280 Not Found: /charts/
WARNING 2025-07-18 18:46:06,590 log 94585 139743524234944 Not Found: /config.toml
WARNING 2025-07-18 18:46:06,727 log 94585 139743599769280 Not Found: /config/config.exs
WARNING 2025-07-18 18:46:06,928 log 94585 139743524234944 Not Found: /config/config.local.ts
WARNING 2025-07-18 18:46:07,063 log 94585 139743599769280 Not Found: /config/config.ts
WARNING 2025-07-18 18:46:07,199 log 94585 139743524234944 Not Found: /config/dev.config.js
WARNING 2025-07-18 18:46:07,361 log 94585 139743599769280 Not Found: /config/dev.exs
WARNING 2025-07-18 18:46:07,497 log 94585 139743524234944 Not Found: /config/prod.config.js
WARNING 2025-07-18 18:46:07,636 log 94585 139743599769280 Not Found: /config/prod.exs
WARNING 2025-07-18 18:46:07,812 log 94585 139743524234944 Not Found: /config/runtime.exs
WARNING 2025-07-18 18:46:07,948 log 94585 139743599769280 Not Found: /config/test.config.js
WARNING 2025-07-18 18:46:08,101 log 94585 139743524234944 Not Found: /ecosystem.config.js
WARNING 2025-07-18 18:46:08,242 log 94585 139743599769280 Not Found: /gitlab-ci.yml
WARNING 2025-07-18 18:46:08,379 log 94585 139743524234944 Not Found: /global.json
WARNING 2025-07-18 18:46:08,518 log 94585 139743599769280 Not Found: /gradle.properties
WARNING 2025-07-18 18:46:08,656 log 94585 139743524234944 Not Found: /group_vars/all.yml
WARNING 2025-07-18 18:46:08,791 log 94585 139743599769280 Not Found: /hosts
WARNING 2025-07-18 18:46:08,929 log 94585 139743524234944 Not Found: /inventory
WARNING 2025-07-18 18:46:09,079 log 94585 139743599769280 Not Found: /machine.config
WARNING 2025-07-18 18:46:09,213 log 94585 139743524234944 Not Found: /main.tf
WARNING 2025-07-18 18:46:11,880 log 94585 139743599769280 Not Found: /nuget.config
WARNING 2025-07-18 18:46:12,263 log 94585 139743524234944 Not Found: /packages.config
WARNING 2025-07-18 18:46:12,440 log 94585 139743599769280 Not Found: /pm2.config.js
WARNING 2025-07-18 18:46:12,638 log 94585 139743524234944 Not Found: /project.json
WARNING 2025-07-18 18:46:12,775 log 94585 139743599769280 Not Found: /provider.tf
WARNING 2025-07-18 18:46:12,925 log 94585 139743524234944 Not Found: /pyproject.toml
WARNING 2025-07-18 18:46:13,060 log 94585 139743599769280 Not Found: /pytest.ini
WARNING 2025-07-18 18:46:13,217 log 94585 139743524234944 Not Found: /secret.yaml
WARNING 2025-07-18 18:46:13,396 log 94585 139743599769280 Not Found: /setup.cfg
WARNING 2025-07-18 18:46:13,536 log 94585 139743524234944 Not Found: /setup.py
WARNING 2025-07-18 18:46:13,677 log 94585 139743599769280 Not Found: /stack.yaml
WARNING 2025-07-18 18:46:13,812 log 94585 139743524234944 Not Found: /stack.yaml.lock
WARNING 2025-07-18 18:46:13,947 log 94585 139743599769280 Not Found: /teamcity-settings.xml
WARNING 2025-07-18 18:46:14,105 log 94585 139743524234944 Not Found: /terraform.tfvars
WARNING 2025-07-18 18:46:14,266 log 94585 139743599769280 Not Found: /tox.ini
WARNING 2025-07-18 18:46:14,420 log 94585 139743524234944 Not Found: /values.yaml
WARNING 2025-07-18 18:46:14,563 log 94585 139743599769280 Not Found: /variables.tf
WARNING 2025-07-18 18:46:14,700 log 94585 139743524234944 Not Found: /vault.yaml
WARNING 2025-07-18 18:46:14,840 log 94585 139743599769280 Not Found: /web.debug.config
WARNING 2025-07-18 18:46:14,986 log 94585 139743524234944 Not Found: /.dvc/config
WARNING 2025-07-18 18:46:15,122 log 94585 139743599769280 Not Found: /.env.dvc
WARNING 2025-07-18 18:46:15,258 log 94585 139743524234944 Not Found: /.ipynb_checkpoints/
WARNING 2025-07-18 18:46:15,444 log 94585 139743599769280 Not Found: /.jupyter/
WARNING 2025-07-18 18:46:15,578 log 94585 139743524234944 Not Found: /android
WARNING 2025-07-18 18:46:15,715 log 94585 139743599769280 Not Found: /alexa_skill.json
WARNING 2025-07-18 18:46:15,917 log 94585 139743524234944 Not Found: /android/app/build.gradle
WARNING 2025-07-18 18:46:16,057 log 94585 139743599769280 Not Found: /android/gradle.properties
WARNING 2025-07-18 18:46:16,272 log 94585 139743524234944 Not Found: /android/local.properties
WARNING 2025-07-18 18:46:16,407 log 94585 139743599769280 Not Found: /app.json
WARNING 2025-07-18 18:46:16,573 log 94585 139743524234944 Not Found: /boards.txt
WARNING 2025-07-18 18:46:16,713 log 94585 139743599769280 Not Found: /boot/config.txt
WARNING 2025-07-18 18:46:16,854 log 94585 139743524234944 Not Found: /config/experiment.json
WARNING 2025-07-18 18:46:16,999 log 94585 139743599769280 Not Found: /config/model.yaml
WARNING 2025-07-18 18:46:17,136 log 94585 139743524234944 Not Found: /config/tf_config.json
WARNING 2025-07-18 18:46:17,279 log 94585 139743599769280 Not Found: /data/config.yaml
WARNING 2025-07-18 18:46:17,429 log 94585 139743524234944 Not Found: /device.ini
WARNING 2025-07-18 18:46:17,565 log 94585 139743599769280 Not Found: /dialogflow_agent.json
WARNING 2025-07-18 18:46:19,456 log 94585 139743524234944 Not Found: /dvc.yaml
WARNING 2025-07-18 18:46:19,880 log 94585 139743599769280 Not Found: /etc/mosquitto/mosquitto.conf
WARNING 2025-07-18 18:46:20,047 log 94585 139743524234944 Not Found: /firmware/config.ini
WARNING 2025-07-18 18:46:20,181 log 94585 139743599769280 Not Found: /firmware/update.yml
WARNING 2025-07-18 18:46:20,326 log 94585 139743524234944 Not Found: /index.js
WARNING 2025-07-18 18:46:20,491 log 94585 139743599769280 Not Found: /intents.json
WARNING 2025-07-18 18:46:20,627 log 94585 139743524234944 Not Found: /ios
WARNING 2025-07-18 18:46:20,802 log 94585 139743599769280 Not Found: /ios/Podfile
WARNING 2025-07-18 18:46:20,941 log 94585 139743524234944 Not Found: /ios/Podfile.lock
WARNING 2025-07-18 18:46:22,828 log 94585 139743599769280 Not Found: /ios/Runner.xcodeproj/project.pbxproj
WARNING 2025-07-18 18:46:23,208 log 94585 139743524234944 Not Found: /ios/Runner/Info.plist
WARNING 2025-07-18 18:46:23,411 log 94585 139743599769280 Not Found: /iot/config.json
WARNING 2025-07-18 18:46:23,548 log 94585 139743524234944 Not Found: /iot/settings.conf
WARNING 2025-07-18 18:46:25,864 log 94585 139743599769280 Not Found: /mlflow.yaml
WARNING 2025-07-18 18:46:26,244 log 94585 139743524234944 Not Found: /mlruns/
WARNING 2025-07-18 18:46:26,379 log 94585 139743599769280 Not Found: /model/config.json
WARNING 2025-07-18 18:46:26,536 log 94585 139743524234944 Not Found: /model/serve_config.yaml
WARNING 2025-07-18 18:46:26,672 log 94585 139743599769280 Not Found: /model/torchserve_config.properties
WARNING 2025-07-18 18:46:27,217 log 94585 139743524234944 Not Found: /notebook.ipynb
WARNING 2025-07-18 18:46:29,803 log 94585 139743599769280 Not Found: /notebooks/config.ipynb
WARNING 2025-07-18 18:46:30,173 log 94585 139743524234944 Not Found: /onnx_config.json
WARNING 2025-07-18 18:46:30,309 log 94585 139743599769280 Not Found: /ota/config.json
WARNING 2025-07-18 18:46:30,495 log 94585 139743524234944 Not Found: /ota/update.manifest
WARNING 2025-07-18 18:46:30,628 log 94585 139743599769280 Not Found: /params.yaml
WARNING 2025-07-18 18:46:32,624 log 94585 139743524234944 Not Found: /platformio.ini
WARNING 2025-07-18 18:46:34,636 log 94585 139743599769280 Not Found: /pubspec.yaml
WARNING 2025-07-18 18:46:36,552 log 94585 139743524234944 Not Found: /react-native.config.js
WARNING 2025-07-18 18:46:36,924 log 94585 139743599769280 Not Found: /ros/config/params.yaml
WARNING 2025-07-18 18:46:37,058 log 94585 139743524234944 Not Found: /ros/launch/*.launch
WARNING 2025-07-18 18:46:37,226 log 94585 139743599769280 Not Found: /ros/package.xml
WARNING 2025-07-18 18:46:37,357 log 94585 139743524234944 Not Found: /sketch.ino
WARNING 2025-07-18 18:46:39,348 log 94585 139743599769280 Not Found: /sklearn_pipeline.json
WARNING 2025-07-18 18:46:39,766 log 94585 139743524234944 Not Found: /tfx/pipeline/pipeline_config.py
WARNING 2025-07-18 18:46:39,919 log 94585 139743599769280 Not Found: /torch_config.yaml
WARNING 2025-07-18 18:46:40,054 log 94585 139743524234944 Not Found: /wandb/settings.json
WARNING 2025-07-18 18:46:41,944 log 94585 139743599769280 Not Found: /.mnemonic
WARNING 2025-07-18 18:46:49,463 log 94585 139743599769280 Not Found: /bitcoin/bitcoin.conf
WARNING 2025-07-18 18:46:49,881 log 94585 139743524234944 Not Found: /blockchain/env.json
WARNING 2025-07-18 18:46:50,011 log 94585 139743599769280 Not Found: /braintree/config.json
WARNING 2025-07-18 18:46:52,269 log 94585 139743524234944 Not Found: /certbot/conf.ini
WARNING 2025-07-18 18:46:52,633 log 94585 139743599769280 Not Found: /certs/cert.pem
WARNING 2025-07-18 18:46:52,765 log 94585 139743524234944 Not Found: /certs/privkey.pem
WARNING 2025-07-18 18:46:52,999 log 94585 139743599769280 Not Found: /checkout/paypal.env
WARNING 2025-07-18 18:46:53,129 log 94585 139743524234944 Not Found: /clamav/freshclam.conf
WARNING 2025-07-18 18:46:53,333 log 94585 139743599769280 Not Found: /config/chain.yaml
WARNING 2025-07-18 18:46:53,460 log 94585 139743524234944 Not Found: /config/firewall.yaml
WARNING 2025-07-18 18:46:55,759 log 94585 139743599769280 Not Found: /config/node.conf
WARNING 2025-07-18 18:46:56,133 log 94585 139743524234944 Not Found: /config/wallet.json
WARNING 2025-07-18 18:46:56,263 log 94585 139743599769280 Not Found: /config/wazuh/ossec.conf
WARNING 2025-07-18 18:46:58,397 log 94585 139743524234944 Not Found: /config/web3.yaml
WARNING 2025-07-18 18:46:58,752 log 94585 139743599769280 Not Found: /ecommerce/settings.yml
WARNING 2025-07-18 18:47:00,925 log 94585 139743524234944 Not Found: /etc/audit/auditd.conf
WARNING 2025-07-18 18:47:01,299 log 94585 139743599769280 Not Found: /etc/iptables/rules.v4
WARNING 2025-07-18 18:47:03,679 log 94585 139743524234944 Not Found: /etc/snort/snort.conf
WARNING 2025-07-18 18:47:04,035 log 94585 139743599769280 Not Found: /etc/ssh/sshd_config
WARNING 2025-07-18 18:47:04,166 log 94585 139743524234944 Not Found: /etc/suricata/suricata.yaml
WARNING 2025-07-18 18:47:04,362 log 94585 139743599769280 Not Found: /etc/tls/tls.conf
WARNING 2025-07-18 18:47:04,489 log 94585 139743524234944 Not Found: /etc/ufw/ufw.conf
WARNING 2025-07-18 18:47:04,630 log 94585 139743599769280 Not Found: /ethereum/geth-config.toml
WARNING 2025-07-18 18:47:04,781 log 94585 139743524234944 Not Found: /fail2ban/jail.local
WARNING 2025-07-18 18:47:04,946 log 94585 139743599769280 Not Found: /firewall.conf
WARNING 2025-07-18 18:47:05,117 log 94585 139743524234944 Not Found: /geth.toml
WARNING 2025-07-18 18:47:05,245 log 94585 139743599769280 Not Found: /hardhat.config.js
WARNING 2025-07-18 18:47:05,412 log 94585 139743524234944 Not Found: /litecoin/litecoin.conf
WARNING 2025-07-18 18:47:05,538 log 94585 139743599769280 Not Found: /paypal/config.json
WARNING 2025-07-18 18:47:05,664 log 94585 139743524234944 Not Found: /shop/settings.yaml
WARNING 2025-07-18 18:47:05,850 log 94585 139743599769280 Not Found: /shopify.env
WARNING 2025-07-18 18:47:05,977 log 94585 139743524234944 Not Found: /shopify.theme.toml
WARNING 2025-07-18 18:47:06,108 log 94585 139743599769280 Not Found: /shopify/config.yml
WARNING 2025-07-18 18:47:06,267 log 94585 139743524234944 Not Found: /shopify_settings.json
WARNING 2025-07-18 18:47:06,396 log 94585 139743599769280 Not Found: /smart-contracts/truffle-config.js
WARNING 2025-07-18 18:47:06,571 log 94585 139743524234944 Not Found: /storefront/config.js
WARNING 2025-07-18 18:47:06,700 log 94585 139743599769280 Not Found: /wallets/.keystore
WARNING 2025-07-18 18:47:06,828 log 94585 139743524234944 Not Found: /wazuh/config.yml
WARNING 2025-07-18 18:47:07,016 log 94585 139743599769280 Not Found: /woocommerce/settings.json
WARNING 2025-07-18 18:47:07,147 log 94585 139743524234944 Not Found: /.bamboo.yml
WARNING 2025-07-18 18:47:07,291 log 94585 139743599769280 Not Found: /.semaphore/semaphore.yml
WARNING 2025-07-18 18:47:07,421 log 94585 139743524234944 Not Found: /_config/config.php
WARNING 2025-07-18 18:47:07,560 log 94585 139743599769280 Not Found: /_docs/
WARNING 2025-07-18 18:47:07,734 log 94585 139743524234944 Not Found: /_panel/
WARNING 2025-07-18 18:47:07,862 log 94585 139743599769280 Not Found: /_test_server/
WARNING 2025-07-18 18:47:07,991 log 94585 139743524234944 Not Found: /admin123/
WARNING 2025-07-18 18:47:08,118 log 94585 139743599769280 Not Found: /admin_/admin.php
WARNING 2025-07-18 18:47:08,245 log 94585 139743524234944 Not Found: /admin_dev/
WARNING 2025-07-18 18:47:08,423 log 94585 139743599769280 Not Found: /admin_old/
WARNING 2025-07-18 18:47:08,551 log 94585 139743524234944 Not Found: /apidoc/
WARNING 2025-07-18 18:47:10,493 log 94585 139743599769280 Not Found: /appveyor.yml
WARNING 2025-07-18 18:47:10,885 log 94585 139743524234944 Not Found: /auto-update/settings.conf
WARNING 2025-07-18 18:47:13,055 log 94585 139743599769280 Not Found: /b374k.php
WARNING 2025-07-18 18:47:13,409 log 94585 139743524234944 Not Found: /backend_ui/
WARNING 2025-07-18 18:47:13,630 log 94585 139743599769280 Not Found: /backup/tmp/
WARNING 2025-07-18 18:47:13,759 log 94585 139743524234944 Not Found: /build.sh
WARNING 2025-07-18 18:47:13,886 log 94585 139743599769280 Not Found: /c99.php
WARNING 2025-07-18 18:47:14,046 log 94585 139743524234944 Not Found: /cache_old/
WARNING 2025-07-18 18:47:14,172 log 94585 139743599769280 Not Found: /ci-secret.json
WARNING 2025-07-18 18:47:14,318 log 94585 139743524234944 Not Found: /ci/config.yml
WARNING 2025-07-18 18:47:14,506 log 94585 139743599769280 Not Found: /cmd.php
WARNING 2025-07-18 18:47:14,632 log 94585 139743524234944 Not Found: /cms-admin/
WARNING 2025-07-18 18:47:14,768 log 94585 139743599769280 Not Found: /cms/config.xml
WARNING 2025-07-18 18:47:14,915 log 94585 139743524234944 Not Found: /compile.sh
WARNING 2025-07-18 18:47:15,042 log 94585 139743599769280 Not Found: /conf/custom.ini
WARNING 2025-07-18 18:47:15,188 log 94585 139743524234944 Not Found: /core/conf.inc.php
WARNING 2025-07-18 18:47:15,339 log 94585 139743599769280 Not Found: /dash/
WARNING 2025-07-18 18:47:15,465 log 94585 139743524234944 Not Found: /debug-ui/
WARNING 2025-07-18 18:47:15,592 log 94585 139743599769280 Not Found: /debugadmin/
WARNING 2025-07-18 18:47:15,738 log 94585 139743524234944 Not Found: /demo/
WARNING 2025-07-18 18:47:15,865 log 94585 139743599769280 Not Found: /devtools/
WARNING 2025-07-18 18:47:15,992 log 94585 139743524234944 Not Found: /doc/admin/
WARNING 2025-07-18 18:47:16,119 log 94585 139743599769280 Not Found: /doc/api/
WARNING 2025-07-18 18:47:16,246 log 94585 139743524234944 Not Found: /doc_private/
WARNING 2025-07-18 18:47:16,374 log 94585 139743599769280 Not Found: /documentation-old/
WARNING 2025-07-18 18:47:16,513 log 94585 139743524234944 Not Found: /explorer/
WARNING 2025-07-18 18:47:16,643 log 94585 139743599769280 Not Found: /ext/settings.php
WARNING 2025-07-18 18:47:16,777 log 94585 139743524234944 Not Found: /grafana.ini
WARNING 2025-07-18 18:47:16,915 log 94585 139743599769280 Not Found: /haproxy/haproxy.cfg
WARNING 2025-07-18 18:47:17,045 log 94585 139743524234944 Not Found: /includes/conf.php
WARNING 2025-07-18 18:47:17,223 log 94585 139743599769280 Not Found: /internal/dashboard
WARNING 2025-07-18 18:47:17,351 log 94585 139743524234944 Not Found: /jenkins/config.xml
WARNING 2025-07-18 18:47:17,479 log 94585 139743599769280 Not Found: /jobs/secret.key
WARNING 2025-07-18 18:47:17,609 log 94585 139743524234944 Not Found: /manage/
WARNING 2025-07-18 18:47:17,776 log 94585 139743599769280 Not Found: /mockapi/
WARNING 2025-07-18 18:47:17,902 log 94585 139743524234944 Not Found: /modsecurity.conf
WARNING 2025-07-18 18:47:18,084 log 94585 139743599769280 Not Found: /modules/login/config.php
WARNING 2025-07-18 18:47:18,210 log 94585 139743524234944 Not Found: /nginx/lua_waf_config.lua
WARNING 2025-07-18 18:47:18,353 log 94585 139743599769280 Not Found: /old_versions/
WARNING 2025-07-18 18:47:18,504 log 94585 139743524234944 Not Found: /panel/configuration.json
WARNING 2025-07-18 18:47:18,631 log 94585 139743599769280 Not Found: /patches/update.yaml
WARNING 2025-07-18 18:47:18,766 log 94585 139743524234944 Not Found: /php-backdoor.php
WARNING 2025-07-18 18:47:18,965 log 94585 139743599769280 Not Found: /plugins/system/config.json
WARNING 2025-07-18 18:47:19,094 log 94585 139743524234944 Not Found: /private/admin/
WARNING 2025-07-18 18:47:21,413 log 94585 139743599769280 Not Found: /prometheus.yml
WARNING 2025-07-18 18:47:23,325 log 94585 139743524234944 Not Found: /r57.php
WARNING 2025-07-18 18:47:25,257 log 94585 139743599769280 Not Found: /release.sh
WARNING 2025-07-18 18:47:25,610 log 94585 139743524234944 Not Found: /releases/latest.zip
WARNING 2025-07-18 18:47:28,052 log 94585 139743599769280 Not Found: /setup_local.sh
WARNING 2025-07-18 18:47:28,405 log 94585 139743524234944 Not Found: /shell.php
WARNING 2025-07-18 18:47:28,533 log 94585 139743599769280 Not Found: /siteadmin/
WARNING 2025-07-18 18:47:28,941 log 94585 139743524234944 Not Found: /statsd/config.json
WARNING 2025-07-18 18:47:30,949 log 94585 139743599769280 Not Found: /status/
WARNING 2025-07-18 18:47:33,056 log 94585 139743524234944 Not Found: /system/
WARNING 2025-07-18 18:47:35,106 log 94585 139743599769280 Not Found: /telemetry/
WARNING 2025-07-18 18:47:35,472 log 94585 139743524234944 Not Found: /temp/public/
WARNING 2025-07-18 18:47:37,800 log 94585 139743599769280 Not Found: /test-api/
WARNING 2025-07-18 18:47:38,162 log 94585 139743524234944 Not Found: /testenv/
WARNING 2025-07-18 18:47:38,295 log 94585 139743599769280 Not Found: /tmp/cache/
WARNING 2025-07-18 18:47:38,443 log 94585 139743524234944 Not Found: /tmp_files/
WARNING 2025-07-18 18:47:38,574 log 94585 139743599769280 Not Found: /tools/admin/
WARNING 2025-07-18 18:47:38,720 log 94585 139743524234944 Not Found: /tools/build_config.py
WARNING 2025-07-18 18:47:38,971 log 94585 139743599769280 Not Found: /trace/
WARNING 2025-07-18 18:47:39,104 log 94585 139743524234944 Not Found: /updates/check.json
WARNING 2025-07-18 18:47:39,275 log 94585 139743599769280 Not Found: /waf/config.json
WARNING 2025-07-18 18:47:39,407 log 94585 139743524234944 Not Found: /xadmin/
WARNING 2025-07-18 18:47:41,660 log 94585 139743599769280 Not Found: /zabbix/conf/zabbix.conf
WARNING 2025-07-18 18:47:43,601 log 94585 139743524234944 Not Found: /zzadmin/
WARNING 2025-07-18 18:47:43,991 log 94585 139743599769280 Not Found: /~admin/
WARNING 2025-07-18 18:47:44,122 log 94585 139743524234944 Not Found: /__graphql
WARNING 2025-07-18 18:47:44,262 log 94585 139743599769280 Not Found: /android/app/google-services.json
WARNING 2025-07-18 18:47:44,419 log 94585 139743524234944 Not Found: /android/app/src/main/res/values/secrets.xml
WARNING 2025-07-18 18:47:44,550 log 94585 139743599769280 Not Found: /android/debug.keystore
WARNING 2025-07-18 18:47:44,689 log 94585 139743524234944 Not Found: /android/keystore.jks
WARNING 2025-07-18 18:47:44,818 log 94585 139743599769280 Not Found: /api-docs/
WARNING 2025-07-18 18:47:44,952 log 94585 139743524234944 Not Found: /api/docs/swagger.json
WARNING 2025-07-18 18:47:45,129 log 94585 139743599769280 Not Found: /api/graphql
WARNING 2025-07-18 18:47:45,259 log 94585 139743524234944 Not Found: /api/internal/
WARNING 2025-07-18 18:47:47,320 log 94585 139743599769280 Not Found: /api/private/
WARNING 2025-07-18 18:47:49,796 log 94585 139743524234944 Not Found: /api/test/
WARNING 2025-07-18 18:47:51,913 log 94585 139743599769280 Not Found: /api/v1/admin
WARNING 2025-07-18 18:47:52,280 log 94585 139743524234944 Not Found: /api/v1/debug
WARNING 2025-07-18 18:47:52,434 log 94585 139743599769280 Not Found: /api/v1/settings
WARNING 2025-07-18 18:47:52,620 log 94585 139743524234944 Not Found: /api/v1/users
WARNING 2025-07-18 18:47:52,750 log 94585 139743599769280 Not Found: /app-debug.apk
WARNING 2025-07-18 18:47:52,960 log 94585 139743524234944 Not Found: /app-release.apk
WARNING 2025-07-18 18:47:53,092 log 94585 139743599769280 Not Found: /app_old/
WARNING 2025-07-18 18:47:55,165 log 94585 139743524234944 Not Found: /backup.tar.gz
WARNING 2025-07-18 18:47:55,531 log 94585 139743599769280 Not Found: /beta/
WARNING 2025-07-18 18:47:55,698 log 94585 139743524234944 Not Found: /build/app/outputs/apk/release/
WARNING 2025-07-18 18:47:55,830 log 94585 139743599769280 Not Found: /ci_logs/
WARNING 2025-07-18 18:47:57,989 log 94585 139743524234944 Not Found: /debug_builds/
WARNING 2025-07-18 18:47:58,378 log 94585 139743599769280 Not Found: /deprecated/
WARNING 2025-07-18 18:47:58,509 log 94585 139743524234944 Not Found: /dev/
WARNING 2025-07-18 18:47:58,654 log 94585 139743599769280 Not Found: /docs/openapi/
WARNING 2025-07-18 18:47:58,786 log 94585 139743524234944 Not Found: /graphiql
WARNING 2025-07-18 18:47:58,917 log 94585 139743599769280 Not Found: /graphql
WARNING 2025-07-18 18:47:59,049 log 94585 139743524234944 Not Found: /graphql-playground
WARNING 2025-07-18 18:47:59,205 log 94585 139743599769280 Not Found: /graphql/
WARNING 2025-07-18 18:47:59,340 log 94585 139743524234944 Not Found: /graphql/query
WARNING 2025-07-18 18:48:01,719 log 94585 139743599769280 Not Found: /graphql
WARNING 2025-07-18 18:48:02,114 log 94585 139743524234944 Not Found: /htdocs.7z
WARNING 2025-07-18 18:48:02,250 log 94585 139743599769280 Not Found: /install-backup.zip
WARNING 2025-07-18 18:48:02,383 log 94585 139743524234944 Not Found: /ios/Runner/GoogleService-Info.plist
WARNING 2025-07-18 18:48:02,567 log 94585 139743599769280 Not Found: /ios/exportOptions.plist
WARNING 2025-07-18 18:48:02,697 log 94585 139743524234944 Not Found: /jenkins_output/
WARNING 2025-07-18 18:48:02,851 log 94585 139743599769280 Not Found: /latest.tar.gz
WARNING 2025-07-18 18:48:02,980 log 94585 139743524234944 Not Found: /legacy/
WARNING 2025-07-18 18:48:03,110 log 94585 139743599769280 Not Found: /migration/backup/
WARNING 2025-07-18 18:48:03,334 log 94585 139743524234944 Not Found: /old/
WARNING 2025-07-18 18:48:03,466 log 94585 139743599769280 Not Found: /old_version.tgz
WARNING 2025-07-18 18:48:05,844 log 94585 139743524234944 Not Found: /playground
WARNING 2025-07-18 18:48:06,285 log 94585 139743599769280 Not Found: /qa/
WARNING 2025-07-18 18:48:06,420 log 94585 139743524234944 Not Found: /qa_logs/
WARNING 2025-07-18 18:48:06,559 log 94585 139743599769280 Not Found: /redoc/
WARNING 2025-07-18 18:48:06,725 log 94585 139743524234944 Not Found: /release.rar
WARNING 2025-07-18 18:48:06,858 log 94585 139743599769280 Not Found: /release/ipa.ipa
WARNING 2025-07-18 18:48:07,035 log 94585 139743524234944 Not Found: /screenshots/
WARNING 2025-07-18 18:48:07,165 log 94585 139743599769280 Not Found: /selenium/
WARNING 2025-07-18 18:48:07,314 log 94585 139743524234944 Not Found: /site.zip
WARNING 2025-07-18 18:48:07,460 log 94585 139743599769280 Not Found: /soap/server.php
WARNING 2025-07-18 18:48:07,591 log 94585 139743524234944 Not Found: /sql_dump.tar.gz
WARNING 2025-07-18 18:48:09,560 log 94585 139743599769280 Not Found: /src_code.zip
WARNING 2025-07-18 18:48:11,704 log 94585 139743524234944 Not Found: /staging/
WARNING 2025-07-18 18:48:12,078 log 94585 139743599769280 Not Found: /swagger.json
WARNING 2025-07-18 18:48:12,232 log 94585 139743524234944 Not Found: /test/
WARNING 2025-07-18 18:48:12,362 log 94585 139743599769280 Not Found: /test_coverage/
WARNING 2025-07-18 18:48:14,717 log 94585 139743524234944 Not Found: /test_fixtures/
WARNING 2025-07-18 18:48:15,085 log 94585 139743599769280 Not Found: /test_logs/
WARNING 2025-07-18 18:48:15,219 log 94585 139743524234944 Not Found: /test_results.xml
WARNING 2025-07-18 18:48:15,425 log 94585 139743599769280 Not Found: /v1/graphql
WARNING 2025-07-18 18:48:15,556 log 94585 139743524234944 Not Found: /v1_old/
WARNING 2025-07-18 18:48:17,619 log 94585 139743599769280 Not Found: /version1/
WARNING 2025-07-18 18:48:17,999 log 94585 139743524234944 Not Found: /webroot.bak
WARNING 2025-07-18 18:48:18,134 log 94585 139743599769280 Not Found: /webservice.php
WARNING 2025-07-18 18:48:18,368 log 94585 139743524234944 Not Found: /wsdl.php
WARNING 2025-07-18 18:48:18,499 log 94585 139743599769280 Not Found: /www.tar
WARNING 2025-07-18 18:48:18,637 log 94585 139743524234944 Not Found: /_internal/
WARNING 2025-07-18 18:48:18,767 log 94585 139743599769280 Not Found: /actuator/prometheus
WARNING 2025-07-18 18:48:18,898 log 94585 139743524234944 Not Found: /api-gateway-config.yaml
WARNING 2025-07-18 18:48:19,101 log 94585 139743599769280 Not Found: /api/system/status
WARNING 2025-07-18 18:48:19,234 log 94585 139743524234944 Not Found: /charts/secret-values.yaml
WARNING 2025-07-18 18:48:19,391 log 94585 139743599769280 Not Found: /consul.d/agent.hcl
WARNING 2025-07-18 18:48:19,525 log 94585 139743524234944 Not Found: /consul.hcl
WARNING 2025-07-18 18:48:19,658 log 94585 139743599769280 Not Found: /consul/config.json
WARNING 2025-07-18 18:48:19,832 log 94585 139743524234944 Not Found: /debug/pprof/
WARNING 2025-07-18 18:48:19,966 log 94585 139743599769280 Not Found: /deployments/
WARNING 2025-07-18 18:48:20,098 log 94585 139743524234944 Not Found: /diag/
WARNING 2025-07-18 18:48:20,338 log 94585 139743599769280 Not Found: /diagnostics/config.yaml
WARNING 2025-07-18 18:48:20,469 log 94585 139743524234944 Not Found: /docker/overlay/config.json
WARNING 2025-07-18 18:48:20,603 log 94585 139743599769280 Not Found: /egress.yaml
WARNING 2025-07-18 18:48:20,752 log 94585 139743524234944 Not Found: /envoy.yaml
WARNING 2025-07-18 18:48:23,000 log 94585 139743599769280 Not Found: /etc/envoy/envoy.yaml
WARNING 2025-07-18 18:48:23,374 log 94585 139743524234944 Not Found: /etc/haproxy/haproxy.cfg
WARNING 2025-07-18 18:48:23,536 log 94585 139743599769280 Not Found: /etc/istio/proxy/envoy-rev.json
WARNING 2025-07-18 18:48:23,669 log 94585 139743524234944 Not Found: /etc/traefik/traefik.yml
WARNING 2025-07-18 18:48:23,805 log 94585 139743599769280 Not Found: /haproxy.cfg
WARNING 2025-07-18 18:48:23,943 log 94585 139743524234944 Not Found: /helm/releases.yaml
WARNING 2025-07-18 18:48:24,095 log 94585 139743599769280 Not Found: /ingress.yaml
WARNING 2025-07-18 18:48:24,226 log 94585 139743524234944 Not Found: /istio/istio-config.yaml
WARNING 2025-07-18 18:48:24,360 log 94585 139743599769280 Not Found: /istio/operator.yaml
WARNING 2025-07-18 18:48:24,527 log 94585 139743524234944 Not Found: /k8s-configmap.yaml
WARNING 2025-07-18 18:48:24,660 log 94585 139743599769280 Not Found: /k8s/deploy.yaml
WARNING 2025-07-18 18:48:24,797 log 94585 139743524234944 Not Found: /k8s/pods.json
WARNING 2025-07-18 18:48:24,958 log 94585 139743599769280 Not Found: /kubeadm-config.yaml
WARNING 2025-07-18 18:48:25,088 log 94585 139743524234944 Not Found: /kubectl-config.yaml
WARNING 2025-07-18 18:48:25,226 log 94585 139743599769280 Not Found: /linkerd/config.yaml
WARNING 2025-07-18 18:48:25,373 log 94585 139743524234944 Not Found: /live/logs
WARNING 2025-07-18 18:48:25,503 log 94585 139743599769280 Not Found: /live/stats
WARNING 2025-07-18 18:48:25,650 log 94585 139743524234944 Not Found: /liveness
WARNING 2025-07-18 18:48:25,783 log 94585 139743599769280 Not Found: /manifests/
WARNING 2025-07-18 18:48:25,915 log 94585 139743524234944 Not Found: /mesos/config.json
WARNING 2025-07-18 18:48:26,060 log 94585 139743599769280 Not Found: /metrics/health
WARNING 2025-07-18 18:48:26,190 log 94585 139743524234944 Not Found: /metrics/internal
WARNING 2025-07-18 18:48:26,328 log 94585 139743599769280 Not Found: /microservices/api_gateway/
WARNING 2025-07-18 18:48:26,489 log 94585 139743524234944 Not Found: /modsec.conf
WARNING 2025-07-18 18:48:26,621 log 94585 139743599769280 Not Found: /ms/entrypoints/
WARNING 2025-07-18 18:48:26,752 log 94585 139743524234944 Not Found: /ms/service-map.yaml
WARNING 2025-07-18 18:48:26,964 log 94585 139743599769280 Not Found: /nomad.hcl
WARNING 2025-07-18 18:48:27,098 log 94585 139743524234944 Not Found: /platform/env-overrides.yaml
WARNING 2025-07-18 18:48:27,260 log 94585 139743599769280 Not Found: /portainer/data.json
WARNING 2025-07-18 18:48:27,416 log 94585 139743524234944 Not Found: /rancher/config.yaml
WARNING 2025-07-18 18:48:27,587 log 94585 139743599769280 Not Found: /readiness
WARNING 2025-07-18 18:48:27,779 log 94585 139743524234944 Not Found: /reverse-proxy/config.json
WARNING 2025-07-18 18:48:27,910 log 94585 139743599769280 Not Found: /servicemesh/config/
WARNING 2025-07-18 18:48:28,045 log 94585 139743524234944 Not Found: /services/auth/env.yaml
WARNING 2025-07-18 18:48:28,177 log 94585 139743599769280 Not Found: /services/users/config.json
WARNING 2025-07-18 18:48:28,310 log 94585 139743524234944 Not Found: /sidecar.yaml
WARNING 2025-07-18 18:48:28,442 log 94585 139743599769280 Not Found: /sidecar/config.js
WARNING 2025-07-18 18:48:28,605 log 94585 139743524234944 Not Found: /sidecar/env.json
WARNING 2025-07-18 18:48:28,738 log 94585 139743599769280 Not Found: /startup
WARNING 2025-07-18 18:48:31,276 log 94585 139743524234944 Not Found: /swarm/config.json
WARNING 2025-07-18 18:48:31,642 log 94585 139743599769280 Not Found: /tiller/config.yaml
WARNING 2025-07-18 18:48:31,774 log 94585 139743524234944 Not Found: /traefik.toml
WARNING 2025-07-18 18:48:31,912 log 94585 139743599769280 Not Found: /traefik.yaml
WARNING 2025-07-18 18:48:32,045 log 94585 139743524234944 Not Found: /waf.conf
WARNING 2025-07-18 18:48:32,178 log 94585 139743599769280 Not Found: /.env.bak.save
WARNING 2025-07-18 18:48:32,418 log 94585 139743524234944 Not Found: /.ngrok2/ngrok.yml
WARNING 2025-07-18 18:48:32,549 log 94585 139743599769280 Not Found: /META-INF/context.xml
WARNING 2025-07-18 18:48:32,702 log 94585 139743524234944 Not Found: /WEB-INF/applicationContext.xml
WARNING 2025-07-18 18:48:32,880 log 94585 139743599769280 Not Found: /admin.php.old.bak
WARNING 2025-07-18 18:48:33,012 log 94585 139743524234944 Not Found: /anydesk/config.ad
WARNING 2025-07-18 18:48:33,197 log 94585 139743599769280 Not Found: /aspnet_client/
WARNING 2025-07-18 18:48:33,329 log 94585 139743524234944 Not Found: /auth/callback
WARNING 2025-07-18 18:48:33,460 log 94585 139743599769280 Not Found: /auth/openid-config.json
WARNING 2025-07-18 18:48:33,605 log 94585 139743524234944 Not Found: /auth
WARNING 2025-07-18 18:48:33,736 log 94585 139743599769280 Not Found: /axis2/services/listServices
WARNING 2025-07-18 18:48:33,870 log 94585 139743524234944 Not Found: /backup.tar.zip
WARNING 2025-07-18 18:48:34,086 log 94585 139743599769280 Not Found: /bandit.yaml
WARNING 2025-07-18 18:48:34,215 log 94585 139743524234944 Not Found: /banking/
WARNING 2025-07-18 18:48:36,180 log 94585 139743599769280 Not Found: /bitdefender/settings.json
WARNING 2025-07-18 18:48:36,579 log 94585 139743524234944 Not Found: /ca/intermediate.crt
WARNING 2025-07-18 18:48:36,710 log 94585 139743599769280 Not Found: /cache/headers.json
WARNING 2025-07-18 18:48:36,879 log 94585 139743524234944 Not Found: /cdn/config.yml
WARNING 2025-07-18 18:48:37,013 log 94585 139743599769280 Not Found: /cert.pem
WARNING 2025-07-18 18:48:39,004 log 94585 139743524234944 Not Found: /certs/apache.crt
WARNING 2025-07-18 18:48:39,370 log 94585 139743599769280 Not Found: /certs/fullchain.pem
WARNING 2025-07-18 18:48:39,535 log 94585 139743524234944 Not Found: /cf-cache-status
WARNING 2025-07-18 18:48:39,665 log 94585 139743599769280 Not Found: /cfdocs/
WARNING 2025-07-18 18:48:39,804 log 94585 139743524234944 Not Found: /checkov.yaml
WARNING 2025-07-18 18:48:40,001 log 94585 139743599769280 Not Found: /cloudflare.json
WARNING 2025-07-18 18:48:40,131 log 94585 139743524234944 Not Found: /coldfusion/
WARNING 2025-07-18 18:48:40,340 log 94585 139743599769280 Not Found: /config.php.copy
WARNING 2025-07-18 18:48:40,472 log 94585 139743524234944 Not Found: /config/idp.yaml
WARNING 2025-07-18 18:48:40,618 log 94585 139743599769280 Not Found: /crowdstrike/config.json
WARNING 2025-07-18 18:48:40,780 log 94585 139743524234944 Not Found: /employee/
WARNING 2025-07-18 18:48:40,912 log 94585 139743599769280 Not Found: /eset/settings.xml
WARNING 2025-07-18 18:48:43,038 log 94585 139743524234944 Not Found: /finance/
WARNING 2025-07-18 18:48:45,053 log 94585 139743599769280 Not Found: /goto
WARNING 2025-07-18 18:48:45,420 log 94585 139743524234944 Not Found: /guacamole/user-mapping.xml
WARNING 2025-07-18 18:48:45,550 log 94585 139743599769280 Not Found: /hf_token.env
WARNING 2025-07-18 18:48:45,689 log 94585 139743524234944 Not Found: /hr/
WARNING 2025-07-18 18:48:45,823 log 94585 139743599769280 Not Found: /huggingface/token
WARNING 2025-07-18 18:48:45,957 log 94585 139743524234944 Not Found: /internal-use-only/
WARNING 2025-07-18 18:48:46,122 log 94585 139743599769280 Not Found: /internal/config/.env
WARNING 2025-07-18 18:48:46,253 log 94585 139743524234944 Not Found: /internal/debug-admin.php
WARNING 2025-07-18 18:48:46,430 log 94585 139743599769280 Not Found: /kaspersky/kav.conf
WARNING 2025-07-18 18:48:46,614 log 94585 139743524234944 Not Found: /keycloak/realms/master/export
WARNING 2025-07-18 18:48:46,746 log 94585 139743599769280 Not Found: /keys/private.key
WARNING 2025-07-18 18:48:46,881 log 94585 139743524234944 Not Found: /letsencrypt/options-ssl-nginx.conf
WARNING 2025-07-18 18:48:47,056 log 94585 139743599769280 Not Found: /localhost.run/
WARNING 2025-07-18 18:48:47,195 log 94585 139743524234944 Not Found: /localtunnel.log
WARNING 2025-07-18 18:48:47,396 log 94585 139743599769280 Not Found: /login/token
WARNING 2025-07-18 18:48:47,526 log 94585 139743524234944 Not Found: /meshcentral/config.json
WARNING 2025-07-18 18:48:47,668 log 94585 139743599769280 Not Found: /model/hyperparams.json
WARNING 2025-07-18 18:48:47,844 log 94585 139743524234944 Not Found: /model/training_config.yaml
WARNING 2025-07-18 18:48:47,975 log 94585 139743599769280 Not Found: /model/weights.bin
WARNING 2025-07-18 18:48:48,112 log 94585 139743524234944 Not Found: /oauth/.well-known/openid-configuration
WARNING 2025-07-18 18:48:48,281 log 94585 139743599769280 Not Found: /oauth2/authorize
WARNING 2025-07-18 18:48:48,414 log 94585 139743524234944 Not Found: /oauth2/token
WARNING 2025-07-18 18:48:48,558 log 94585 139743599769280 Not Found: /openai/credentials.json
WARNING 2025-07-18 18:48:48,718 log 94585 139743524234944 Not Found: /payroll/
WARNING 2025-07-18 18:48:48,856 log 94585 139743599769280 Not Found: /privkey.pem
WARNING 2025-07-18 18:48:49,262 log 94585 139743524234944 Not Found: /redirect
WARNING 2025-07-18 18:48:49,675 log 94585 139743599769280 Not Found: /salary/
WARNING 2025-07-18 18:48:49,815 log 94585 139743524234944 Not Found: /saml/idp.xml
WARNING 2025-07-18 18:48:49,973 log 94585 139743599769280 Not Found: /saml/metadata.xml
WARNING 2025-07-18 18:48:50,108 log 94585 139743524234944 Not Found: /scripts/
WARNING 2025-07-18 18:48:50,244 log 94585 139743599769280 Not Found: /sentinelone/config.xml
WARNING 2025-07-18 18:48:50,383 log 94585 139743524234944 Not Found: /serveo.log
WARNING 2025-07-18 18:48:50,518 log 94585 139743599769280 Not Found: /servlet/
WARNING 2025-07-18 18:48:50,663 log 94585 139743524234944 Not Found: /snyk.config.json
WARNING 2025-07-18 18:48:50,798 log 94585 139743599769280 Not Found: /sonarqube/conf/sonar-project.properties
WARNING 2025-07-18 18:48:50,933 log 94585 139743524234944 Not Found: /sophos/endpoint.cfg
WARNING 2025-07-18 18:48:51,117 log 94585 139743599769280 Not Found: /sso/config.xml
WARNING 2025-07-18 18:48:51,252 log 94585 139743524234944 Not Found: /teamviewer/settings.json
WARNING 2025-07-18 18:48:53,703 log 94585 139743599769280 Not Found: /teleconsole.log
WARNING 2025-07-18 18:48:54,086 log 94585 139743524234944 Not Found: /transformers/config.json
WARNING 2025-07-18 18:48:54,259 log 94585 139743599769280 Not Found: /trivy.yaml
WARNING 2025-07-18 18:48:54,419 log 94585 139743524234944 Not Found: /veracode_config.json
WARNING 2025-07-18 18:48:54,556 log 94585 139743599769280 Not Found: /vnc.ini
WARNING 2025-07-18 18:48:54,701 log 94585 139743524234944 Not Found: /vpn-config.json
WARNING 2025-07-18 18:48:54,855 log 94585 139743599769280 Not Found: /.docker/secrets.json
WARNING 2025-07-18 18:48:54,993 log 94585 139743524234944 Not Found: /.kube/credentials
WARNING 2025-07-18 18:48:55,143 log 94585 139743599769280 Not Found: /.kube/secrets.yaml
WARNING 2025-07-18 18:48:55,313 log 94585 139743524234944 Not Found: /5g/core.yaml
WARNING 2025-07-18 18:48:55,447 log 94585 139743599769280 Not Found: /ai-agent/config.json
WARNING 2025-07-18 18:48:55,600 log 94585 139743524234944 Not Found: /ansible/vault.key
WARNING 2025-07-18 18:48:55,742 log 94585 139743599769280 Not Found: /api/model/config.yaml
WARNING 2025-07-18 18:48:55,878 log 94585 139743524234944 Not Found: /argo/argo-config.yml
WARNING 2025-07-18 18:48:56,019 log 94585 139743599769280 Not Found: /argocd/settings.yaml
WARNING 2025-07-18 18:48:56,216 log 94585 139743524234944 Not Found: /base-station/env.ini
WARNING 2025-07-18 18:48:56,361 log 94585 139743599769280 Not Found: /beats/filebeat.yml
WARNING 2025-07-18 18:48:56,639 log 94585 139743524234944 Not Found: /beats/metricbeat.yml
WARNING 2025-07-18 18:48:56,778 log 94585 139743599769280 Not Found: /buildkite/pipeline.yml
WARNING 2025-07-18 18:48:56,959 log 94585 139743524234944 Not Found: /chat/config.yaml
WARNING 2025-07-18 18:48:57,093 log 94585 139743599769280 Not Found: /circleci/.circleci/settings.yml
WARNING 2025-07-18 18:48:59,242 log 94585 139743524234944 Not Found: /codefresh.yml
WARNING 2025-07-18 18:49:01,411 log 94585 139743599769280 Not Found: /consul/service-registry.json
WARNING 2025-07-18 18:49:01,793 log 94585 139743524234944 Not Found: /controlnet.ini
WARNING 2025-07-18 18:49:03,918 log 94585 139743599769280 Not Found: /datadog.yaml
WARNING 2025-07-18 18:49:06,396 log 94585 139743524234944 Not Found: /docker/registry/config.yml
WARNING 2025-07-18 18:49:06,806 log 94585 139743599769280 Not Found: /drone.yml
WARNING 2025-07-18 18:49:06,944 log 94585 139743524234944 Not Found: /edge/manifest.json
WARNING 2025-07-18 18:49:07,097 log 94585 139743599769280 Not Found: /elastic-agent.yml
WARNING 2025-07-18 18:49:07,234 log 94585 139743524234944 Not Found: /fluent-bit/config.conf
WARNING 2025-07-18 18:49:07,371 log 94585 139743599769280 Not Found: /flux/config.yaml
WARNING 2025-07-18 18:49:07,554 log 94585 139743524234944 Not Found: /fog/config.json
WARNING 2025-07-18 18:49:07,689 log 94585 139743599769280 Not Found: /game/auth_keys.json
WARNING 2025-07-18 18:49:07,826 log 94585 139743524234944 Not Found: /game/server.ini
WARNING 2025-07-18 18:49:08,001 log 94585 139743599769280 Not Found: /gitlab-ci/config.json
WARNING 2025-07-18 18:49:08,136 log 94585 139743524234944 Not Found: /gocd/pipeline.gocd.xml
WARNING 2025-07-18 18:49:08,286 log 94585 139743599769280 Not Found: /grafana/agent.yaml
WARNING 2025-07-18 18:49:08,421 log 94585 139743524234944 Not Found: /helmfile.yaml
WARNING 2025-07-18 18:49:08,556 log 94585 139743599769280 Not Found: /hf/settings.json
WARNING 2025-07-18 18:49:08,713 log 94585 139743524234944 Not Found: /hmi/config.json
WARNING 2025-07-18 18:49:08,851 log 94585 139743599769280 Not Found: /ics/network_map.png
WARNING 2025-07-18 18:49:11,011 log 94585 139743524234944 Not Found: /iotedge/config.yaml
WARNING 2025-07-18 18:49:11,389 log 94585 139743599769280 Not Found: /istio/sidecar-injector-configmap.yaml
WARNING 2025-07-18 18:49:11,523 log 94585 139743524234944 Not Found: /linkerd2/values.yaml
WARNING 2025-07-18 18:49:11,668 log 94585 139743599769280 Not Found: /llm/prompts.yaml
WARNING 2025-07-18 18:49:11,804 log 94585 139743524234944 Not Found: /mec/deploy.yaml
WARNING 2025-07-18 18:49:11,941 log 94585 139743599769280 Not Found: /modbus/settings.conf
WARNING 2025-07-18 18:49:12,089 log 94585 139743524234944 Not Found: /aws-codecommit/
WARNING 2025-07-18 18:49:12,224 log 94585 139743599769280 Not Found: /newrelic-infra.yml
WARNING 2025-07-18 18:49:12,370 log 94585 139743524234944 Not Found: /nlp/settings.json
WARNING 2025-07-18 18:49:12,535 log 94585 139743599769280 Not Found: /opcua/config.yaml
WARNING 2025-07-18 18:49:12,670 log 94585 139743524234944 Not Found: /opcua/server.conf
WARNING 2025-07-18 18:49:12,809 log 94585 139743599769280 Not Found: /openai/env.json
WARNING 2025-07-18 18:49:12,983 log 94585 139743524234944 Not Found: /plc/config.xml
WARNING 2025-07-18 18:49:13,117 log 94585 139743599769280 Not Found: /promtail.yaml
WARNING 2025-07-18 18:49:15,319 log 94585 139743524234944 Not Found: /rtu/settings.json
WARNING 2025-07-18 18:49:15,724 log 94585 139743599769280 Not Found: /scada/config.ini
WARNING 2025-07-18 18:49:17,789 log 94585 139743524234944 Not Found: /scada/status.cgi
WARNING 2025-07-18 18:49:18,169 log 94585 139743599769280 Not Found: /secrets/.gpg
WARNING 2025-07-18 18:49:18,308 log 94585 139743524234944 Not Found: /siemens/step7/projdata.s7p
WARNING 2025-07-18 18:49:18,460 log 94585 139743599769280 Not Found: /teamcity
WARNING 2025-07-18 18:49:18,597 log 94585 139743524234944 Not Found: /teamcity/settings.kts
WARNING 2025-07-18 18:49:18,749 log 94585 139743599769280 Not Found: /telco/core-network/config.yaml
WARNING 2025-07-18 18:49:18,891 log 94585 139743524234944 Not Found: /unity/projectSettings/ProjectSettings.asset
WARNING 2025-07-18 18:49:19,026 log 94585 139743599769280 Not Found: /unreal/Config/DefaultEngine.ini
WARNING 2025-07-18 18:49:19,184 log 94585 139743524234944 Not Found: /vault/secrets/
WARNING 2025-07-18 18:49:19,320 log 94585 139743599769280 Not Found: /vector.toml
WARNING 2025-07-18 18:49:19,456 log 94585 139743524234944 Not Found: /vr/scene_config.json
WARNING 2025-07-18 18:49:19,597 log 94585 139743599769280 Not Found: /xr/settings.yaml
WARNING 2025-07-18 18:49:19,751 log 94585 139743524234944 Not Found: /.tor/hidden_service/hostname
WARNING 2025-07-18 18:49:19,887 log 94585 139743599769280 Not Found: /.tor/hidden_service/private_key
WARNING 2025-07-18 18:49:20,102 log 94585 139743524234944 Not Found: /attack_vectors/adversarial.json
WARNING 2025-07-18 18:49:20,238 log 94585 139743599769280 Not Found: /attacker/docker-compose.yml
WARNING 2025-07-18 18:49:22,366 log 94585 139743524234944 Not Found: /audio/tts_model.yaml
WARNING 2025-07-18 18:49:22,743 log 94585 139743599769280 Not Found: /blockchain/nodes.json
WARNING 2025-07-18 18:49:22,896 log 94585 139743524234944 Not Found: /c2/server/config.json
WARNING 2025-07-18 18:49:23,069 log 94585 139743599769280 Not Found: /canarytokens/token.json
WARNING 2025-07-18 18:49:23,205 log 94585 139743524234944 Not Found: /cirq/calibration.json
WARNING 2025-07-18 18:49:23,343 log 94585 139743599769280 Not Found: /config/etherscan.json
WARNING 2025-07-18 18:49:23,494 log 94585 139743524234944 Not Found: /contracts/.env
WARNING 2025-07-18 18:49:23,630 log 94585 139743599769280 Not Found: /contracts/hardhat.config.js
WARNING 2025-07-18 18:49:23,777 log 94585 139743524234944 Not Found: /cowrie/cowrie.cfg
WARNING 2025-07-18 18:49:23,916 log 94585 139743599769280 Not Found: /crypto/entropy_pool.log
WARNING 2025-07-18 18:49:24,053 log 94585 139743524234944 Not Found: /crypto_signers/curve25519.conf
WARNING 2025-07-18 18:49:24,221 log 94585 139743599769280 Not Found: /cs/server.profile
WARNING 2025-07-18 18:49:24,356 log 94585 139743524234944 Not Found: /custom-hsm/config.ini
WARNING 2025-07-18 18:49:24,491 log 94585 139743599769280 Not Found: /dapp/config.yaml
WARNING 2025-07-18 18:49:24,638 log 94585 139743524234944 Not Found: /dataset/face_vectors.npy
WARNING 2025-07-18 18:49:26,980 log 94585 139743599769280 Not Found: /dionaea/dionaea.conf
WARNING 2025-07-18 18:49:29,162 log 94585 139743524234944 Not Found: /empire/server.yaml
WARNING 2025-07-18 18:49:29,541 log 94585 139743599769280 Not Found: /geth/data/chaindata
WARNING 2025-07-18 18:49:31,722 log 94585 139743524234944 Not Found: /heralding/config.json
WARNING 2025-07-18 18:49:32,129 log 94585 139743599769280 Not Found: /hidden-services/map.json
WARNING 2025-07-18 18:49:32,303 log 94585 139743524234944 Not Found: /ibmq/creds.env
WARNING 2025-07-18 18:49:32,440 log 94585 139743599769280 Not Found: /implant/build_settings.yaml
WARNING 2025-07-18 18:49:32,585 log 94585 139743524234944 Not Found: /ipfs/config
WARNING 2025-07-18 18:49:32,721 log 94585 139743599769280 Not Found: /kfsensor/settings.ini
WARNING 2025-07-18 18:49:32,859 log 94585 139743524234944 Not Found: /lip-sync/params.json
WARNING 2025-07-18 18:49:33,013 log 94585 139743599769280 Not Found: /ml/configs/blackbox.yaml
WARNING 2025-07-18 18:49:33,223 log 94585 139743524234944 Not Found: /ml/poisoned_dataset.csv
WARNING 2025-07-18 18:49:33,361 log 94585 139743599769280 Not Found: /onion/config.yml
WARNING 2025-07-18 18:49:35,944 log 94585 139743524234944 Not Found: /payload/loader.sh
WARNING 2025-07-18 18:49:36,328 log 94585 139743599769280 Not Found: /pipeline/stage1/prep.yaml
WARNING 2025-07-18 18:49:36,465 log 94585 139743524234944 Not Found: /pipeline/training/settings.json
WARNING 2025-07-18 18:49:36,608 log 94585 139743599769280 Not Found: /privacy_leak/vector.png
WARNING 2025-07-18 18:49:36,755 log 94585 139743524234944 Not Found: /qiskit/settings.json
WARNING 2025-07-18 18:49:36,890 log 94585 139743599769280 Not Found: /quantum/config.toml
WARNING 2025-07-18 18:49:37,128 log 94585 139743524234944 Not Found: /quantum_jobs.yaml
WARNING 2025-07-18 18:49:37,265 log 94585 139743599769280 Not Found: /qubit/program.qasm
WARNING 2025-07-18 18:49:39,045 log 94585 139743524234944 Not Found: /redteam/beacon.config
WARNING 2025-07-18 18:49:39,425 log 94585 139743599769280 Not Found: /signing/gnupg/keyring.gpg
WARNING 2025-07-18 18:49:39,610 log 94585 139743524234944 Not Found: /signing/pgp/secring.gpg
WARNING 2025-07-18 18:49:39,747 log 94585 139743599769280 Not Found: /snare/snare.conf
WARNING 2025-07-18 18:49:39,882 log 94585 139743524234944 Not Found: /stager/config.yaml
WARNING 2025-07-18 18:49:40,143 log 94585 139743599769280 Not Found: /synthesis/faceset.json
WARNING 2025-07-18 18:49:40,277 log 94585 139743524234944 Not Found: /threatsim/scenario.json
WARNING 2025-07-18 18:49:40,490 log 94585 139743599769280 Not Found: /tor/torrc
WARNING 2025-07-18 18:49:40,624 log 94585 139743524234944 Not Found: /truffle-config.js
WARNING 2025-07-18 18:49:42,740 log 94585 139743599769280 Not Found: /voice_clone/settings.yaml
WARNING 2025-07-18 18:49:44,864 log 94585 139743524234944 Not Found: /wallet/.keystore
WARNING 2025-07-18 18:49:45,247 log 94585 139743599769280 Not Found: /web3/config.json
WARNING 2025-07-18 18:49:45,421 log 94585 139743524234944 Not Found: /web3/env.sh
WARNING 2025-07-18 18:49:45,559 log 94585 139743599769280 Not Found: /.web3auth/config.json
WARNING 2025-07-18 18:49:45,710 log 94585 139743524234944 Not Found: /abis/
WARNING 2025-07-18 18:49:45,859 log 94585 139743599769280 Not Found: /alchemy/settings.json
WARNING 2025-07-18 18:49:45,996 log 94585 139743524234944 Not Found: /api/cart-handler.ts
WARNING 2025-07-18 18:49:46,136 log 94585 139743599769280 Not Found: /api/payments/config.json
WARNING 2025-07-18 18:49:46,338 log 94585 139743524234944 Not Found: /aragon/arapp.json
WARNING 2025-07-18 18:49:46,473 log 94585 139743599769280 Not Found: /artifacts/
WARNING 2025-07-18 18:49:48,618 log 94585 139743524234944 Not Found: /bigcommerce/ssr.config.js
WARNING 2025-07-18 18:49:49,037 log 94585 139743599769280 Not Found: /checkout/config.js
WARNING 2025-07-18 18:49:49,328 log 94585 139743524234944 Not Found: /checkout/fulfill.yaml
WARNING 2025-07-18 18:49:51,458 log 94585 139743599769280 Not Found: /commerce-layer/settings.json
WARNING 2025-07-18 18:49:51,865 log 94585 139743524234944 Not Found: /commerce/api/index.ts
WARNING 2025-07-18 18:49:54,000 log 94585 139743599769280 Not Found: /config/ens.yaml
WARNING 2025-07-18 18:49:56,203 log 94585 139743524234944 Not Found: /contracts/foundry.toml
WARNING 2025-07-18 18:49:58,315 log 94585 139743599769280 Not Found: /contracts/truffle-config.js
WARNING 2025-07-18 18:49:58,695 log 94585 139743524234944 Not Found: /dao-voting-config.yaml
WARNING 2025-07-18 18:49:58,859 log 94585 139743599769280 Not Found: /dao/config.json
WARNING 2025-07-18 18:49:59,000 log 94585 139743524234944 Not Found: /dapp/src/hooks/useWallet.js
WARNING 2025-07-18 18:49:59,134 log 94585 139743599769280 Not Found: /deployments/addresses.json
WARNING 2025-07-18 18:49:59,286 log 94585 139743524234944 Not Found: /did/.well-known/did.json
WARNING 2025-07-18 18:49:59,459 log 94585 139743599769280 Not Found: /downloads/licenses.yaml
WARNING 2025-07-18 18:49:59,594 log 94585 139743524234944 Not Found: /downloads/products.json
WARNING 2025-07-18 18:49:59,733 log 94585 139743599769280 Not Found: /ens/domain_map.json
WARNING 2025-07-18 18:49:59,889 log 94585 139743524234944 Not Found: /erc721/contracts/settings.sol
WARNING 2025-07-18 18:50:00,027 log 94585 139743599769280 Not Found: /fulfillment/settings.json
WARNING 2025-07-18 18:50:00,178 log 94585 139743524234944 Not Found: /gateway/paypal.conf
WARNING 2025-07-18 18:50:00,318 log 94585 139743599769280 Not Found: /governance/proposals.md
WARNING 2025-07-18 18:50:00,456 log 94585 139743524234944 Not Found: /identity/walletconnect.yaml
WARNING 2025-07-18 18:50:00,610 log 94585 139743599769280 Not Found: /infura/project.env
WARNING 2025-07-18 18:50:00,747 log 94585 139743524234944 Not Found: /licenses/keys.csv
WARNING 2025-07-18 18:50:00,888 log 94585 139743599769280 Not Found: /marketplace/config.js
WARNING 2025-07-18 18:50:01,116 log 94585 139743524234944 Not Found: /marketplace/seller_settings.json
WARNING 2025-07-18 18:50:01,264 log 94585 139743599769280 Not Found: /medusa/config.json
WARNING 2025-07-18 18:50:01,443 log 94585 139743524234944 Not Found: /metamask/permissions.json
WARNING 2025-07-18 18:50:01,585 log 94585 139743599769280 Not Found: /minting/api/config.ts
WARNING 2025-07-18 18:50:01,746 log 94585 139743524234944 Not Found: /netlify/functions/cart.js
WARNING 2025-07-18 18:50:01,944 log 94585 139743599769280 Not Found: /nft-drop/settings.js
WARNING 2025-07-18 18:50:02,088 log 94585 139743524234944 Not Found: /nft/config.json
WARNING 2025-07-18 18:50:02,235 log 94585 139743599769280 Not Found: /nft/configs/airdrop.csv
WARNING 2025-07-18 18:50:02,388 log 94585 139743524234944 Not Found: /nft/metadata_template.json
WARNING 2025-07-18 18:50:02,524 log 94585 139743599769280 Not Found: /rpc/nodes.yaml
WARNING 2025-07-18 18:50:02,742 log 94585 139743524234944 Not Found: /saleor/config.yml
WARNING 2025-07-18 18:50:02,877 log 94585 139743599769280 Not Found: /shippo/shipments.yaml
WARNING 2025-07-18 18:50:03,022 log 94585 139743524234944 Not Found: /shop/api/schema.graphql
WARNING 2025-07-18 18:50:03,231 log 94585 139743599769280 Not Found: /shop/config.products.js
WARNING 2025-07-18 18:50:03,369 log 94585 139743524234944 Not Found: /shopify/pwa-config.json
WARNING 2025-07-18 18:50:03,565 log 94585 139743599769280 Not Found: /snapshot/settings.json
WARNING 2025-07-18 18:50:03,703 log 94585 139743524234944 Not Found: /ssi/config.yaml
WARNING 2025-07-18 18:50:03,873 log 94585 139743599769280 Not Found: /store/digital_uploads/
WARNING 2025-07-18 18:50:04,045 log 94585 139743524234944 Not Found: /storefront/api/config.js
WARNING 2025-07-18 18:50:04,183 log 94585 139743599769280 Not Found: /storefront/pages/checkout.js
WARNING 2025-07-18 18:50:04,347 log 94585 139743524234944 Not Found: /vendure/config.ts
WARNING 2025-07-18 18:50:04,481 log 94585 139743599769280 Not Found: /wallet/keystore.json
WARNING 2025-07-18 18:50:04,618 log 94585 139743524234944 Not Found: /walletconnect/config.ts
WARNING 2025-07-18 18:50:04,799 log 94585 139743599769280 Not Found: /web3/login_config.js
WARNING 2025-07-18 18:50:04,935 log 94585 139743524234944 Not Found: /web3/tokenmap.json
WARNING 2025-07-18 18:50:05,075 log 94585 139743599769280 Not Found: /adyen/config.yaml
WARNING 2025-07-18 18:50:05,274 log 94585 139743524234944 Not Found: /afterpay/settings.env
WARNING 2025-07-18 18:50:05,412 log 94585 139743599769280 Not Found: /alipay/settings.yaml
WARNING 2025-07-18 18:50:05,563 log 94585 139743524234944 Not Found: /api/payments/config.js
WARNING 2025-07-18 18:50:05,744 log 94585 139743599769280 Not Found: /applepay/config.plist
WARNING 2025-07-18 18:50:05,880 log 94585 139743524234944 Not Found: /billing/invoice_config.json
WARNING 2025-07-18 18:50:06,125 log 94585 139743599769280 Not Found: /braintree/merchant_config.xml
WARNING 2025-07-18 18:50:06,262 log 94585 139743524234944 Not Found: /checkout/invoice_config.yaml
WARNING 2025-07-18 18:50:06,420 log 94585 139743599769280 Not Found: /checkoutcom/env.json
WARNING 2025-07-18 18:50:06,558 log 94585 139743524234944 Not Found: /coinpayments/config.ini
WARNING 2025-07-18 18:50:06,702 log 94585 139743599769280 Not Found: /config/payments/credentials.env
WARNING 2025-07-18 18:50:07,083 log 94585 139743524234944 Not Found: /cryptomus/config.env
WARNING 2025-07-18 18:50:07,466 log 94585 139743599769280 Not Found: /dev/transactions/mock.json
WARNING 2025-07-18 18:50:09,327 log 94585 139743524234944 Not Found: /googlepay/settings.json
WARNING 2025-07-18 18:50:09,700 log 94585 139743599769280 Not Found: /klarna/config.php
WARNING 2025-07-18 18:50:09,830 log 94585 139743524234944 Not Found: /mercadopago/settings.json
WARNING 2025-07-18 18:50:09,965 log 94585 139743599769280 Not Found: /mollie/config.env
WARNING 2025-07-18 18:50:10,096 log 94585 139743524234944 Not Found: /mpesa/config.json
WARNING 2025-07-18 18:50:10,241 log 94585 139743599769280 Not Found: /orders/history.db
WARNING 2025-07-18 18:50:10,367 log 94585 139743524234944 Not Found: /payment/config.json
WARNING 2025-07-18 18:50:10,511 log 94585 139743599769280 Not Found: /payment/keys.json
WARNING 2025-07-18 18:50:10,640 log 94585 139743524234944 Not Found: /payment_gateway/config.yaml
WARNING 2025-07-18 18:50:10,770 log 94585 139743599769280 Not Found: /paypal/api_settings.json
WARNING 2025-07-18 18:50:10,920 log 94585 139743524234944 Not Found: /paysafecard/config.yml
WARNING 2025-07-18 18:50:11,069 log 94585 139743599769280 Not Found: /paytm/env.json
WARNING 2025-07-18 18:50:11,201 log 94585 139743524234944 Not Found: /payu/config.yaml
WARNING 2025-07-18 18:50:11,397 log 94585 139743599769280 Not Found: /qiwi/api.env
WARNING 2025-07-18 18:50:11,524 log 94585 139743524234944 Not Found: /razorpay/keys.json
WARNING 2025-07-18 18:50:11,652 log 94585 139743599769280 Not Found: /receipts/receipt_template.pdf
WARNING 2025-07-18 18:50:11,885 log 94585 139743524234944 Not Found: /sandbox/checkout/receipt.png
WARNING 2025-07-18 18:50:12,012 log 94585 139743599769280 Not Found: /sandbox/payments/test_keys.json
WARNING 2025-07-18 18:50:12,144 log 94585 139743524234944 Not Found: /sezzle/keys.env
WARNING 2025-07-18 18:50:12,326 log 94585 139743599769280 Not Found: /square/settings.json
WARNING 2025-07-18 18:50:12,456 log 94585 139743524234944 Not Found: /test/payment_gateway/config.json
WARNING 2025-07-18 18:50:12,670 log 94585 139743599769280 Not Found: /transactions/logs.csv
WARNING 2025-07-18 18:50:12,798 log 94585 139743524234944 Not Found: /venmo/api_keys.env
WARNING 2025-07-18 18:50:12,929 log 94585 139743599769280 Not Found: /wechatpay/env.yaml
WARNING 2025-07-18 18:50:13,100 log 94585 139743524234944 Not Found: /yoomoney/credentials.json
WARNING 2025-07-18 18:50:13,229 log 94585 139743599769280 Not Found: /addons/checkout_gateway/config.yaml
WARNING 2025-07-18 18:50:13,389 log 94585 139743524234944 Not Found: /affirm/config.json
WARNING 2025-07-18 18:50:13,558 log 94585 139743599769280 Not Found: /amazonpay/config.json
WARNING 2025-07-18 18:50:13,688 log 94585 139743524234944 Not Found: /billplz/env.json
WARNING 2025-07-18 18:50:15,787 log 94585 139743599769280 Not Found: /bluepay/settings.yaml
WARNING 2025-07-18 18:50:16,182 log 94585 139743524234944 Not Found: /bluesnap/config.js
WARNING 2025-07-18 18:50:16,309 log 94585 139743599769280 Not Found: /chargebee/settings.env
WARNING 2025-07-18 18:50:16,438 log 94585 139743524234944 Not Found: /chargify/config.ini
WARNING 2025-07-18 18:50:16,574 log 94585 139743599769280 Not Found: /events/payment_completed.json
WARNING 2025-07-18 18:50:16,703 log 94585 139743524234944 Not Found: /events/payment_failed.json
WARNING 2025-07-18 18:50:16,842 log 94585 139743599769280 Not Found: /extensions/payment/paypal.env
WARNING 2025-07-18 18:50:16,990 log 94585 139743524234944 Not Found: /fraudlabspro/config.json
WARNING 2025-07-18 18:50:17,121 log 94585 139743599769280 Not Found: /invoice_templates/template1.html
WARNING 2025-07-18 18:50:19,346 log 94585 139743524234944 Not Found: /maxmind/geoip.env
WARNING 2025-07-18 18:50:21,569 log 94585 139743599769280 Not Found: /modules/payment_gateway/config.php
WARNING 2025-07-18 18:50:21,924 log 94585 139743524234944 Not Found: /neteller/keys.env
WARNING 2025-07-18 18:50:22,069 log 94585 139743599769280 Not Found: /paddle/config.json
WARNING 2025-07-18 18:50:22,206 log 94585 139743524234944 Not Found: /paysafe/settings.yaml
WARNING 2025-07-18 18:50:22,335 log 94585 139743599769280 Not Found: /qa/payment_methods/settings.json
WARNING 2025-07-18 18:50:24,415 log 94585 139743524234944 Not Found: /quickbooks/payment_config.json
WARNING 2025-07-18 18:50:24,771 log 94585 139743599769280 Not Found: /recurly/config.yml
WARNING 2025-07-18 18:50:24,900 log 94585 139743524234944 Not Found: /refunds/refund_policy.pdf
WARNING 2025-07-18 18:50:25,046 log 94585 139743599769280 Not Found: /riskengine/score_config.json
WARNING 2025-07-18 18:50:25,173 log 94585 139743524234944 Not Found: /seon/settings.yaml
WARNING 2025-07-18 18:50:25,303 log 94585 139743599769280 Not Found: /sift/api.json
WARNING 2025-07-18 18:50:25,447 log 94585 139743524234944 Not Found: /signifyd/api_keys.env
WARNING 2025-07-18 18:50:25,577 log 94585 139743599769280 Not Found: /skrill/env.ini
WARNING 2025-07-18 18:50:25,705 log 94585 139743524234944 Not Found: /slydepay/creds.json
WARNING 2025-07-18 18:50:25,894 log 94585 139743599769280 Not Found: /test-environment/payments/merchant_profile.json
WARNING 2025-07-18 18:50:26,023 log 94585 139743524234944 Not Found: /twocheckout/config.php
WARNING 2025-07-18 18:50:26,151 log 94585 139743599769280 Not Found: /uat/payments/testcards.json
WARNING 2025-07-18 18:50:26,283 log 94585 139743524234944 Not Found: /verifone/config.json
WARNING 2025-07-18 18:50:26,410 log 94585 139743599769280 Not Found: /webhooks/outgoing/transaction.yaml
WARNING 2025-07-18 18:50:26,539 log 94585 139743524234944 Not Found: /woocommerce/gateway-settings.json
WARNING 2025-07-18 18:50:26,670 log 94585 139743599769280 Not Found: /xero/api_config.yaml
WARNING 2025-07-18 18:50:26,823 log 94585 139743524234944 Not Found: /zip/settings.yaml
WARNING 2025-07-18 18:50:26,949 log 94585 139743599769280 Not Found: /zoho/billing.yaml
WARNING 2025-07-18 18:51:14,829 log 94585 139743524234944 Not Found: /admin_area/
WARNING 2025-07-18 18:51:15,205 log 94585 139743599769280 Not Found: /administrator/components/com_admin/
WARNING 2025-07-18 18:51:15,357 log 94585 139743524234944 Not Found: /administrator/index.php
WARNING 2025-07-18 18:51:15,488 log 94585 139743599769280 Not Found: /adminpanel/
WARNING 2025-07-18 18:51:15,665 log 94585 139743524234944 Not Found: /adminsite/
WARNING 2025-07-18 18:51:15,796 log 94585 139743599769280 Not Found: /backend/
WARNING 2025-07-18 18:51:15,946 log 94585 139743524234944 Not Found: /backend/auth
WARNING 2025-07-18 18:51:16,159 log 94585 139743599769280 Not Found: /backend/backend
WARNING 2025-07-18 18:51:16,288 log 94585 139743524234944 Not Found: /backend/backend/auth
WARNING 2025-07-18 18:51:16,472 log 94585 139743599769280 Not Found: /backend/backend/settings
WARNING 2025-07-18 18:51:16,603 log 94585 139743524234944 Not Found: /backend/login
WARNING 2025-07-18 18:51:16,736 log 94585 139743599769280 Not Found: /bolt
WARNING 2025-07-18 18:51:16,892 log 94585 139743524234944 Not Found: /bolt/login
WARNING 2025-07-18 18:51:17,027 log 94585 139743599769280 Not Found: /bolt/overview
WARNING 2025-07-18 18:51:17,161 log 94585 139743524234944 Not Found: /cmslogin/
WARNING 2025-07-18 18:51:17,325 log 94585 139743599769280 Not Found: /config/pages
WARNING 2025-07-18 18:51:17,465 log 94585 139743524234944 Not Found: /dashboard/
WARNING 2025-07-18 18:51:17,602 log 94585 139743599769280 Not Found: /dashboard_admin/
WARNING 2025-07-18 18:51:17,796 log 94585 139743524234944 Not Found: /editor/page/
WARNING 2025-07-18 18:51:17,933 log 94585 139743599769280 Not Found: /ghost/
WARNING 2025-07-18 18:51:18,455 log 94585 139743524234944 Not Found: /index.php/dashboard/
WARNING 2025-07-18 18:51:18,853 log 94585 139743599769280 Not Found: /index.php/dashboard/sitemap/
WARNING 2025-07-18 18:51:19,045 log 94585 139743524234944 Not Found: /index.php/login
WARNING 2025-07-18 18:51:19,177 log 94585 139743599769280 Not Found: /keystone
WARNING 2025-07-18 18:51:19,332 log 94585 139743524234944 Not Found: /keystone/api
WARNING 2025-07-18 18:51:19,463 log 94585 139743599769280 Not Found: /keystone/signin
WARNING 2025-07-18 18:51:19,595 log 94585 139743524234944 Not Found: /magento_admin/
WARNING 2025-07-18 18:51:22,038 log 94585 139743599769280 Not Found: /modcp/
WARNING 2025-07-18 18:51:22,419 log 94585 139743524234944 Not Found: /panel/
WARNING 2025-07-18 18:51:22,551 log 94585 139743599769280 Not Found: /prestashop-admin/
WARNING 2025-07-18 18:51:22,683 log 94585 139743524234944 Not Found: /processwire/
WARNING 2025-07-18 18:51:22,877 log 94585 139743599769280 Not Found: /pw-admin/
WARNING 2025-07-18 18:51:23,008 log 94585 139743524234944 Not Found: /site-admin/
WARNING 2025-07-18 18:51:23,142 log 94585 139743599769280 Not Found: /typo3/index.php
WARNING 2025-07-18 18:51:23,280 log 94585 139743524234944 Not Found: /wp-admin/customize.php
WARNING 2025-07-18 18:51:23,410 log 94585 139743599769280 Not Found: /wp-admin/options-general.php
WARNING 2025-07-18 18:51:23,554 log 94585 139743524234944 Not Found: /zc_admin/
WARNING 2025-07-18 18:51:23,686 log 94585 139743599769280 Not Found: /.well-known/metadata.json
WARNING 2025-07-18 18:51:23,818 log 94585 139743524234944 Not Found: /169.254.169.254/latest/
WARNING 2025-07-18 18:51:23,953 log 94585 139743599769280 Unauthorized: /
WARNING 2025-07-18 18:51:24,098 log 94585 139743524234944 Unauthorized: /
WARNING 2025-07-18 18:51:24,219 log 94585 139743599769280 Unauthorized: /
WARNING 2025-07-18 18:51:26,703 log 94585 139743524234944 Unauthorized: /
WARNING 2025-07-18 18:51:26,824 log 94585 139743599769280 Unauthorized: /
WARNING 2025-07-18 18:51:26,965 log 94585 139743524234944 Unauthorized: /
WARNING 2025-07-18 18:51:27,085 log 94585 139743599769280 Unauthorized: /
WARNING 2025-07-18 18:51:27,204 log 94585 139743524234944 Unauthorized: /
WARNING 2025-07-18 18:51:29,733 log 94585 139743599769280 Unauthorized: /
WARNING 2025-07-18 18:51:29,853 log 94585 139743524234944 Unauthorized: /
WARNING 2025-07-18 18:51:32,338 log 94585 139743599769280 Unauthorized: /
WARNING 2025-07-18 18:51:32,459 log 94585 139743524234944 Unauthorized: /
WARNING 2025-07-18 18:51:34,618 log 94585 139743599769280 Unauthorized: /
WARNING 2025-07-18 18:51:34,762 log 94585 139743524234944 Unauthorized: /
WARNING 2025-07-18 18:51:34,942 log 94585 139743599769280 Unauthorized: /
WARNING 2025-07-18 18:52:16,962 log 94585 139743524234944 Not Found: /api/internal/metadata
WARNING 2025-07-18 18:52:17,337 log 94585 139743599769280 Not Found: /api/proxy
WARNING 2025-07-18 18:52:17,543 log 94585 139743524234944 Not Found: /aws/metadata
WARNING 2025-07-18 18:52:17,677 log 94585 139743599769280 Not Found: /azure/metadata
WARNING 2025-07-18 18:52:17,811 log 94585 139743524234944 Not Found: /cloud/config
WARNING 2025-07-18 18:52:17,951 log 94585 139743599769280 Not Found: /config/feed-url.json
WARNING 2025-07-18 18:52:18,082 log 94585 139743524234944 Not Found: /config/urls.json
WARNING 2025-07-18 18:52:18,215 log 94585 139743599769280 Not Found: /curl
WARNING 2025-07-18 18:52:18,372 log 94585 139743524234944 Not Found: /feeds/importer
WARNING 2025-07-18 18:52:18,506 log 94585 139743599769280 Not Found: /fetch
WARNING 2025-07-18 18:52:18,642 log 94585 139743524234944 Not Found: /fetch
WARNING 2025-07-18 18:52:18,786 log 94585 139743599769280 Not Found: /gcp/metadata
WARNING 2025-07-18 18:52:18,918 log 94585 139743524234944 Not Found: /internal/config/metadata.json
WARNING 2025-07-18 18:52:19,051 log 94585 139743599769280 Not Found: /internal/fetch
WARNING 2025-07-18 18:52:19,211 log 94585 139743524234944 Not Found: /internal/status
WARNING 2025-07-18 18:52:19,343 log 94585 139743599769280 Not Found: /latest/meta-data/
WARNING 2025-07-18 18:52:19,473 log 94585 139743524234944 Not Found: /meta-data/iam/
WARNING 2025-07-18 18:52:19,607 log 94585 139743599769280 Not Found: /metadata/computeMetadata/v1/
WARNING 2025-07-18 18:52:19,738 log 94585 139743524234944 Not Found: /monitoring/check
WARNING 2025-07-18 18:52:19,870 log 94585 139743599769280 Not Found: /ping
WARNING 2025-07-18 18:52:20,007 log 94585 139743524234944 Not Found: /proxy
WARNING 2025-07-18 18:52:20,145 log 94585 139743599769280 Not Found: /proxy
WARNING 2025-07-18 18:52:20,275 log 94585 139743524234944 Not Found: /sync/from-url
WARNING 2025-07-18 18:52:20,445 log 94585 139743599769280 Not Found: /system/ping
WARNING 2025-07-18 18:52:22,434 log 94585 139743524234944 Not Found: /test-ssrf
WARNING 2025-07-18 18:52:24,566 log 94585 139743599769280 Not Found: /test/request
WARNING 2025-07-18 18:52:24,974 log 94585 139743524234944 Not Found: /tools/fetch
WARNING 2025-07-18 18:52:25,105 log 94585 139743599769280 Not Found: /webhook/send
WARNING 2025-07-18 18:52:25,228 log 94585 139743524234944 Unauthorized: /
WARNING 2025-07-18 18:52:25,353 log 94585 139743599769280 Unauthorized: /
WARNING 2025-07-18 18:52:25,483 log 94585 139743524234944 Not Found: /account/lookup
WARNING 2025-07-18 18:52:25,615 log 94585 139743599769280 Not Found: /account
WARNING 2025-07-18 18:52:36,540 log 94585 139743524234944 Not Found: /api/admins/2
WARNING 2025-07-18 18:52:36,937 log 94585 139743599769280 Not Found: /api/export
WARNING 2025-07-18 18:52:37,129 log 94585 139743524234944 Not Found: /api/load
WARNING 2025-07-18 18:52:37,386 log 94585 139743524234944 Unauthorized: /api/users/123/
WARNING 2025-07-18 18:52:37,538 log 94585 139743599769280 Not Found: /debug
WARNING 2025-07-18 18:52:37,671 log 94585 139743524234944 Not Found: /documents/1234
WARNING 2025-07-18 18:52:37,808 log 94585 139743599769280 Not Found: /download
WARNING 2025-07-18 18:52:37,976 log 94585 139743524234944 Not Found: /invoice
WARNING 2025-07-18 18:52:38,111 log 94585 139743599769280 Not Found: /js/
WARNING 2025-07-18 18:52:38,246 log 94585 139743524234944 Not Found: /order
WARNING 2025-07-18 18:52:38,404 log 94585 139743599769280 Not Found: /preview
WARNING 2025-07-18 18:52:38,537 log 94585 139743524234944 Not Found: /preview
WARNING 2025-07-18 18:52:38,666 log 94585 139743599769280 Not Found: /profile
WARNING 2025-07-18 18:52:38,821 log 94585 139743524234944 Not Found: /render/preview
WARNING 2025-07-18 18:52:38,953 log 94585 139743599769280 Not Found: /render
WARNING 2025-07-18 18:52:39,085 log 94585 139743524234944 Not Found: /report
WARNING 2025-07-18 18:52:41,222 log 94585 139743599769280 Not Found: /report
WARNING 2025-07-18 18:52:43,796 log 94585 139743524234944 Not Found: /script.js
WARNING 2025-07-18 18:52:46,659 log 94585 139743599769280 Not Found: /test
WARNING 2025-07-18 18:52:49,540 log 94585 139743524234944 Not Found: /user
WARNING 2025-07-18 18:52:51,712 log 94585 139743599769280 Not Found: /.well-known/oauth-authorization-server
WARNING 2025-07-18 18:52:54,347 log 94585 139743524234944 Not Found: /.well-known/openid-configuration
WARNING 2025-07-18 18:52:54,750 log 94585 139743599769280 Not Found: /account/change-email
WARNING 2025-07-18 18:53:07,630 log 94585 139743524234944 Not Found: /api/account/delete
WARNING 2025-07-18 18:53:10,830 log 94585 139743599769280 Not Found: /api/users/1/settings
WARNING 2025-07-18 18:53:11,250 log 94585 139743524234944 Not Found: /api/v1/documents/3
WARNING 2025-07-18 18:53:13,239 log 94585 139743599769280 Not Found: /api/v1/invoices/4/pdf
WARNING 2025-07-18 18:53:13,639 log 94585 139743524234944 Not Found: /api/v1/notes/5/edit
WARNING 2025-07-18 18:53:13,776 log 94585 139743599769280 Not Found: /api/v1/users/1
WARNING 2025-07-18 18:53:13,926 log 94585 139743524234944 Not Found: /api/v1/users/2/permissions
WARNING 2025-07-18 18:53:14,069 log 94585 139743599769280 Not Found: /auth/code_exchange
WARNING 2025-07-18 18:53:14,207 log 94585 139743524234944 Not Found: /auth/oauth2/login
WARNING 2025-07-18 18:53:16,682 log 94585 139743599769280 Not Found: /connect/userinfo
WARNING 2025-07-18 18:53:17,096 log 94585 139743524234944 Not Found: /customer/42/orders
WARNING 2025-07-18 18:53:17,231 log 94585 139743599769280 Not Found: /device/code
WARNING 2025-07-18 18:53:19,371 log 94585 139743524234944 Not Found: /download/report
WARNING 2025-07-18 18:53:19,765 log 94585 139743599769280 Not Found: /employee/4/benefits
WARNING 2025-07-18 18:53:19,901 log 94585 139743524234944 Not Found: /events/socket
WARNING 2025-07-18 18:53:20,041 log 94585 139743599769280 Not Found: /identity/authorize
WARNING 2025-07-18 18:53:20,174 log 94585 139743524234944 Not Found: /live/stream/auth
WARNING 2025-07-18 18:53:20,309 log 94585 139743599769280 Not Found: /manager/1/performance
WARNING 2025-07-18 18:53:22,584 log 94585 139743524234944 Not Found: /notifications/ws
WARNING 2025-07-18 18:53:24,812 log 94585 139743599769280 Not Found: /oauth/authorize
WARNING 2025-07-18 18:53:25,192 log 94585 139743524234944 Not Found: /oauth/authorize
WARNING 2025-07-18 18:53:25,343 log 94585 139743599769280 Not Found: /oauth/device
WARNING 2025-07-18 18:53:25,546 log 94585 139743524234944 Not Found: /oauth/device_authorization
WARNING 2025-07-18 18:53:25,681 log 94585 139743599769280 Not Found: /oauth/logout
WARNING 2025-07-18 18:53:25,820 log 94585 139743524234944 Not Found: /oauth/token
WARNING 2025-07-18 18:53:25,977 log 94585 139743599769280 Not Found: /oauth/userinfo
WARNING 2025-07-18 18:53:26,113 log 94585 139743524234944 Not Found: /oauth2/tokeninfo
WARNING 2025-07-18 18:53:26,276 log 94585 139743599769280 Not Found: /realtime/admin
WARNING 2025-07-18 18:53:26,423 log 94585 139743524234944 Not Found: /socket.io/
WARNING 2025-07-18 18:53:26,560 log 94585 139743599769280 Not Found: /socket/debug
WARNING 2025-07-18 18:53:26,695 log 94585 139743524234944 Not Found: /staff/10/salary
WARNING 2025-07-18 18:53:26,844 log 94585 139743599769280 Not Found: /user/1/security/questions
WARNING 2025-07-18 18:53:26,981 log 94585 139743524234944 Not Found: /v1/messages
WARNING 2025-07-18 18:53:27,116 log 94585 139743599769280 Not Found: /ws-api/send
WARNING 2025-07-18 18:53:27,276 log 94585 139743524234944 Not Found: /ws/
WARNING 2025-07-18 18:53:27,410 log 94585 139743599769280 Not Found: /ws/admin
WARNING 2025-07-18 18:53:27,548 log 94585 139743524234944 Not Found: /ws/chatroom
WARNING 2025-07-18 18:53:27,683 log 94585 139743599769280 Not Found: /ws/connect
WARNING 2025-07-18 18:53:27,821 log 94585 139743524234944 Not Found: /ws
WARNING 2025-07-18 18:53:27,957 log 94585 139743599769280 Not Found: /admin-ws/proxy
WARNING 2025-07-18 18:53:42,736 log 94585 139743524234944 Not Found: /api/override_acl
WARNING 2025-07-18 18:53:43,145 log 94585 139743599769280 Not Found: /api/token/refresh
WARNING 2025-07-18 18:53:43,280 log 94585 139743524234944 Not Found: /auth/bind-session
WARNING 2025-07-18 18:53:43,470 log 94585 139743599769280 Not Found: /auth/check
WARNING 2025-07-18 18:53:43,605 log 94585 139743524234944 Not Found: /auth/context/init
WARNING 2025-07-18 18:53:43,741 log 94585 139743599769280 Not Found: /auth/group/permissions
WARNING 2025-07-18 18:53:43,970 log 94585 139743524234944 Not Found: /auth/jwt/validate
WARNING 2025-07-18 18:53:44,106 log 94585 139743599769280 Not Found: /auth/promote
WARNING 2025-07-18 18:53:46,193 log 94585 139743524234944 Not Found: /auth/token
WARNING 2025-07-18 18:53:46,599 log 94585 139743599769280 Not Found: /auth/validate
WARNING 2025-07-18 18:53:46,735 log 94585 139743524234944 Not Found: /bridge/ws2http
WARNING 2025-07-18 18:53:48,773 log 94585 139743599769280 Not Found: /combine
WARNING 2025-07-18 18:53:49,565 log 94585 139743524234944 Not Found: /jwt/verify
WARNING 2025-07-18 18:53:49,950 log 94585 139743599769280 Not Found: /login/jwt
WARNING 2025-07-18 18:53:51,954 log 94585 139743524234944 Not Found: /login
WARNING 2025-07-18 18:53:54,200 log 94585 139743599769280 Not Found: /login
WARNING 2025-07-18 18:53:56,289 log 94585 139743524234944 Not Found: /panel/access-level=guest
WARNING 2025-07-18 18:53:58,498 log 94585 139743599769280 Not Found: /session/jwt
WARNING 2025-07-18 18:54:01,038 log 94585 139743524234944 Not Found: /session/merge
WARNING 2025-07-18 18:54:01,427 log 94585 139743599769280 Not Found: /set/role
WARNING 2025-07-18 18:54:01,560 log 94585 139743524234944 Not Found: /settings/save
WARNING 2025-07-18 18:54:01,703 log 94585 139743599769280 Not Found: /socket/bridge
WARNING 2025-07-18 18:54:01,876 log 94585 139743524234944 Not Found: /switch-role
WARNING 2025-07-18 18:54:02,009 log 94585 139743599769280 Not Found: /token
WARNING 2025-07-18 18:54:03,757 log 94585 139743524234944 Not Found: /user/edit-role
WARNING 2025-07-18 18:54:04,121 log 94585 139743599769280 Not Found: /user/permissions
WARNING 2025-07-18 18:54:04,254 log 94585 139743524234944 Not Found: /users/permissions/manage
WARNING 2025-07-18 18:54:04,461 log 94585 139743599769280 Not Found: /verify
WARNING 2025-07-18 18:54:04,989 log 94585 139743524234944 Not Found: /ws/connect
WARNING 2025-07-18 18:54:05,760 log 94585 139743599769280 Not Found: /.theia/settings.json
WARNING 2025-07-18 18:54:06,120 log 94585 139743524234944 Not Found: /1password/config.json
WARNING 2025-07-18 18:54:06,264 log 94585 139743599769280 Not Found: /7zip/settings.ini
WARNING 2025-07-18 18:54:06,394 log 94585 139743524234944 Not Found: /analytics/config.json
WARNING 2025-07-18 18:54:06,521 log 94585 139743599769280 Not Found: /archiver/config.json
WARNING 2025-07-18 18:54:06,659 log 94585 139743524234944 Not Found: /backup/settings.yaml
WARNING 2025-07-18 18:54:06,786 log 94585 139743599769280 Not Found: /cdn/settings.yaml
WARNING 2025-07-18 18:54:06,914 log 94585 139743524234944 Not Found: /config/settings-desktop.yaml
WARNING 2025-07-18 18:54:09,078 log 94585 139743599769280 Not Found: /cypress.config.js
WARNING 2025-07-18 18:54:10,924 log 94585 139743524234944 Not Found: /doppler.yaml
WARNING 2025-07-18 18:54:11,278 log 94585 139743599769280 Not Found: /e2e/settings.json
WARNING 2025-07-18 18:54:11,426 log 94585 139743524234944 Not Found: /electron-builder.json
WARNING 2025-07-18 18:54:11,614 log 94585 139743599769280 Not Found: /email/campaign_config.json
WARNING 2025-07-18 18:54:11,744 log 94585 139743524234944 Not Found: /emulator/emulator.json
WARNING 2025-07-18 18:54:11,873 log 94585 139743599769280 Not Found: /engine/options.ini
WARNING 2025-07-18 18:54:12,036 log 94585 139743524234944 Not Found: /ffmpeg/ffmpeg.conf
WARNING 2025-07-18 18:54:12,161 log 94585 139743599769280 Not Found: /game/config.ini
WARNING 2025-07-18 18:54:14,247 log 94585 139743524234944 Not Found: /game/settings.cfg
WARNING 2025-07-18 18:54:14,708 log 94585 139743599769280 Not Found: /hls/config.m3u8
WARNING 2025-07-18 18:54:14,949 log 94585 139743524234944 Not Found: /leads/form-settings.json
WARNING 2025-07-18 18:54:15,095 log 94585 139743599769280 Not Found: /manifest.webmanifest
WARNING 2025-07-18 18:54:15,224 log 94585 139743524234944 Not Found: /masking/config.json
WARNING 2025-07-18 18:54:17,625 log 94585 139743599769280 Not Found: /mobile-test/config.yaml
WARNING 2025-07-18 18:54:18,054 log 94585 139743524234944 Not Found: /modloader/config.json
WARNING 2025-07-18 18:54:18,229 log 94585 139743599769280 Not Found: /newsletter/settings.yml
WARNING 2025-07-18 18:54:18,355 log 94585 139743524234944 Not Found: /pii/scrubber.yaml
WARNING 2025-07-18 18:54:20,466 log 94585 139743599769280 Not Found: /playwright.config.ts
WARNING 2025-07-18 18:54:20,852 log 94585 139743524234944 Not Found: /push/settings.json
WARNING 2025-07-18 18:54:23,523 log 94585 139743599769280 Not Found: /pwa.config.js
WARNING 2025-07-18 18:54:23,928 log 94585 139743524234944 Not Found: /redact/settings.yml
WARNING 2025-07-18 18:54:24,057 log 94585 139743599769280 Not Found: /robotframework/resources/settings.robot
WARNING 2025-07-18 18:54:24,188 log 94585 139743524234944 Not Found: /secrets/config.gpg
WARNING 2025-07-18 18:54:24,325 log 94585 139743599769280 Not Found: /seo-tools/meta.config.yaml
WARNING 2025-07-18 18:54:24,451 log 94585 139743524234944 Not Found: /simulator/settings.plist
WARNING 2025-07-18 18:54:24,579 log 94585 139743599769280 Not Found: /streaming/config.json
WARNING 2025-07-18 18:54:24,722 log 94585 139743524234944 Not Found: /sw-config.js
WARNING 2025-07-18 18:54:24,850 log 94585 139743599769280 Not Found: /tauri.conf.json
WARNING 2025-07-18 18:54:24,977 log 94585 139743524234944 Not Found: /test/config.env
WARNING 2025-07-18 18:54:25,105 log 94585 139743599769280 Not Found: /tests/e2e/config.js
WARNING 2025-07-18 18:54:25,236 log 94585 139743524234944 Not Found: /tracking/settings.js
WARNING 2025-07-18 18:54:25,363 log 94585 139743599769280 Not Found: /transcoder/settings.ini
WARNING 2025-07-18 18:54:25,514 log 94585 139743524234944 Not Found: /unity/ProjectSettings/InputManager.asset
WARNING 2025-07-18 18:54:25,683 log 94585 139743599769280 Not Found: /unreal/Config/DefaultInput.ini
WARNING 2025-07-18 18:54:25,811 log 94585 139743524234944 Not Found: /vaultwarden/config.env
WARNING 2025-07-18 18:54:25,948 log 94585 139743599769280 Not Found: /winrar/rarreg.key
WARNING 2025-07-18 18:54:26,120 log 94585 139743524234944 Not Found: /adas/config.yaml
WARNING 2025-07-18 18:54:26,250 log 94585 139743599769280 Not Found: /armnn/env.env
WARNING 2025-07-18 18:54:26,376 log 94585 139743524234944 Not Found: /autonomous/control.json
WARNING 2025-07-18 18:54:26,529 log 94585 139743599769280 Not Found: /autopilot/params.yaml
WARNING 2025-07-18 18:54:26,716 log 94585 139743524234944 Not Found: /biometrics/settings.json
WARNING 2025-07-18 18:54:26,849 log 94585 139743599769280 Not Found: /camera/recognition_settings.ini
WARNING 2025-07-18 18:54:27,015 log 94585 139743524234944 Not Found: /car/config/settings.ini
WARNING 2025-07-18 18:54:27,141 log 94585 139743599769280 Not Found: /chrome-extension/config.json
WARNING 2025-07-18 18:54:27,268 log 94585 139743524234944 Not Found: /controller/settings.cfg
WARNING 2025-07-18 18:54:27,399 log 94585 139743599769280 Not Found: /coral/settings.json
WARNING 2025-07-18 18:54:27,548 log 94585 139743524234944 Not Found: /drone/mission.yaml
WARNING 2025-07-18 18:54:27,675 log 94585 139743599769280 Not Found: /edge-addon/config.yaml
WARNING 2025-07-18 18:54:29,444 log 94585 139743524234944 Not Found: /edge-ai/config.yaml
WARNING 2025-07-18 18:54:29,833 log 94585 139743599769280 Not Found: /embedded/ml_config.json
WARNING 2025-07-18 18:54:30,126 log 94585 139743524234944 Not Found: /extension/settings.env
WARNING 2025-07-18 18:54:30,255 log 94585 139743599769280 Not Found: /faceid/env.env
WARNING 2025-07-18 18:54:30,384 log 94585 139743524234944 Not Found: /facial/config.yaml
WARNING 2025-07-18 18:54:30,532 log 94585 139743599769280 Not Found: /firefox-addon/settings.js
WARNING 2025-07-18 18:54:30,660 log 94585 139743524234944 Not Found: /flight-controller/config.ini
WARNING 2025-07-18 18:54:30,788 log 94585 139743599769280 Not Found: /gps/logs.txt
WARNING 2025-07-18 18:54:30,942 log 94585 139743524234944 Not Found: /gripper/config.yaml
WARNING 2025-07-18 18:54:31,068 log 94585 139743599769280 Not Found: /images/models/face_model.xml
WARNING 2025-07-18 18:54:31,197 log 94585 139743524234944 Not Found: /infotainment/env.env
WARNING 2025-07-18 18:54:31,329 log 94585 139743599769280 Not Found: /jetson/config.toml
WARNING 2025-07-18 18:54:31,491 log 94585 139743524234944 Not Found: /lidar/config.json
WARNING 2025-07-18 18:54:31,619 log 94585 139743599769280 Not Found: /manifest.json
WARNING 2025-07-18 18:54:33,654 log 94585 139743524234944 Not Found: /nav/config.json
WARNING 2025-07-18 18:54:34,030 log 94585 139743599769280 Not Found: /plugin/permissions.json
WARNING 2025-07-18 18:54:34,158 log 94585 139743524234944 Not Found: /robot/settings.yaml
WARNING 2025-07-18 18:54:34,298 log 94585 139743599769280 Not Found: /robotics/parameters.json
WARNING 2025-07-18 18:54:34,438 log 94585 139743524234944 Not Found: /ros/config/launch.yaml
WARNING 2025-07-18 18:54:34,574 log 94585 139743599769280 Not Found: /model
WARNING 2025-07-18 18:54:34,702 log 94585 139743524234944 Not Found: /tflite/model_settings.yaml
WARNING 2025-07-18 18:54:34,831 log 94585 139743599769280 Not Found: /tpu/parameters.json
WARNING 2025-07-18 18:54:34,981 log 94585 139743524234944 Not Found: /uav/settings.json
WARNING 2025-07-18 18:54:35,111 log 94585 139743599769280 Not Found: /vehicle/api/keys.env
WARNING 2025-07-18 18:54:37,144 log 94585 139743524234944 Not Found: /vehicle/diagnostics.json
WARNING 2025-07-18 18:54:37,603 log 94585 139743599769280 Not Found: /bioinformatics/workflow.yaml
WARNING 2025-07-18 18:54:37,732 log 94585 139743524234944 Not Found: /biosensor/sampling.conf
WARNING 2025-07-18 18:54:37,862 log 94585 139743599769280 Not Found: /chemistry/lab-config.json
WARNING 2025-07-18 18:54:38,064 log 94585 139743524234944 Not Found: /chromatograph/env.env
WARNING 2025-07-18 18:54:38,192 log 94585 139743599769280 Not Found: /cluster/config.json
WARNING 2025-07-18 18:54:38,341 log 94585 139743524234944 Not Found: /compute/nodes.yaml
WARNING 2025-07-18 18:54:40,292 log 94585 139743599769280 Not Found: /data/downlink/schedule.json
WARNING 2025-07-18 18:54:40,665 log 94585 139743524234944 Not Found: /genomics/pipeline.json
WARNING 2025-07-18 18:54:40,791 log 94585 139743599769280 Not Found: /gnss/receiver_config.ini
WARNING 2025-07-18 18:54:42,940 log 94585 139743524234944 Not Found: /groundstation/settings.json
WARNING 2025-07-18 18:54:43,323 log 94585 139743599769280 Not Found: /healthcare/device_config.json
WARNING 2025-07-18 18:54:43,564 log 94585 139743524234944 Not Found: /hpc/job_template.sh
WARNING 2025-07-18 18:54:43,764 log 94585 139743599769280 Not Found: /iomt/settings.yaml
WARNING 2025-07-18 18:54:43,890 log 94585 139743524234944 Not Found: /lab/microscope/config.ini
WARNING 2025-07-18 18:54:44,020 log 94585 139743599769280 Not Found: /medical/api_keys.env
WARNING 2025-07-18 18:54:44,160 log 94585 139743524234944 Not Found: /mpi/params.conf
WARNING 2025-07-18 18:54:44,287 log 94585 139743599769280 Not Found: /nanotech/sensor_settings.ini
WARNING 2025-07-18 18:54:46,446 log 94585 139743524234944 Not Found: /orbital/params.yaml
WARNING 2025-07-18 18:54:47,089 log 94585 139743599769280 Not Found: /pbs.conf
WARNING 2025-07-18 18:54:47,469 log 94585 139743524234944 Not Found: /research/db/experiment.env
WARNING 2025-07-18 18:54:47,606 log 94585 139743599769280 Not Found: /satellite/telemetry_config.yaml
WARNING 2025-07-18 18:54:47,745 log 94585 139743524234944 Not Found: /scheduler/jobs.json
WARNING 2025-07-18 18:54:47,876 log 94585 139743599769280 Not Found: /scheduler/torque.cfg
WARNING 2025-07-18 18:54:50,061 log 94585 139743524234944 Not Found: /slurm.conf
WARNING 2025-07-18 18:54:50,439 log 94585 139743599769280 Not Found: /spacecraft/navigation.toml
WARNING 2025-07-18 18:54:50,570 log 94585 139743524234944 Not Found: /spectrometer/settings.yaml
WARNING 2025-07-18 18:54:52,913 log 94585 139743599769280 Not Found: /telemedicine/system.env
WARNING 2025-07-18 18:54:53,303 log 94585 139743524234944 Not Found: /uplink/scripts/tx_settings.conf
WARNING 2025-07-18 18:54:53,445 log 94585 139743599769280 Not Found: /vital/signals/stream_config.yaml
WARNING 2025-07-18 18:54:53,663 log 94585 139743524234944 Not Found: /wearable/config.ini
WARNING 2025-07-18 18:54:53,796 log 94585 139743599769280 Not Found: /.pnpmfile.cjs
WARNING 2025-07-18 18:54:55,972 log 94585 139743524234944 Not Found: /.yarnrc.yml
WARNING 2025-07-18 18:54:58,033 log 94585 139743599769280 Not Found: /abtest/variants.yaml
WARNING 2025-07-18 18:54:58,438 log 94585 139743524234944 Not Found: /accounting/api_keys.env
WARNING 2025-07-18 18:54:58,570 log 94585 139743599769280 Not Found: /ansible/playbook.yml
WARNING 2025-07-18 18:55:00,698 log 94585 139743524234944 Not Found: /ar/settings.yaml
WARNING 2025-07-18 18:55:01,109 log 94585 139743599769280 Not Found: /authn/federation.yaml
WARNING 2025-07-18 18:55:01,240 log 94585 139743524234944 Not Found: /bazelrc
WARNING 2025-07-18 18:55:01,392 log 94585 139743599769280 Not Found: /bci/settings.yaml
WARNING 2025-07-18 18:55:01,526 log 94585 139743524234944 Not Found: /brainwave/config.json
WARNING 2025-07-18 18:55:01,662 log 94585 139743599769280 Not Found: /broker/topics.yaml
WARNING 2025-07-18 18:55:01,807 log 94585 139743524234944 Not Found: /buckconfig
WARNING 2025-07-18 18:55:01,949 log 94585 139743599769280 Not Found: /build.sbt
WARNING 2025-07-18 18:55:02,086 log 94585 139743524234944 Not Found: /ca/config.cnf
WARNING 2025-07-18 18:55:04,153 log 94585 139743599769280 Not Found: /certs/csr.conf
WARNING 2025-07-18 18:55:04,525 log 94585 139743524234944 Not Found: /chef/roles/web.json
WARNING 2025-07-18 18:55:04,659 log 94585 139743599769280 Not Found: /composer.json
WARNING 2025-07-18 18:55:04,798 log 94585 139743524234944 Not Found: /controller/mapping.json
WARNING 2025-07-18 18:55:04,959 log 94585 139743599769280 Not Found: /eeg/signal_config.ini
WARNING 2025-07-18 18:55:05,090 log 94585 139743524234944 Not Found: /erp/config.xml
WARNING 2025-07-18 18:55:07,362 log 94585 139743599769280 Not Found: /finance/ledger_config.yaml
WARNING 2025-07-18 18:55:09,918 log 94585 139743524234944 Not Found: /flags/feature_config.json
WARNING 2025-07-18 18:55:10,302 log 94585 139743599769280 Not Found: /flags/settings.conf
WARNING 2025-07-18 18:55:10,435 log 94585 139743524234944 Not Found: /hmd/optics_config.ini
WARNING 2025-07-18 18:55:12,621 log 94585 139743599769280 Not Found: /idp/saml_settings.xml
WARNING 2025-07-18 18:55:12,987 log 94585 139743524234944 Not Found: /inventory/setup.env
WARNING 2025-07-18 18:55:13,118 log 94585 139743599769280 Not Found: /kafka/server.properties
WARNING 2025-07-18 18:55:13,255 log 94585 139743524234944 Not Found: /lab/bci_pipeline.yaml
WARNING 2025-07-18 18:55:13,387 log 94585 139743599769280 Not Found: /launchdarkly/env.env
WARNING 2025-07-18 18:55:13,517 log 94585 139743524234944 Not Found: /mqtt/settings.yaml
WARNING 2025-07-18 18:55:13,684 log 94585 139743599769280 Not Found: /nats/config.json
WARNING 2025-07-18 18:55:13,816 log 94585 139743524234944 Not Found: /neuro/api_keys.env
WARNING 2025-07-18 18:55:13,948 log 94585 139743599769280 Not Found: /neurofeedback/session.env
WARNING 2025-07-18 18:55:16,132 log 94585 139743524234944 Not Found: /nix/config.nix
WARNING 2025-07-18 18:55:16,495 log 94585 139743599769280 Not Found: /optimizely/experiment.json
WARNING 2025-07-18 18:55:16,635 log 94585 139743524234944 Not Found: /pki/cert_config.json
WARNING 2025-07-18 18:55:16,821 log 94585 139743599769280 Not Found: /poetry.toml
WARNING 2025-07-18 18:55:16,952 log 94585 139743524234944 Not Found: /pubsub/config.env
WARNING 2025-07-18 18:55:17,088 log 94585 139743599769280 Not Found: /puppet/manifests/site.pp
WARNING 2025-07-18 18:55:17,226 log 94585 139743524234944 Not Found: /rabbitmq/rabbitmq.conf
WARNING 2025-07-18 18:55:17,356 log 94585 139743599769280 Not Found: /saltstack/top.sls
WARNING 2025-07-18 18:55:17,487 log 94585 139743524234944 Not Found: /sap/settings.ini
WARNING 2025-07-18 18:55:17,631 log 94585 139743599769280 Not Found: /scene/vr_settings.yaml
WARNING 2025-07-18 18:55:17,764 log 94585 139743524234944 Not Found: /spatial/audio_config.json
WARNING 2025-07-18 18:55:17,897 log 94585 139743599769280 Not Found: /split/config.yml
WARNING 2025-07-18 18:55:18,032 log 94585 139743524234944 Not Found: /terraform/terraform.tfvars.json
WARNING 2025-07-18 18:55:18,189 log 94585 139743599769280 Not Found: /truststore/settings.env
WARNING 2025-07-18 18:55:18,321 log 94585 139743524234944 Not Found: /vcpkg.json
WARNING 2025-07-18 18:55:20,445 log 94585 139743599769280 Not Found: /workflow/routing.json
WARNING 2025-07-18 18:55:20,812 log 94585 139743524234944 Not Found: /xr/vr_config.json
WARNING 2025-07-18 18:55:20,943 log 94585 139743599769280 Not Found: /.env.prod.mail
WARNING 2025-07-18 18:55:23,077 log 94585 139743524234944 Not Found: /.env.smtp
WARNING 2025-07-18 18:55:36,255 log 94585 139743599769280 Not Found: /config/mail.json
WARNING 2025-07-18 18:55:38,379 log 94585 139743524234944 Not Found: /dashboard/email/config
WARNING 2025-07-18 18:55:38,775 log 94585 139743599769280 Not Found: /email/env.mail
WARNING 2025-07-18 18:55:38,906 log 94585 139743524234944 Not Found: /env/mail_settings.env
WARNING 2025-07-18 18:55:40,716 log 94585 139743599769280 Not Found: /etc/esmtprc
WARNING 2025-07-18 18:55:42,976 log 94585 139743524234944 Not Found: /etc/mutt/muttrc
WARNING 2025-07-18 18:55:43,344 log 94585 139743599769280 Not Found: /etc/postfix/master.cf
WARNING 2025-07-18 18:55:43,480 log 94585 139743524234944 Not Found: /etc/sendmail.mc
WARNING 2025-07-18 18:55:43,611 log 94585 139743599769280 Not Found: /etc/sendmail/sendmail.cf
WARNING 2025-07-18 18:55:43,749 log 94585 139743524234944 Not Found: /home/user/.msmtprc
WARNING 2025-07-18 18:55:43,879 log 94585 139743599769280 Not Found: /log/mail.log
WARNING 2025-07-18 18:55:44,012 log 94585 139743524234944 Not Found: /mail/error.log
WARNING 2025-07-18 18:55:44,154 log 94585 139743599769280 Not Found: /mail/queue.db
WARNING 2025-07-18 18:55:44,284 log 94585 139743524234944 Not Found: /mail/sendmail.conf
WARNING 2025-07-18 18:55:46,525 log 94585 139743599769280 Not Found: /mail/transport.env
WARNING 2025-07-18 18:55:46,931 log 94585 139743524234944 Not Found: /mailer/config
WARNING 2025-07-18 18:55:47,189 log 94585 139743599769280 Not Found: /mailgun.env
WARNING 2025-07-18 18:55:47,321 log 94585 139743524234944 Not Found: /mailjet/credentials.json
WARNING 2025-07-18 18:55:47,453 log 94585 139743599769280 Not Found: /mandrill/api_keys.env
WARNING 2025-07-18 18:55:47,586 log 94585 139743524234944 Not Found: /netcoremail/config.ini
WARNING 2025-07-18 18:55:47,741 log 94585 139743599769280 Not Found: /postmark.env
WARNING 2025-07-18 18:55:47,872 log 94585 139743524234944 Not Found: /resend/api.env
WARNING 2025-07-18 18:55:50,015 log 94585 139743599769280 Not Found: /settings/mail.env
WARNING 2025-07-18 18:55:52,539 log 94585 139743524234944 Not Found: /smtp-client/config.json
WARNING 2025-07-18 18:55:52,939 log 94585 139743599769280 Not Found: /smtp.env
WARNING 2025-07-18 18:55:53,071 log 94585 139743524234944 Not Found: /smtp2go/env.json
WARNING 2025-07-18 18:55:55,391 log 94585 139743599769280 Not Found: /sparkpost/settings.yaml
WARNING 2025-07-18 18:55:55,822 log 94585 139743524234944 Not Found: /tmp/mailqueue/
WARNING 2025-07-18 18:55:55,955 log 94585 139743599769280 Not Found: /usr/local/etc/msmtprc
WARNING 2025-07-18 18:55:56,088 log 94585 139743524234944 Not Found: /var/spool/mqueue/
WARNING 2025-07-18 18:56:23,514 log 94585 139743599769280 Not Found: /dns/dkim.txt
WARNING 2025-07-18 18:56:23,899 log 94585 139743524234944 Not Found: /dns/dmarc.txt
WARNING 2025-07-18 18:56:24,036 log 94585 139743599769280 Not Found: /dns/spf.txt
WARNING 2025-07-18 18:56:24,168 log 94585 139743524234944 Not Found: /etc/courier/imapd
WARNING 2025-07-18 18:56:24,324 log 94585 139743599769280 Not Found: /etc/courier/pop3d
WARNING 2025-07-18 18:56:24,467 log 94585 139743524234944 Not Found: /etc/dmarc.conf
WARNING 2025-07-18 18:56:24,604 log 94585 139743599769280 Not Found: /etc/domainkeys/domainkeys.private
WARNING 2025-07-18 18:56:24,789 log 94585 139743524234944 Not Found: /etc/dovecot/conf.d/10-mail.conf
WARNING 2025-07-18 18:56:24,922 log 94585 139743599769280 Not Found: /etc/dovecot/dovecot.conf
WARNING 2025-07-18 18:56:25,059 log 94585 139743524234944 Not Found: /etc/dovecot/ssl.key
WARNING 2025-07-18 18:56:25,212 log 94585 139743599769280 Not Found: /etc/imapd.conf
WARNING 2025-07-18 18:56:25,342 log 94585 139743524234944 Not Found: /etc/mail/pop3d.conf
WARNING 2025-07-18 18:56:27,463 log 94585 139743599769280 Not Found: /etc/opendkim.conf
WARNING 2025-07-18 18:56:27,896 log 94585 139743524234944 Not Found: /etc/opendkim/keys/default.private
WARNING 2025-07-18 18:56:28,034 log 94585 139743599769280 Not Found: /etc/opendmarc.conf
WARNING 2025-07-18 18:56:28,169 log 94585 139743524234944 Not Found: /etc/postfix/dkim.key
WARNING 2025-07-18 18:56:28,310 log 94585 139743599769280 Not Found: /etc/postfix/ssl/server.pem
WARNING 2025-07-18 18:56:28,441 log 94585 139743524234944 Not Found: /etc/spf-policy.conf
WARNING 2025-07-18 18:56:28,583 log 94585 139743599769280 Not Found: /etc/ssl/certs/mail.pem
WARNING 2025-07-18 18:56:28,781 log 94585 139743524234944 Not Found: /etc/ssl/private/mail.key
WARNING 2025-07-18 18:56:28,914 log 94585 139743599769280 Not Found: /logs/mail/delivery.log
WARNING 2025-07-18 18:56:29,046 log 94585 139743524234944 Not Found: /logs/mail/error.log
WARNING 2025-07-18 18:56:29,204 log 94585 139743599769280 Not Found: /mail/certs/cert.pem
WARNING 2025-07-18 18:56:29,337 log 94585 139743524234944 Not Found: /mail/certs/key.pem
WARNING 2025-07-18 18:56:31,522 log 94585 139743599769280 Not Found: /mail/imap.conf
WARNING 2025-07-18 18:56:33,599 log 94585 139743524234944 Not Found: /mailpile/config.json
WARNING 2025-07-18 18:56:34,003 log 94585 139743599769280 Not Found: /monitor/mail/queues
WARNING 2025-07-18 18:56:34,141 log 94585 139743524234944 Not Found: /proton/config.json
WARNING 2025-07-18 18:56:34,325 log 94585 139743599769280 Not Found: /protonbridge/settings.json
WARNING 2025-07-18 18:56:34,533 log 94585 139743524234944 Not Found: /protonmail/settings.env
WARNING 2025-07-18 18:56:34,664 log 94585 139743599769280 Not Found: /rainloop/settings.json
WARNING 2025-07-18 18:56:34,800 log 94585 139743524234944 Not Found: /roundcube/config/config.inc.php
WARNING 2025-07-18 18:56:34,934 log 94585 139743599769280 Not Found: /roundcube/config/defaults.inc.php
WARNING 2025-07-18 18:56:35,066 log 94585 139743524234944 Not Found: /squirrelmail/config.php
WARNING 2025-07-18 18:56:35,225 log 94585 139743599769280 Not Found: /zimbra/conf/localconfig.xml
WARNING 2025-07-18 18:56:35,381 log 94585 139743524234944 Not Found: /zimbra/config/mailboxd.properties
WARNING 2025-07-18 18:56:35,512 log 94585 139743599769280 Not Found: /zimbra/jetty/etc/jetty.xml
WARNING 2025-07-18 18:56:35,648 log 94585 139743524234944 Not Found: /crm/email/settings.json
WARNING 2025-07-18 18:56:35,814 log 94585 139743599769280 Not Found: /erpnext/sites/common_site_config.json
WARNING 2025-07-18 18:56:35,945 log 94585 139743524234944 Not Found: /etc/Muttrc
WARNING 2025-07-18 18:56:36,098 log 94585 139743599769280 Not Found: /etc/iredmail/config
WARNING 2025-07-18 18:56:36,275 log 94585 139743524234944 Not Found: /etc/iredmail/functions/roundcube.sh
WARNING 2025-07-18 18:56:36,406 log 94585 139743599769280 Not Found: /etc/mail.rc
WARNING 2025-07-18 18:56:36,696 log 94585 139743524234944 Not Found: /etc/mail/smtpd.conf
WARNING 2025-07-18 18:56:36,827 log 94585 139743599769280 Not Found: /etc/mail/smtpd.relay.conf
WARNING 2025-07-18 18:56:36,966 log 94585 139743524234944 Not Found: /etc/nullmailer/adminaddr
WARNING 2025-07-18 18:56:37,099 log 94585 139743599769280 Not Found: /etc/nullmailer/remotes
WARNING 2025-07-18 18:56:37,234 log 94585 139743524234944 Not Found: /etc/postfixadmin/config.inc.php
WARNING 2025-07-18 18:56:37,377 log 94585 139743599769280 Not Found: /freshworks/mail/settings.json
WARNING 2025-07-18 18:56:37,512 log 94585 139743524234944 Not Found: /hubspot/config/email_gateway.yaml
WARNING 2025-07-18 18:56:37,657 log 94585 139743599769280 Not Found: /mailcow.conf
WARNING 2025-07-18 18:56:37,823 log 94585 139743524234944 Not Found: /monday/integrations/mail.json
WARNING 2025-07-18 18:56:37,954 log 94585 139743599769280 Not Found: /netsuite/integration/smtp.env
WARNING 2025-07-18 18:56:38,086 log 94585 139743524234944 Not Found: /odoo/addons/mail/data/mail_data.xml
WARNING 2025-07-18 18:56:38,307 log 94585 139743599769280 Not Found: /odoo/odoo.conf
WARNING 2025-07-18 18:56:38,438 log 94585 139743524234944 Not Found: /opt/iredmail/iredmail.conf
WARNING 2025-07-18 18:56:38,593 log 94585 139743599769280 Not Found: /opt/mailcow-dockerized/mailcow.conf
WARNING 2025-07-18 18:56:38,757 log 94585 139743524234944 Not Found: /opt/mailcow/data/conf/dovecot/dovecot.conf
WARNING 2025-07-18 18:56:38,888 log 94585 139743599769280 Not Found: /opt/mailcow/data/conf/postfix/main.cf
WARNING 2025-07-18 18:56:41,190 log 94585 139743524234944 Not Found: /opt/zimbra/conf/localconfig.xml
WARNING 2025-07-18 18:56:41,564 log 94585 139743599769280 Not Found: /opt/zimbra/conf/zimbra.conf
WARNING 2025-07-18 18:56:41,694 log 94585 139743524234944 Not Found: /sap/smtpsettings.ini
WARNING 2025-07-18 18:56:43,402 log 94585 139743599769280 Not Found: /suitecrm/config_override.php
WARNING 2025-07-18 18:56:45,518 log 94585 139743524234944 Not Found: /usr/lib/courier/etc/esmtpd
WARNING 2025-07-18 18:56:47,500 log 94585 139743599769280 Not Found: /usr/lib/courier/etc/esmtpd-ssl
WARNING 2025-07-18 18:56:49,669 log 94585 139743524234944 Not Found: /usr/lib/mail.rc
WARNING 2025-07-18 18:56:50,054 log 94585 139743599769280 Not Found: /usr/lib/pine.conf
WARNING 2025-07-18 18:56:50,239 log 94585 139743524234944 Not Found: /usr/lib/pine.conf.fixed
WARNING 2025-07-18 18:56:50,378 log 94585 139743599769280 Not Found: /usr/share/mailx/mailx.rc
WARNING 2025-07-18 18:56:50,526 log 94585 139743524234944 Not Found: /usr/share/webmin/dovecot/config
WARNING 2025-07-18 18:56:50,679 log 94585 139743599769280 Not Found: /usr/share/webmin/postfix/config
WARNING 2025-07-18 18:56:50,810 log 94585 139743524234944 Not Found: /usr/share/webmin/sendmail/config
WARNING 2025-07-18 18:56:50,961 log 94585 139743599769280 Not Found: /var/qmail/control/me
WARNING 2025-07-18 18:56:51,152 log 94585 139743524234944 Not Found: /var/qmail/control/rcpthosts
WARNING 2025-07-18 18:56:51,292 log 94585 139743599769280 Not Found: /var/qmail/control/smtproutes
WARNING 2025-07-18 18:56:51,452 log 94585 139743524234944 Not Found: /var/www/postfixadmin/config.inc.php
WARNING 2025-07-18 18:56:51,584 log 94585 139743599769280 Not Found: /zoho/mail/config.json
WARNING 2025-07-18 18:56:51,715 log 94585 139743524234944 Not Found: /~/.mailrc
WARNING 2025-07-18 18:56:53,660 log 94585 139743599769280 Not Found: /~/.mbsyncrc
WARNING 2025-07-18 18:56:56,045 log 94585 139743524234944 Not Found: /~/.mutt/muttrc.local
WARNING 2025-07-18 18:56:56,440 log 94585 139743599769280 Not Found: /~/.muttrc
WARNING 2025-07-18 18:56:56,580 log 94585 139743524234944 Not Found: /~/.nail.rc
WARNING 2025-07-18 18:56:58,728 log 94585 139743599769280 Not Found: /~/.notmuch-config
WARNING 2025-07-18 18:56:59,150 log 94585 139743524234944 Not Found: /~/.offlineimaprc
WARNING 2025-07-18 18:56:59,285 log 94585 139743599769280 Not Found: /~/.pinerc
WARNING 2025-07-18 18:56:59,437 log 94585 139743524234944 Not Found: /aliyun/email/config.json
WARNING 2025-07-18 18:56:59,572 log 94585 139743599769280 Not Found: /amavis/conf.d/50-user
WARNING 2025-07-18 18:56:59,703 log 94585 139743524234944 Not Found: /archiver/mail_archive.conf
WARNING 2025-07-18 18:56:59,837 log 94585 139743599769280 Not Found: /async/email_dispatcher.json
WARNING 2025-07-18 18:56:59,996 log 94585 139743524234944 Not Found: /auth/mail/login_policies.env
WARNING 2025-07-18 18:57:00,128 log 94585 139743599769280 Not Found: /aws/ses/smtp.env
WARNING 2025-07-18 18:57:02,288 log 94585 139743524234944 Not Found: /compliance/email_journal.conf
WARNING 2025-07-18 18:57:02,684 log 94585 139743599769280 Not Found: /etc/conf.d/mail-client
WARNING 2025-07-18 18:57:02,818 log 94585 139743524234944 Not Found: /etc/conf.d/ssmtp
WARNING 2025-07-18 18:57:04,599 log 94585 139743599769280 Not Found: /etc/default/exim4
WARNING 2025-07-18 18:57:04,965 log 94585 139743524234944 Not Found: /etc/default/msmtp
WARNING 2025-07-18 18:57:06,686 log 94585 139743599769280 Not Found: /etc/default/postfix
WARNING 2025-07-18 18:57:07,081 log 94585 139743524234944 Not Found: /etc/init.d/mailservice
WARNING 2025-07-18 18:57:07,212 log 94585 139743599769280 Not Found: /etc/sysconfig/mail
WARNING 2025-07-18 18:57:07,397 log 94585 139743524234944 Not Found: /gcp/mail-relay/relay.yaml
WARNING 2025-07-18 18:57:07,532 log 94585 139743599769280 Not Found: /jobs/mailer.config.js
WARNING 2025-07-18 18:57:07,989 log 94585 139743524234944 Not Found: /oracle/cloud/smtp_gateway.conf
WARNING 2025-07-18 18:57:09,947 log 94585 139743599769280 Not Found: /ovh/mail/relay_config.yaml
WARNING 2025-07-18 18:57:10,392 log 94585 139743524234944 Not Found: /queue/email_worker.conf
WARNING 2025-07-18 18:57:10,530 log 94585 139743599769280 Not Found: /queue/settings/email.yml
WARNING 2025-07-18 18:57:10,672 log 94585 139743524234944 Not Found: /relay.hosting/config.env
WARNING 2025-07-18 18:57:10,833 log 94585 139743599769280 Not Found: /retention/email_retention_policy.yaml
WARNING 2025-07-18 18:57:10,967 log 94585 139743524234944 Not Found: /rspamd/local.d/milter_headers.conf
WARNING 2025-07-18 18:57:11,104 log 94585 139743599769280 Not Found: /rspamd/override.d/headers.conf
WARNING 2025-07-18 18:57:11,273 log 94585 139743524234944 Not Found: /sasl/settings.conf
WARNING 2025-07-18 18:57:11,407 log 94585 139743599769280 Not Found: /smtp-relay-provider/credentials.env
WARNING 2025-07-18 18:57:11,544 log 94585 139743524234944 Not Found: /smtp-relay/config.json
WARNING 2025-07-18 18:57:11,699 log 94585 139743599769280 Not Found: /smtp/azure/sendmail.env
WARNING 2025-07-18 18:57:11,868 log 94585 139743524234944 Not Found: /smtp/security_policies.yaml
WARNING 2025-07-18 18:57:12,009 log 94585 139743599769280 Not Found: /spamassassin/local.cf
WARNING 2025-07-18 18:57:12,155 log 94585 139743524234944 Not Found: /storage/mail_journals.yaml
WARNING 2025-07-18 18:57:12,297 log 94585 139743599769280 Not Found: /tls/policy/mail.yaml
WARNING 2025-07-18 18:57:12,433 log 94585 139743524234944 Not Found: /worker/mailer/settings.env
WARNING 2025-07-18 18:57:12,597 log 94585 139743599769280 Not Found: /ach/ach_config.yaml
WARNING 2025-07-18 18:57:12,731 log 94585 139743524234944 Not Found: /applepay/token_map.env
WARNING 2025-07-18 18:57:12,865 log 94585 139743599769280 Not Found: /apps/billing_gateway.json
WARNING 2025-07-18 18:57:13,052 log 94585 139743524234944 Not Found: /autocharge/settings.ini
WARNING 2025-07-18 18:57:13,188 log 94585 139743599769280 Not Found: /billing/recurring_settings.json
WARNING 2025-07-18 18:57:13,326 log 94585 139743524234944 Not Found: /boleto/keys.json
WARNING 2025-07-18 18:57:13,484 log 94585 139743599769280 Not Found: /config/payment_processor.env
WARNING 2025-07-18 18:57:13,620 log 94585 139743524234944 Not Found: /eftpos/config.json
WARNING 2025-07-18 18:57:13,757 log 94585 139743599769280 Not Found: /ewallets/settings.json
WARNING 2025-07-18 18:57:13,909 log 94585 139743524234944 Not Found: /fraud/score_config.yaml
WARNING 2025-07-18 18:57:14,044 log 94585 139743599769280 Not Found: /gateways/params.cfg
WARNING 2025-07-18 18:57:14,181 log 94585 139743524234944 Not Found: /giropay/config.ini
WARNING 2025-07-18 18:57:14,390 log 94585 139743599769280 Not Found: /googlepay/gateway_keys.json
WARNING 2025-07-18 18:57:14,526 log 94585 139743524234944 Not Found: /ideal/payment_config.json
WARNING 2025-07-18 18:57:14,666 log 94585 139743599769280 Not Found: /integration/payments_bridge.env
WARNING 2025-07-18 18:57:14,873 log 94585 139743524234944 Not Found: /interac/settings.env
WARNING 2025-07-18 18:57:15,010 log 94585 139743599769280 Not Found: /invoices/setup.env
WARNING 2025-07-18 18:57:15,165 log 94585 139743524234944 Not Found: /libs/payment/settings.yaml
WARNING 2025-07-18 18:57:15,308 log 94585 139743599769280 Not Found: /mobilepay/env.env
WARNING 2025-07-18 18:57:15,443 log 94585 139743524234944 Not Found: /modules/payment/hooks.js
WARNING 2025-07-18 18:57:15,580 log 94585 139743599769280 Not Found: /payment/sepa/settings.yaml
WARNING 2025-07-18 18:57:15,738 log 94585 139743524234944 Not Found: /payment/upi/config.env
WARNING 2025-07-18 18:57:15,876 log 94585 139743599769280 Not Found: /payment/vault/settings.env
WARNING 2025-07-18 18:57:16,014 log 94585 139743524234944 Not Found: /payment_orchestrator/settings.env
WARNING 2025-07-18 18:57:16,164 log 94585 139743599769280 Not Found: /payments/config/gateway.json
WARNING 2025-07-18 18:57:16,300 log 94585 139743524234944 Not Found: /payments/engine/routing_rules.json
WARNING 2025-07-18 18:57:16,449 log 94585 139743599769280 Not Found: /paytm_wallet/settings.ini
WARNING 2025-07-18 18:57:16,604 log 94585 139743524234944 Not Found: /pci/safe_token_store.json
WARNING 2025-07-18 18:57:16,739 log 94585 139743599769280 Not Found: /pix/credentials.yaml
WARNING 2025-07-18 18:57:18,830 log 94585 139743524234944 Not Found: /plans/payment_schedule.json
WARNING 2025-07-18 18:57:19,257 log 94585 139743599769280 Not Found: /plugins/payment/setup.env
WARNING 2025-07-18 18:57:19,394 log 94585 139743524234944 Not Found: /pos/config.ini
WARNING 2025-07-18 18:57:19,543 log 94585 139743599769280 Not Found: /pos/payment_types.yaml
WARNING 2025-07-18 18:57:19,679 log 94585 139743524234944 Not Found: /pos/terminal_settings.json
WARNING 2025-07-18 18:57:19,819 log 94585 139743599769280 Not Found: /processor/api_keys.env
WARNING 2025-07-18 18:57:20,040 log 94585 139743524234944 Not Found: /processor/tokens.json
WARNING 2025-07-18 18:57:20,181 log 94585 139743599769280 Not Found: /recurrent/payment.cfg
WARNING 2025-07-18 18:57:20,318 log 94585 139743524234944 Not Found: /redacted/token_map.yaml
WARNING 2025-07-18 18:57:20,482 log 94585 139743599769280 Not Found: /retail/devices/payment_profiles.json
WARNING 2025-07-18 18:57:20,618 log 94585 139743524234944 Not Found: /risk/config.json
WARNING 2025-07-18 18:57:20,756 log 94585 139743599769280 Not Found: /routing/fallback_map.json
WARNING 2025-07-18 18:57:20,910 log 94585 139743524234944 Not Found: /rules/decision_engine.yaml
WARNING 2025-07-18 18:57:21,387 log 94585 139743599769280 Not Found: /samsungpay/config.yaml
WARNING 2025-07-18 18:57:21,524 log 94585 139743524234944 Not Found: /sdk/payments/init.json
WARNING 2025-07-18 18:57:21,664 log 94585 139743599769280 Not Found: /secure/tokenization.yaml
WARNING 2025-07-18 18:57:21,824 log 94585 139743524234944 Not Found: /settings/payment_gateway.yaml
WARNING 2025-07-18 18:57:21,962 log 94585 139743599769280 Not Found: /store/checkout_terminal.env
WARNING 2025-07-18 18:57:22,129 log 94585 139743524234944 Not Found: /subscriptions/plan_config.yaml
WARNING 2025-07-18 18:57:22,280 log 94585 139743599769280 Not Found: /vault/token_config.json
WARNING 2025-07-18 18:57:22,418 log 94585 139743524234944 Not Found: /vault/tokens.db
WARNING 2025-07-18 18:57:24,147 log 94585 139743599769280 Not Found: /aml/filters.yaml
WARNING 2025-07-18 18:57:25,965 log 94585 139743524234944 Not Found: /api/payments/auto_failover.json
WARNING 2025-07-18 18:57:26,345 log 94585 139743599769280 Not Found: /audit/logs/payment_chain.json
WARNING 2025-07-18 18:57:27,983 log 94585 139743524234944 Not Found: /audit/traceability.xml
WARNING 2025-07-18 18:57:28,402 log 94585 139743599769280 Not Found: /bank_transfer/routing.yaml
WARNING 2025-07-18 18:57:28,539 log 94585 139743524234944 Not Found: /banking/api_keys.env
WARNING 2025-07-18 18:57:28,689 log 94585 139743599769280 Not Found: /banking/oauth_redirects.env
WARNING 2025-07-18 18:57:28,823 log 94585 139743524234944 Not Found: /banking/routing_numbers.json
WARNING 2025-07-18 18:57:28,960 log 94585 139743599769280 Not Found: /bookkeeping/journal_config.env
WARNING 2025-07-18 18:57:29,165 log 94585 139743524234944 Not Found: /clearinghouse/systems.ini
WARNING 2025-07-18 18:57:29,301 log 94585 139743599769280 Not Found: /corebanking/settings.yaml
WARNING 2025-07-18 18:57:31,404 log 94585 139743524234944 Not Found: /erp/accounting/chart_of_accounts.json
WARNING 2025-07-18 18:57:31,784 log 94585 139743599769280 Not Found: /erp/accounting_rules.ini
WARNING 2025-07-18 18:57:31,919 log 94585 139743524234944 Not Found: /erp/finance_module/settings.json
WARNING 2025-07-18 18:57:32,056 log 94585 139743599769280 Not Found: /erp/integration/payment_reconciliation.yaml
WARNING 2025-07-18 18:57:32,199 log 94585 139743524234944 Not Found: /erp/ledger_map.csv
WARNING 2025-07-18 18:57:32,335 log 94585 139743599769280 Not Found: /finance/config/invoicing_rules.json
WARNING 2025-07-18 18:57:32,472 log 94585 139743524234944 Not Found: /finance/iso20022_mapping.xml
WARNING 2025-07-18 18:57:32,646 log 94585 139743599769280 Not Found: /gateway/fallback_policies.yaml
WARNING 2025-07-18 18:57:32,784 log 94585 139743524234944 Not Found: /interbank/iban_bic_table.csv
WARNING 2025-07-18 18:57:32,979 log 94585 139743599769280 Not Found: /kyc/verification_flow.json
WARNING 2025-07-18 18:57:33,117 log 94585 139743524234944 Not Found: /logs/finance_audit.log
WARNING 2025-07-18 18:57:34,856 log 94585 139743599769280 Not Found: /multi_gateway/settings.env
WARNING 2025-07-18 18:57:35,277 log 94585 139743524234944 Not Found: /openbanking/api_config.yaml
WARNING 2025-07-18 18:57:35,421 log 94585 139743599769280 Not Found: /openbanking/providers.yaml
WARNING 2025-07-18 18:57:35,555 log 94585 139743524234944 Not Found: /payments/routing_matrix.json
WARNING 2025-07-18 18:57:35,694 log 94585 139743599769280 Not Found: /psd2/client_credentials.json
WARNING 2025-07-18 18:57:35,923 log 94585 139743524234944 Not Found: /psd2/consent_flow.json
WARNING 2025-07-18 18:57:36,059 log 94585 139743599769280 Not Found: /regulations/gdpr_config.env
WARNING 2025-07-18 18:57:38,045 log 94585 139743524234944 Not Found: /retry/queue/payment_retries.yaml
WARNING 2025-07-18 18:57:38,496 log 94585 139743599769280 Not Found: /sca/config.env
WARNING 2025-07-18 18:57:38,632 log 94585 139743524234944 Not Found: /sepa/transfer_config.ini
WARNING 2025-07-18 18:57:38,906 log 94585 139743599769280 Not Found: /smartpay/orchestrator.conf
WARNING 2025-07-18 18:57:39,042 log 94585 139743524234944 Not Found: /transactions/swift_mapping.json
WARNING 2025-07-18 18:57:39,485 log 94585 139743599769280 Not Found: /bonuses/bonus_structure.yaml
WARNING 2025-07-18 18:57:41,573 log 94585 139743524234944 Not Found: /card_network/settings.yaml
WARNING 2025-07-18 18:57:41,940 log 94585 139743599769280 Not Found: /cardholder/account_prefs.env
WARNING 2025-07-18 18:57:42,071 log 94585 139743524234944 Not Found: /cards/issuance_config.json
WARNING 2025-07-18 18:57:42,226 log 94585 139743599769280 Not Found: /chargebacks/settings.env
WARNING 2025-07-18 18:57:42,389 log 94585 139743524234944 Not Found: /checkout/payment_links.yaml
WARNING 2025-07-18 18:57:42,520 log 94585 139743599769280 Not Found: /compliance/merchant_review.env
WARNING 2025-07-18 18:57:42,679 log 94585 139743524234944 Not Found: /crossborder/fx_engine_config.yaml
WARNING 2025-07-18 18:57:42,808 log 94585 139743599769280 Not Found: /currency_exchange/feeds.env
WARNING 2025-07-18 18:57:42,941 log 94585 139743524234944 Not Found: /debit/limits.yaml
WARNING 2025-07-18 18:57:43,123 log 94585 139743599769280 Not Found: /disputes/config.json
WARNING 2025-07-18 18:57:43,255 log 94585 139743524234944 Not Found: /failover/billing_retry_matrix.json
WARNING 2025-07-18 18:57:43,389 log 94585 139743599769280 Not Found: /forex/api_config.json
WARNING 2025-07-18 18:57:43,583 log 94585 139743524234944 Not Found: /fraud/alerts.yaml
WARNING 2025-07-18 18:57:43,717 log 94585 139743599769280 Not Found: /fx/settings/conversion_rates.yaml
WARNING 2025-07-18 18:57:43,854 log 94585 139743524234944 Not Found: /giftcards/config.ini
WARNING 2025-07-18 18:57:44,070 log 94585 139743599769280 Not Found: /hardware/paymentdevice_settings.yaml
WARNING 2025-07-18 18:57:44,202 log 94585 139743524234944 Not Found: /invoice_links/env.env
WARNING 2025-07-18 18:57:44,399 log 94585 139743599769280 Not Found: /issuer/api_keys.env
WARNING 2025-07-18 18:57:44,528 log 94585 139743524234944 Not Found: /loyalty/config.yaml
WARNING 2025-07-18 18:57:44,665 log 94585 139743599769280 Not Found: /merchant/onboarding_form.json
WARNING 2025-07-18 18:57:44,883 log 94585 139743524234944 Not Found: /merchant/settings.env
WARNING 2025-07-18 18:57:45,016 log 94585 139743599769280 Not Found: /merchant_accounts/api_keys.json
WARNING 2025-07-18 18:57:47,050 log 94585 139743524234944 Not Found: /mobilepay/clicktopay_settings.yaml
WARNING 2025-07-18 18:57:47,459 log 94585 139743599769280 Not Found: /payments/fx_pricing_matrix.json
WARNING 2025-07-18 18:57:47,591 log 94585 139743524234944 Not Found: /payments/multi_currency_rules.ini
WARNING 2025-07-18 18:57:47,722 log 94585 139743599769280 Not Found: /payments/qr_link_settings.json
WARNING 2025-07-18 18:57:47,900 log 94585 139743524234944 Not Found: /points/ledger.env
WARNING 2025-07-18 18:57:48,032 log 94585 139743599769280 Not Found: /portal/configuration.yaml
WARNING 2025-07-18 18:57:48,169 log 94585 139743524234944 Not Found: /pos/devices/pairing_codes.json
WARNING 2025-07-18 18:57:48,307 log 94585 139743599769280 Not Found: /pos/inventory_sync.json
WARNING 2025-07-18 18:57:48,439 log 94585 139743524234944 Not Found: /pos/payment_methods_matrix.json
WARNING 2025-07-18 18:57:50,167 log 94585 139743599769280 Not Found: /pos/terminal_profiles.yaml
WARNING 2025-07-18 18:57:51,936 log 94585 139743524234944 Not Found: /qrcode/config.json
WARNING 2025-07-18 18:57:52,306 log 94585 139743599769280 Not Found: /referral/program_rules.json
WARNING 2025-07-18 18:57:52,438 log 94585 139743524234944 Not Found: /retail/branch_terminal_config.env
WARNING 2025-07-18 18:57:52,616 log 94585 139743599769280 Not Found: /retry/payment_attempts.db
WARNING 2025-07-18 18:57:52,761 log 94585 139743524234944 Not Found: /rewards/settings.json
WARNING 2025-07-18 18:57:52,893 log 94585 139743599769280 Not Found: /virtualcards/config.json
WARNING 2025-07-18 18:57:53,052 log 94585 139743524234944 Not Found: /blockchain_checkout/config.env
WARNING 2025-07-18 18:57:53,203 log 94585 139743599769280 Not Found: /charity/receipts.env
WARNING 2025-07-18 18:57:53,334 log 94585 139743524234944 Not Found: /checkout/commission_config.yaml
WARNING 2025-07-18 18:57:53,467 log 94585 139743599769280 Not Found: /checkout/split_rules.yaml
WARNING 2025-07-18 18:57:53,615 log 94585 139743524234944 Not Found: /credit/scoring_matrix.env
WARNING 2025-07-18 18:57:53,746 log 94585 139743599769280 Not Found: /crypto/payments/settings.yaml
WARNING 2025-07-18 18:57:53,889 log 94585 139743524234944 Not Found: /crypto/swap_rules.json
WARNING 2025-07-18 18:57:54,034 log 94585 139743599769280 Not Found: /crypto/wallet_config.json
WARNING 2025-07-18 18:57:54,168 log 94585 139743524234944 Not Found: /donation/funding_map.json
WARNING 2025-07-18 18:57:55,935 log 94585 139743599769280 Not Found: /donations/campaign_settings.json
WARNING 2025-07-18 18:57:56,325 log 94585 139743524234944 Not Found: /escrow/config.json
WARNING 2025-07-18 18:57:56,472 log 94585 139743599769280 Not Found: /escrow_rules.env
WARNING 2025-07-18 18:57:56,700 log 94585 139743524234944 Not Found: /fund_holding_config.ini
WARNING 2025-07-18 18:57:56,832 log 94585 139743599769280 Not Found: /fundraiser/match_policy.json
WARNING 2025-07-18 18:57:56,978 log 94585 139743524234944 Not Found: /fundraising/project_config.yaml
WARNING 2025-07-18 18:57:57,135 log 94585 139743599769280 Not Found: /games/inapp_items.json
WARNING 2025-07-18 18:57:57,267 log 94585 139743524234944 Not Found: /iap/apple/config.plist
WARNING 2025-07-18 18:57:57,497 log 94585 139743599769280 Not Found: /iap/google/play_billing.yaml
WARNING 2025-07-18 18:57:57,632 log 94585 139743524234944 Not Found: /iap/products_config.json
WARNING 2025-07-18 18:57:59,745 log 94585 139743599769280 Not Found: /iap/validation_keys.env
WARNING 2025-07-18 18:58:00,134 log 94585 139743524234944 Not Found: /kyc/business_verification.json
WARNING 2025-07-18 18:58:00,266 log 94585 139743599769280 Not Found: /kyc/corporate_rules.yaml
WARNING 2025-07-18 18:58:00,443 log 94585 139743524234944 Not Found: /marketplace/payment_split_rules.json
WARNING 2025-07-18 18:58:00,576 log 94585 139743599769280 Not Found: /marketplace/payout_schedule.json
WARNING 2025-07-18 18:58:00,710 log 94585 139743524234944 Not Found: /mobile/checkout_sdk.json
WARNING 2025-07-18 18:58:00,899 log 94585 139743599769280 Not Found: /nft/drop_funding.yaml
WARNING 2025-07-18 18:58:01,032 log 94585 139743524234944 Not Found: /ngo/payout_rules.yaml
WARNING 2025-07-18 18:58:02,711 log 94585 139743599769280 Not Found: /p2p/conditions.yaml
WARNING 2025-07-18 18:58:04,494 log 94585 139743524234944 Not Found: /plans/quota_limits.yaml
WARNING 2025-07-18 18:58:04,868 log 94585 139743599769280 Not Found: /pricing/tiers.json
WARNING 2025-07-18 18:58:05,007 log 94585 139743524234944 Not Found: /release_schedules.yaml
WARNING 2025-07-18 18:58:05,139 log 94585 139743599769280 Not Found: /risk/merchant_profile.json
WARNING 2025-07-18 18:58:05,271 log 94585 139743524234944 Not Found: /saas/billing_config.json
WARNING 2025-07-18 18:58:05,409 log 94585 139743599769280 Not Found: /saas/invoice_engine.env
WARNING 2025-07-18 18:58:05,576 log 94585 139743524234944 Not Found: /saas/subscription_policies.yaml
WARNING 2025-07-18 18:58:05,708 log 94585 139743599769280 Not Found: /safehold/payment_conditions.json
WARNING 2025-07-18 18:58:07,411 log 94585 139743524234944 Not Found: /splitpay/beneficiaries.csv
WARNING 2025-07-18 18:58:09,515 log 94585 139743599769280 Not Found: /tipjar/config.env
WARNING 2025-07-18 18:58:09,949 log 94585 139743524234944 Not Found: /tips/settings.json
WARNING 2025-07-18 18:58:10,082 log 94585 139743599769280 Not Found: /underwriting/policies.yaml
WARNING 2025-07-18 18:58:12,244 log 94585 139743524234944 Not Found: /usage/metering.env
WARNING 2025-07-18 18:58:12,611 log 94585 139743599769280 Not Found: /vendor/onboarding_form.env
WARNING 2025-07-18 18:58:12,743 log 94585 139743524234944 Not Found: /vendor_accounts/api_keys.env
WARNING 2025-07-18 18:58:12,933 log 94585 139743599769280 Not Found: /wallets/multisig_policy.json
WARNING 2025-07-18 18:58:13,067 log 94585 139743524234944 Not Found: /ping
WARNING 2025-07-18 18:58:13,208 log 94585 139743599769280 Not Found: /exec
WARNING 2025-07-18 18:58:13,360 log 94585 139743524234944 Not Found: /run
WARNING 2025-07-18 18:58:13,493 log 94585 139743599769280 Not Found: /cmd.php
WARNING 2025-07-18 18:58:13,627 log 94585 139743524234944 Not Found: /shell
WARNING 2025-07-18 18:58:13,844 log 94585 139743599769280 Not Found: /test.php
WARNING 2025-07-18 18:58:13,977 log 94585 139743524234944 Not Found: /console
WARNING 2025-07-18 18:58:16,086 log 94585 139743599769280 Not Found: /system/ping
WARNING 2025-07-18 18:58:16,499 log 94585 139743524234944 Not Found: /tools/fetch
WARNING 2025-07-18 18:58:16,631 log 94585 139743599769280 Not Found: /proxy
WARNING 2025-07-18 18:58:18,389 log 94585 139743524234944 Not Found: /request
WARNING 2025-07-18 18:58:29,671 log 94585 139743599769280 Not Found: /debug
WARNING 2025-07-18 18:58:30,535 log 94585 139743524234944 Not Found: /diagnostics
WARNING 2025-07-18 18:58:30,934 log 94585 139743599769280 Not Found: /api/exec
WARNING 2025-07-18 18:58:31,075 log 94585 139743524234944 Not Found: /api/run
WARNING 2025-07-18 18:58:31,272 log 94585 139743599769280 Not Found: /api/test
WARNING 2025-07-18 18:58:31,407 log 94585 139743524234944 Not Found: /api/load
WARNING 2025-07-18 18:58:31,571 log 94585 139743599769280 Not Found: /api/tools/shell
WARNING 2025-07-18 18:58:49,959 log 94585 139743599769280 Not Found: /internal/exec
WARNING 2025-07-18 18:58:52,128 log 94585 139743524234944 Not Found: /internal/test
WARNING 2025-07-18 18:58:52,566 log 94585 139743599769280 Not Found: /internal/run
WARNING 2025-07-18 18:58:52,691 log 94585 139743524234944 Unauthorized: /
WARNING 2025-07-18 18:58:52,831 log 94585 139743599769280 Unauthorized: /
WARNING 2025-07-18 18:58:52,992 log 94585 139743524234944 Unauthorized: /
WARNING 2025-07-18 18:58:53,117 log 94585 139743599769280 Unauthorized: /
WARNING 2025-07-18 18:58:54,751 log 94585 139743524234944 Unauthorized: /
WARNING 2025-07-18 18:58:54,877 log 94585 139743599769280 Unauthorized: /
WARNING 2025-07-18 18:58:55,088 log 94585 139743524234944 Unauthorized: /
WARNING 2025-07-18 18:58:55,214 log 94585 139743599769280 Unauthorized: /
WARNING 2025-07-18 18:58:55,344 log 94585 139743524234944 Unauthorized: /
WARNING 2025-07-18 18:58:55,513 log 94585 139743599769280 Unauthorized: /
WARNING 2025-07-18 18:58:55,638 log 94585 139743524234944 Unauthorized: /
WARNING 2025-07-18 18:58:55,774 log 94585 139743599769280 Unauthorized: /
WARNING 2025-07-18 18:58:55,962 log 94585 139743524234944 Unauthorized: /
WARNING 2025-07-18 18:58:56,089 log 94585 139743599769280 Unauthorized: /
WARNING 2025-07-18 18:58:57,825 log 94585 139743524234944 Unauthorized: /
WARNING 2025-07-18 18:58:57,973 log 94585 139743599769280 Unauthorized: /
WARNING 2025-07-18 18:58:58,154 log 94585 139743524234944 Unauthorized: /
WARNING 2025-07-18 18:58:58,278 log 94585 139743599769280 Unauthorized: /
WARNING 2025-07-18 18:58:58,404 log 94585 139743524234944 Unauthorized: /
WARNING 2025-07-18 18:58:58,550 log 94585 139743599769280 Unauthorized: /
WARNING 2025-07-18 18:58:58,676 log 94585 139743524234944 Unauthorized: /
WARNING 2025-07-18 18:58:58,800 log 94585 139743599769280 Unauthorized: /
WARNING 2025-07-18 18:58:58,926 log 94585 139743524234944 Unauthorized: /
WARNING 2025-07-18 18:58:59,065 log 94585 139743599769280 Unauthorized: /
WARNING 2025-07-18 18:58:59,190 log 94585 139743524234944 Unauthorized: /
WARNING 2025-07-18 18:58:59,335 log 94585 139743599769280 Unauthorized: /
WARNING 2025-07-18 18:59:00,877 log 94585 139743524234944 Unauthorized: /
WARNING 2025-07-18 18:59:01,004 log 94585 139743599769280 Unauthorized: /
WARNING 2025-07-18 18:59:01,195 log 94585 139743524234944 Unauthorized: /
WARNING 2025-07-18 18:59:01,320 log 94585 139743599769280 Unauthorized: /
WARNING 2025-07-18 18:59:01,445 log 94585 139743524234944 Unauthorized: /
WARNING 2025-07-18 18:59:01,605 log 94585 139743599769280 Unauthorized: /
WARNING 2025-07-18 18:59:01,731 log 94585 139743524234944 Unauthorized: /
WARNING 2025-07-18 18:59:01,857 log 94585 139743599769280 Unauthorized: /
WARNING 2025-07-18 18:59:03,948 log 94585 139743524234944 Unauthorized: /
WARNING 2025-07-18 18:59:04,073 log 94585 139743599769280 Unauthorized: /
WARNING 2025-07-18 18:59:04,198 log 94585 139743524234944 Unauthorized: /
WARNING 2025-07-18 18:59:04,354 log 94585 139743599769280 Unauthorized: /
WARNING 2025-07-18 18:59:04,479 log 94585 139743524234944 Unauthorized: /
WARNING 2025-07-18 18:59:06,195 log 94585 139743599769280 Unauthorized: /
WARNING 2025-07-18 18:59:06,333 log 94585 139743524234944 Unauthorized: /
WARNING 2025-07-18 18:59:06,459 log 94585 139743599769280 Unauthorized: /
WARNING 2025-07-18 18:59:06,585 log 94585 139743524234944 Unauthorized: /
WARNING 2025-07-18 18:59:06,710 log 94585 139743599769280 Unauthorized: /
WARNING 2025-07-18 18:59:08,809 log 94585 139743524234944 Unauthorized: /
WARNING 2025-07-18 18:59:08,934 log 94585 139743599769280 Unauthorized: /
WARNING 2025-07-18 18:59:09,083 log 94585 139743524234944 Unauthorized: /
WARNING 2025-07-18 18:59:09,234 log 94585 139743599769280 Unauthorized: /
WARNING 2025-07-18 18:59:09,359 log 94585 139743524234944 Unauthorized: /
WARNING 2025-07-18 18:59:09,494 log 94585 139743599769280 Unauthorized: /
WARNING 2025-07-18 18:59:09,651 log 94585 139743524234944 Unauthorized: /
WARNING 2025-07-18 18:59:09,776 log 94585 139743599769280 Unauthorized: /
WARNING 2025-07-18 18:59:09,907 log 94585 139743524234944 Unauthorized: /
WARNING 2025-07-18 18:59:10,086 log 94585 139743599769280 Unauthorized: /
WARNING 2025-07-18 18:59:10,213 log 94585 139743524234944 Unauthorized: /
WARNING 2025-07-18 18:59:10,340 log 94585 139743599769280 Unauthorized: /
WARNING 2025-07-18 18:59:10,476 log 94585 139743524234944 Unauthorized: /
WARNING 2025-07-18 18:59:10,642 log 94585 139743599769280 Unauthorized: /
WARNING 2025-07-18 18:59:10,767 log 94585 139743524234944 Unauthorized: /
WARNING 2025-07-18 18:59:10,899 log 94585 139743599769280 Unauthorized: /
WARNING 2025-07-18 18:59:11,053 log 94585 139743524234944 Unauthorized: /
WARNING 2025-07-18 18:59:11,178 log 94585 139743599769280 Unauthorized: /
WARNING 2025-07-18 18:59:11,338 log 94585 139743524234944 Unauthorized: /
WARNING 2025-07-18 18:59:11,473 log 94585 139743599769280 Unauthorized: /
WARNING 2025-07-18 18:59:11,598 log 94585 139743524234944 Unauthorized: /
WARNING 2025-07-18 18:59:11,722 log 94585 139743599769280 Unauthorized: /
WARNING 2025-07-18 18:59:11,986 log 94585 139743524234944 Unauthorized: /
WARNING 2025-07-18 18:59:12,111 log 94585 139743599769280 Unauthorized: /
WARNING 2025-07-18 18:59:13,814 log 94585 139743524234944 Unauthorized: /
WARNING 2025-07-18 18:59:13,941 log 94585 139743599769280 Unauthorized: /
WARNING 2025-07-18 18:59:14,124 log 94585 139743524234944 Unauthorized: /
WARNING 2025-07-18 18:59:14,249 log 94585 139743599769280 Unauthorized: /
WARNING 2025-07-18 18:59:14,375 log 94585 139743524234944 Unauthorized: /
WARNING 2025-07-18 18:59:14,509 log 94585 139743599769280 Unauthorized: /
WARNING 2025-07-18 18:59:14,637 log 94585 139743524234944 Unauthorized: /
WARNING 2025-07-18 18:59:14,762 log 94585 139743599769280 Unauthorized: /
WARNING 2025-07-18 18:59:16,506 log 94585 139743524234944 Unauthorized: /
WARNING 2025-07-18 18:59:16,645 log 94585 139743599769280 Unauthorized: /
WARNING 2025-07-18 18:59:16,833 log 94585 139743524234944 Unauthorized: /
WARNING 2025-07-18 18:59:16,959 log 94585 139743599769280 Unauthorized: /
WARNING 2025-07-18 18:59:17,113 log 94585 139743524234944 Unauthorized: /
WARNING 2025-07-18 18:59:17,288 log 94585 139743599769280 Unauthorized: /
WARNING 2025-07-18 18:59:17,413 log 94585 139743524234944 Unauthorized: /
WARNING 2025-07-18 18:59:17,543 log 94585 139743599769280 Unauthorized: /
WARNING 2025-07-18 18:59:17,668 log 94585 139743524234944 Unauthorized: /
WARNING 2025-07-18 18:59:17,793 log 94585 139743599769280 Unauthorized: /
WARNING 2025-07-18 18:59:17,919 log 94585 139743524234944 Unauthorized: /
WARNING 2025-07-18 18:59:18,110 log 94585 139743599769280 Unauthorized: /
WARNING 2025-07-18 18:59:18,234 log 94585 139743524234944 Unauthorized: /
WARNING 2025-07-18 18:59:19,952 log 94585 139743599769280 Unauthorized: /
WARNING 2025-07-18 18:59:20,080 log 94585 139743524234944 Unauthorized: /
WARNING 2025-07-18 18:59:20,282 log 94585 139743599769280 Unauthorized: /
WARNING 2025-07-18 18:59:20,407 log 94585 139743524234944 Unauthorized: /
WARNING 2025-07-18 18:59:22,148 log 94585 139743599769280 Unauthorized: /
WARNING 2025-07-18 18:59:23,762 log 94585 139743524234944 Unauthorized: /
WARNING 2025-07-18 18:59:23,887 log 94585 139743599769280 Unauthorized: /
WARNING 2025-07-18 18:59:24,056 log 94585 139743524234944 Unauthorized: /
WARNING 2025-07-18 18:59:24,209 log 94585 139743599769280 Unauthorized: /
WARNING 2025-07-18 18:59:25,904 log 94585 139743524234944 Unauthorized: /
WARNING 2025-07-18 18:59:26,029 log 94585 139743599769280 Unauthorized: /
WARNING 2025-07-18 18:59:26,157 log 94585 139743524234944 Unauthorized: /
WARNING 2025-07-18 18:59:26,333 log 94585 139743599769280 Unauthorized: /
WARNING 2025-07-18 18:59:26,458 log 94585 139743524234944 Unauthorized: /
WARNING 2025-07-18 18:59:28,289 log 94585 139743599769280 Unauthorized: /
WARNING 2025-07-18 18:59:28,438 log 94585 139743524234944 Unauthorized: /
WARNING 2025-07-18 18:59:28,586 log 94585 139743599769280 Unauthorized: /
WARNING 2025-07-18 18:59:28,711 log 94585 139743524234944 Unauthorized: /
WARNING 2025-07-18 18:59:28,861 log 94585 139743599769280 Unauthorized: /
WARNING 2025-07-18 18:59:29,044 log 94585 139743524234944 Unauthorized: /
WARNING 2025-07-18 18:59:29,168 log 94585 139743599769280 Unauthorized: /
WARNING 2025-07-18 18:59:29,298 log 94585 139743524234944 Unauthorized: /
WARNING 2025-07-18 18:59:29,452 log 94585 139743599769280 Unauthorized: /
WARNING 2025-07-18 18:59:29,577 log 94585 139743524234944 Unauthorized: /
WARNING 2025-07-18 18:59:29,704 log 94585 139743599769280 Unauthorized: /
WARNING 2025-07-18 18:59:29,883 log 94585 139743524234944 Unauthorized: /
WARNING 2025-07-18 18:59:30,008 log 94585 139743599769280 Unauthorized: /
WARNING 2025-07-18 18:59:31,738 log 94585 139743524234944 Unauthorized: /
WARNING 2025-07-18 18:59:33,326 log 94585 139743599769280 Unauthorized: /
WARNING 2025-07-18 18:59:33,450 log 94585 139743524234944 Unauthorized: /
WARNING 2025-07-18 18:59:33,578 log 94585 139743599769280 Unauthorized: /
WARNING 2025-07-18 18:59:33,807 log 94585 139743524234944 Unauthorized: /
WARNING 2025-07-18 18:59:33,932 log 94585 139743599769280 Unauthorized: /
WARNING 2025-07-18 18:59:34,056 log 94585 139743524234944 Unauthorized: /
WARNING 2025-07-18 18:59:34,220 log 94585 139743599769280 Unauthorized: /
WARNING 2025-07-18 18:59:34,344 log 94585 139743524234944 Unauthorized: /
WARNING 2025-07-18 18:59:36,106 log 94585 139743599769280 Unauthorized: /
WARNING 2025-07-18 18:59:36,231 log 94585 139743524234944 Unauthorized: /
WARNING 2025-07-18 18:59:36,426 log 94585 139743599769280 Unauthorized: /
WARNING 2025-07-18 18:59:36,551 log 94585 139743524234944 Unauthorized: /
WARNING 2025-07-18 18:59:36,685 log 94585 139743599769280 Unauthorized: /
WARNING 2025-07-18 18:59:36,832 log 94585 139743524234944 Unauthorized: /
WARNING 2025-07-18 18:59:36,957 log 94585 139743599769280 Unauthorized: /
WARNING 2025-07-18 18:59:37,082 log 94585 139743524234944 Unauthorized: /
WARNING 2025-07-18 18:59:37,253 log 94585 139743599769280 Unauthorized: /
WARNING 2025-07-18 18:59:37,378 log 94585 139743524234944 Unauthorized: /
WARNING 2025-07-18 18:59:37,502 log 94585 139743599769280 Unauthorized: /
WARNING 2025-07-18 18:59:37,627 log 94585 139743524234944 Unauthorized: /
WARNING 2025-07-18 18:59:37,759 log 94585 139743599769280 Unauthorized: /
WARNING 2025-07-18 18:59:37,884 log 94585 139743524234944 Unauthorized: /
WARNING 2025-07-18 18:59:39,275 log 94585 139743599769280 Unauthorized: /
WARNING 2025-07-18 18:59:39,415 log 94585 139743524234944 Unauthorized: /
WARNING 2025-07-18 18:59:39,577 log 94585 139743599769280 Unauthorized: /
WARNING 2025-07-18 18:59:39,701 log 94585 139743524234944 Unauthorized: /
WARNING 2025-07-18 18:59:41,367 log 94585 139743599769280 Unauthorized: /
WARNING 2025-07-18 18:59:41,492 log 94585 139743524234944 Unauthorized: /
WARNING 2025-07-18 18:59:41,646 log 94585 139743599769280 Unauthorized: /
WARNING 2025-07-18 18:59:41,772 log 94585 139743524234944 Unauthorized: /
WARNING 2025-07-18 18:59:41,897 log 94585 139743599769280 Unauthorized: /
WARNING 2025-07-18 18:59:42,024 log 94585 139743524234944 Unauthorized: /
WARNING 2025-07-18 18:59:42,192 log 94585 139743599769280 Unauthorized: /
WARNING 2025-07-18 18:59:42,325 log 94585 139743524234944 Unauthorized: /
WARNING 2025-07-18 18:59:42,480 log 94585 139743599769280 Unauthorized: /
WARNING 2025-07-18 18:59:42,614 log 94585 139743524234944 Unauthorized: /
WARNING 2025-07-18 18:59:42,739 log 94585 139743599769280 Unauthorized: /
WARNING 2025-07-18 18:59:44,459 log 94585 139743524234944 Unauthorized: /
WARNING 2025-07-18 18:59:45,964 log 94585 139743599769280 Unauthorized: /
WARNING 2025-07-18 18:59:46,089 log 94585 139743524234944 Unauthorized: /
WARNING 2025-07-18 18:59:46,213 log 94585 139743599769280 Unauthorized: /
WARNING 2025-07-18 18:59:46,343 log 94585 139743524234944 Unauthorized: /
WARNING 2025-07-18 18:59:46,472 log 94585 139743599769280 Unauthorized: /
WARNING 2025-07-18 18:59:46,597 log 94585 139743524234944 Unauthorized: /
WARNING 2025-07-18 18:59:46,737 log 94585 139743599769280 Unauthorized: /
WARNING 2025-07-18 18:59:46,920 log 94585 139743524234944 Unauthorized: /
WARNING 2025-07-18 18:59:47,045 log 94585 139743599769280 Unauthorized: /
WARNING 2025-07-18 18:59:48,788 log 94585 139743524234944 Unauthorized: /
WARNING 2025-07-18 18:59:48,935 log 94585 139743599769280 Unauthorized: /
WARNING 2025-07-18 18:59:49,093 log 94585 139743524234944 Unauthorized: /
WARNING 2025-07-18 18:59:49,217 log 94585 139743599769280 Unauthorized: /
WARNING 2025-07-18 18:59:49,342 log 94585 139743524234944 Unauthorized: /
WARNING 2025-07-18 18:59:49,514 log 94585 139743599769280 Unauthorized: /
WARNING 2025-07-18 18:59:49,639 log 94585 139743524234944 Unauthorized: /
WARNING 2025-07-18 18:59:49,764 log 94585 139743599769280 Unauthorized: /
WARNING 2025-07-18 18:59:49,916 log 94585 139743524234944 Unauthorized: /
WARNING 2025-07-18 18:59:50,041 log 94585 139743599769280 Unauthorized: /
WARNING 2025-07-18 18:59:50,166 log 94585 139743524234944 Unauthorized: /
WARNING 2025-07-18 18:59:50,345 log 94585 139743599769280 Unauthorized: /
WARNING 2025-07-18 18:59:50,470 log 94585 139743524234944 Unauthorized: /
WARNING 2025-07-18 18:59:50,594 log 94585 139743599769280 Unauthorized: /
WARNING 2025-07-18 18:59:50,735 log 94585 139743524234944 Unauthorized: /
WARNING 2025-07-18 18:59:50,884 log 94585 139743599769280 Unauthorized: /
WARNING 2025-07-18 18:59:51,009 log 94585 139743524234944 Unauthorized: /
WARNING 2025-07-18 18:59:51,137 log 94585 139743599769280 Unauthorized: /
WARNING 2025-07-18 18:59:51,289 log 94585 139743524234944 Unauthorized: /
WARNING 2025-07-18 18:59:51,414 log 94585 139743599769280 Unauthorized: /
WARNING 2025-07-18 18:59:53,152 log 94585 139743524234944 Unauthorized: /
WARNING 2025-07-18 18:59:53,289 log 94585 139743599769280 Unauthorized: /
WARNING 2025-07-18 18:59:53,460 log 94585 139743524234944 Unauthorized: /
WARNING 2025-07-18 18:59:53,586 log 94585 139743599769280 Unauthorized: /
WARNING 2025-07-18 18:59:53,710 log 94585 139743524234944 Unauthorized: /
WARNING 2025-07-18 18:59:53,886 log 94585 139743599769280 Unauthorized: /
WARNING 2025-07-18 18:59:54,010 log 94585 139743524234944 Unauthorized: /
WARNING 2025-07-18 18:59:54,137 log 94585 139743599769280 Unauthorized: /
WARNING 2025-07-18 18:59:54,302 log 94585 139743524234944 Unauthorized: /
WARNING 2025-07-18 18:59:54,426 log 94585 139743599769280 Unauthorized: /
WARNING 2025-07-18 18:59:54,553 log 94585 139743524234944 Unauthorized: /
WARNING 2025-07-18 18:59:54,712 log 94585 139743599769280 Unauthorized: /
WARNING 2025-07-18 18:59:54,836 log 94585 139743524234944 Unauthorized: /
WARNING 2025-07-18 18:59:54,984 log 94585 139743599769280 Unauthorized: /
WARNING 2025-07-18 18:59:55,152 log 94585 139743524234944 Unauthorized: /
WARNING 2025-07-18 18:59:57,283 log 94585 139743599769280 Unauthorized: /
WARNING 2025-07-18 18:59:57,404 log 94585 139743524234944 Unauthorized: /
WARNING 2025-07-18 18:59:57,524 log 94585 139743599769280 Unauthorized: /
WARNING 2025-07-18 18:59:57,716 log 94585 139743524234944 Unauthorized: /
WARNING 2025-07-18 18:59:57,836 log 94585 139743599769280 Unauthorized: /
WARNING 2025-07-18 18:59:57,956 log 94585 139743524234944 Unauthorized: /
WARNING 2025-07-18 18:59:58,091 log 94585 139743599769280 Unauthorized: /
WARNING 2025-07-18 18:59:58,286 log 94585 139743524234944 Unauthorized: /
WARNING 2025-07-18 18:59:58,406 log 94585 139743599769280 Unauthorized: /
WARNING 2025-07-18 18:59:58,567 log 94585 139743524234944 Unauthorized: /
WARNING 2025-07-18 18:59:58,687 log 94585 139743599769280 Unauthorized: /
WARNING 2025-07-18 18:59:58,807 log 94585 139743524234944 Unauthorized: /
WARNING 2025-07-18 18:59:58,952 log 94585 139743599769280 Unauthorized: /
WARNING 2025-07-18 18:59:59,133 log 94585 139743524234944 Unauthorized: /
WARNING 2025-07-18 18:59:59,254 log 94585 139743599769280 Unauthorized: /
WARNING 2025-07-18 19:00:00,843 log 94585 139743524234944 Unauthorized: /
WARNING 2025-07-18 19:00:00,963 log 94585 139743599769280 Unauthorized: /
WARNING 2025-07-18 19:00:01,107 log 94585 139743524234944 Unauthorized: /
WARNING 2025-07-18 19:00:01,248 log 94585 139743599769280 Unauthorized: /
WARNING 2025-07-18 19:00:01,372 log 94585 139743524234944 Unauthorized: /
WARNING 2025-07-18 19:00:02,679 log 94585 139743599769280 Unauthorized: /
WARNING 2025-07-18 19:00:02,813 log 94585 139743524234944 Unauthorized: /
WARNING 2025-07-18 19:00:03,026 log 94585 139743599769280 Unauthorized: /
WARNING 2025-07-18 19:00:03,168 log 94585 139743524234944 Unauthorized: /
WARNING 2025-07-18 19:00:03,310 log 94585 139743599769280 Unauthorized: /
WARNING 2025-07-18 19:00:03,525 log 94585 139743524234944 Unauthorized: /
WARNING 2025-07-18 19:00:03,682 log 94585 139743599769280 Unauthorized: /
WARNING 2025-07-18 19:00:03,863 log 94585 139743524234944 Unauthorized: /
WARNING 2025-07-18 19:00:03,996 log 94585 139743599769280 Unauthorized: /
WARNING 2025-07-18 19:00:04,145 log 94585 139743524234944 Unauthorized: /
WARNING 2025-07-18 19:00:04,285 log 94585 139743599769280 Unauthorized: /
WARNING 2025-07-18 19:00:04,409 log 94585 139743524234944 Unauthorized: /
WARNING 2025-07-18 19:00:04,535 log 94585 139743599769280 Unauthorized: /
WARNING 2025-07-18 19:00:04,703 log 94585 139743524234944 Unauthorized: /
WARNING 2025-07-18 19:00:04,836 log 94585 139743599769280 Unauthorized: /
WARNING 2025-07-18 19:00:04,963 log 94585 139743524234944 Unauthorized: /
WARNING 2025-07-18 19:00:05,123 log 94585 139743599769280 Unauthorized: /
WARNING 2025-07-18 19:00:05,260 log 94585 139743524234944 Unauthorized: /
WARNING 2025-07-18 19:00:05,382 log 94585 139743599769280 Unauthorized: /
WARNING 2025-07-18 19:00:07,044 log 94585 139743524234944 Unauthorized: /
WARNING 2025-07-18 19:00:07,166 log 94585 139743599769280 Unauthorized: /
WARNING 2025-07-18 19:00:07,319 log 94585 139743524234944 Unauthorized: /
WARNING 2025-07-18 19:00:07,467 log 94585 139743599769280 Unauthorized: /
WARNING 2025-07-18 19:00:07,588 log 94585 139743524234944 Unauthorized: /
WARNING 2025-07-18 19:00:07,721 log 94585 139743599769280 Unauthorized: /
WARNING 2025-07-18 19:00:07,867 log 94585 139743524234944 Unauthorized: /
WARNING 2025-07-18 19:00:07,988 log 94585 139743599769280 Unauthorized: /
WARNING 2025-07-18 19:00:09,613 log 94585 139743524234944 Unauthorized: /
WARNING 2025-07-18 19:00:09,735 log 94585 139743599769280 Unauthorized: /
WARNING 2025-07-18 19:00:09,918 log 94585 139743524234944 Unauthorized: /
WARNING 2025-07-18 19:00:10,038 log 94585 139743599769280 Unauthorized: /
WARNING 2025-07-18 19:00:10,159 log 94585 139743524234944 Unauthorized: /
WARNING 2025-07-18 19:00:10,286 log 94585 139743599769280 Unauthorized: /
WARNING 2025-07-18 19:00:10,411 log 94585 139743524234944 Unauthorized: /
WARNING 2025-07-18 19:00:10,532 log 94585 139743599769280 Unauthorized: /
WARNING 2025-07-18 19:00:10,686 log 94585 139743524234944 Unauthorized: /
WARNING 2025-07-18 19:00:10,858 log 94585 139743599769280 Unauthorized: /
WARNING 2025-07-18 19:00:10,979 log 94585 139743524234944 Unauthorized: /
WARNING 2025-07-18 19:00:11,099 log 94585 139743599769280 Unauthorized: /
WARNING 2025-07-18 19:00:11,244 log 94585 139743524234944 Unauthorized: /
WARNING 2025-07-18 19:00:11,365 log 94585 139743599769280 Unauthorized: /
WARNING 2025-07-18 19:00:11,487 log 94585 139743524234944 Unauthorized: /
WARNING 2025-07-18 19:00:11,613 log 94585 139743599769280 Unauthorized: /
WARNING 2025-07-18 19:00:11,753 log 94585 139743524234944 Unauthorized: /
WARNING 2025-07-18 19:00:11,873 log 94585 139743599769280 Unauthorized: /
WARNING 2025-07-18 19:00:11,993 log 94585 139743524234944 Unauthorized: /
WARNING 2025-07-18 19:00:13,524 log 94585 139743599769280 Unauthorized: /
WARNING 2025-07-18 19:00:13,645 log 94585 139743524234944 Unauthorized: /
WARNING 2025-07-18 19:00:13,773 log 94585 139743599769280 Unauthorized: /
WARNING 2025-07-18 19:00:13,918 log 94585 139743524234944 Unauthorized: /
WARNING 2025-07-18 19:00:14,039 log 94585 139743599769280 Unauthorized: /
WARNING 2025-07-18 19:00:14,207 log 94585 139743524234944 Unauthorized: /
WARNING 2025-07-18 19:00:15,734 log 94585 139743599769280 Unauthorized: /
WARNING 2025-07-18 19:00:15,859 log 94585 139743524234944 Unauthorized: /
WARNING 2025-07-18 19:00:15,980 log 94585 139743599769280 Unauthorized: /
WARNING 2025-07-18 19:00:16,155 log 94585 139743524234944 Unauthorized: /
WARNING 2025-07-18 19:00:16,275 log 94585 139743599769280 Unauthorized: /
WARNING 2025-07-18 19:00:16,396 log 94585 139743524234944 Unauthorized: /
WARNING 2025-07-18 19:00:16,574 log 94585 139743599769280 Unauthorized: /
WARNING 2025-07-18 19:00:16,695 log 94585 139743524234944 Unauthorized: /
WARNING 2025-07-18 19:00:18,400 log 94585 139743599769280 Unauthorized: /
WARNING 2025-07-18 19:00:18,521 log 94585 139743524234944 Unauthorized: /
WARNING 2025-07-18 19:00:20,244 log 94585 139743599769280 Unauthorized: /
WARNING 2025-07-18 19:00:20,376 log 94585 139743524234944 Unauthorized: /
WARNING 2025-07-18 19:00:20,496 log 94585 139743599769280 Unauthorized: /
WARNING 2025-07-18 19:00:20,617 log 94585 139743524234944 Unauthorized: /
WARNING 2025-07-18 19:00:20,753 log 94585 139743599769280 Unauthorized: /
WARNING 2025-07-18 19:00:20,939 log 94585 139743524234944 Unauthorized: /
WARNING 2025-07-18 19:00:21,060 log 94585 139743599769280 Unauthorized: /
WARNING 2025-07-18 19:00:21,185 log 94585 139743524234944 Unauthorized: /
WARNING 2025-07-18 19:00:21,332 log 94585 139743599769280 Unauthorized: /
WARNING 2025-07-18 19:00:21,453 log 94585 139743524234944 Unauthorized: /
WARNING 2025-07-18 19:00:21,574 log 94585 139743599769280 Unauthorized: /
WARNING 2025-07-18 19:00:21,694 log 94585 139743524234944 Unauthorized: /
WARNING 2025-07-18 19:00:21,839 log 94585 139743599769280 Unauthorized: /
WARNING 2025-07-18 19:00:21,959 log 94585 139743524234944 Unauthorized: /
WARNING 2025-07-18 19:00:22,097 log 94585 139743599769280 Unauthorized: /
WARNING 2025-07-18 19:00:22,274 log 94585 139743524234944 Unauthorized: /
WARNING 2025-07-18 19:00:22,395 log 94585 139743599769280 Unauthorized: /
WARNING 2025-07-18 19:00:24,078 log 94585 139743524234944 Unauthorized: /
WARNING 2025-07-18 19:00:24,199 log 94585 139743599769280 Unauthorized: /
WARNING 2025-07-18 19:00:24,549 log 94585 139743524234944 Unauthorized: /
WARNING 2025-07-18 19:00:26,205 log 94585 139743599769280 Unauthorized: /
WARNING 2025-07-18 19:00:26,325 log 94585 139743524234944 Unauthorized: /
WARNING 2025-07-18 19:00:26,440 log 94585 139743599769280 Unauthorized: /
WARNING 2025-07-18 19:00:26,590 log 94585 139743524234944 Unauthorized: /
WARNING 2025-07-18 19:00:26,706 log 94585 139743599769280 Unauthorized: /
WARNING 2025-07-18 19:00:28,487 log 94585 139743524234944 Unauthorized: /
WARNING 2025-07-18 19:00:28,630 log 94585 139743599769280 Unauthorized: /
WARNING 2025-07-18 19:00:30,235 log 94585 139743524234944 Unauthorized: /
WARNING 2025-07-18 19:00:31,972 log 94585 139743599769280 Unauthorized: /
WARNING 2025-07-18 19:00:32,111 log 94585 139743524234944 Unauthorized: /
WARNING 2025-07-18 19:00:32,263 log 94585 139743599769280 Unauthorized: /
WARNING 2025-07-18 19:00:32,378 log 94585 139743524234944 Unauthorized: /
WARNING 2025-07-18 19:00:32,498 log 94585 139743599769280 Unauthorized: /
WARNING 2025-07-18 19:00:32,647 log 94585 139743524234944 Unauthorized: /
WARNING 2025-07-18 19:00:32,769 log 94585 139743599769280 Unauthorized: /
WARNING 2025-07-18 19:00:32,884 log 94585 139743524234944 Unauthorized: /
WARNING 2025-07-18 19:00:34,503 log 94585 139743599769280 Unauthorized: /
WARNING 2025-07-18 19:00:34,619 log 94585 139743524234944 Unauthorized: /
WARNING 2025-07-18 19:00:34,757 log 94585 139743599769280 Unauthorized: /
WARNING 2025-07-18 19:00:34,883 log 94585 139743524234944 Unauthorized: /
WARNING 2025-07-18 19:00:34,998 log 94585 139743599769280 Unauthorized: /
WARNING 2025-07-18 19:00:36,690 log 94585 139743524234944 Unauthorized: /
WARNING 2025-07-18 19:00:36,806 log 94585 139743599769280 Unauthorized: /
WARNING 2025-07-18 19:00:36,957 log 94585 139743524234944 Unauthorized: /
WARNING 2025-07-18 19:00:37,073 log 94585 139743599769280 Unauthorized: /
WARNING 2025-07-18 19:00:37,189 log 94585 139743524234944 Unauthorized: /
WARNING 2025-07-18 19:00:39,144 log 94585 139743599769280 Unauthorized: /
WARNING 2025-07-18 19:00:39,260 log 94585 139743524234944 Unauthorized: /
WARNING 2025-07-18 19:00:39,377 log 94585 139743599769280 Unauthorized: /
WARNING 2025-07-18 19:00:39,510 log 94585 139743524234944 Unauthorized: /
WARNING 2025-07-18 19:00:39,626 log 94585 139743599769280 Unauthorized: /
WARNING 2025-07-18 19:00:39,747 log 94585 139743524234944 Unauthorized: /
WARNING 2025-07-18 19:00:39,933 log 94585 139743599769280 Unauthorized: /
WARNING 2025-07-18 19:00:40,048 log 94585 139743524234944 Unauthorized: /
WARNING 2025-07-18 19:00:40,192 log 94585 139743599769280 Unauthorized: /
WARNING 2025-07-18 19:00:40,309 log 94585 139743524234944 Unauthorized: /
WARNING 2025-07-18 19:00:40,424 log 94585 139743599769280 Unauthorized: /
WARNING 2025-07-18 19:00:40,540 log 94585 139743524234944 Unauthorized: /
WARNING 2025-07-18 19:00:40,682 log 94585 139743599769280 Unauthorized: /
WARNING 2025-07-18 19:00:40,809 log 94585 139743524234944 Unauthorized: /
WARNING 2025-07-18 19:00:40,924 log 94585 139743599769280 Unauthorized: /
WARNING 2025-07-18 19:00:41,052 log 94585 139743524234944 Unauthorized: /
WARNING 2025-07-18 19:00:41,234 log 94585 139743599769280 Unauthorized: /
WARNING 2025-07-18 19:00:41,349 log 94585 139743524234944 Unauthorized: /
WARNING 2025-07-18 19:00:43,147 log 94585 139743599769280 Unauthorized: /
WARNING 2025-07-18 19:00:44,883 log 94585 139743524234944 Unauthorized: /
WARNING 2025-07-18 19:00:45,020 log 94585 139743599769280 Unauthorized: /
WARNING 2025-07-18 19:00:45,148 log 94585 139743524234944 Unauthorized: /
WARNING 2025-07-18 19:00:45,264 log 94585 139743599769280 Unauthorized: /
WARNING 2025-07-18 19:00:45,382 log 94585 139743524234944 Unauthorized: /
WARNING 2025-07-18 19:00:45,574 log 94585 139743599769280 Unauthorized: /
WARNING 2025-07-18 19:00:45,690 log 94585 139743524234944 Unauthorized: /
WARNING 2025-07-18 19:00:45,808 log 94585 139743599769280 Unauthorized: /
WARNING 2025-07-18 19:00:45,924 log 94585 139743524234944 Unauthorized: /
WARNING 2025-07-18 19:00:46,063 log 94585 139743599769280 Unauthorized: /
WARNING 2025-07-18 19:00:46,180 log 94585 139743524234944 Unauthorized: /
WARNING 2025-07-18 19:00:46,297 log 94585 139743599769280 Unauthorized: /
WARNING 2025-07-18 19:00:46,447 log 94585 139743524234944 Unauthorized: /
WARNING 2025-07-18 19:00:46,563 log 94585 139743599769280 Unauthorized: /
WARNING 2025-07-18 19:00:46,680 log 94585 139743524234944 Unauthorized: /
WARNING 2025-07-18 19:00:46,796 log 94585 139743599769280 Unauthorized: /
WARNING 2025-07-18 19:00:46,915 log 94585 139743524234944 Unauthorized: /
WARNING 2025-07-18 19:00:47,031 log 94585 139743599769280 Unauthorized: /
WARNING 2025-07-18 19:00:47,147 log 94585 139743524234944 Unauthorized: /
WARNING 2025-07-18 19:00:47,280 log 94585 139743599769280 Unauthorized: /
WARNING 2025-07-18 19:00:47,416 log 94585 139743524234944 Unauthorized: /
WARNING 2025-07-18 19:00:47,533 log 94585 139743599769280 Unauthorized: /
WARNING 2025-07-18 19:00:49,244 log 94585 139743524234944 Unauthorized: /
WARNING 2025-07-18 19:00:49,360 log 94585 139743599769280 Unauthorized: /
WARNING 2025-07-18 19:00:49,484 log 94585 139743524234944 Unauthorized: /
WARNING 2025-07-18 19:00:49,630 log 94585 139743599769280 Unauthorized: /
WARNING 2025-07-18 19:00:49,747 log 94585 139743524234944 Unauthorized: /
WARNING 2025-07-18 19:00:51,492 log 94585 139743599769280 Unauthorized: /
WARNING 2025-07-18 19:00:51,627 log 94585 139743524234944 Unauthorized: /
WARNING 2025-07-18 19:00:51,798 log 94585 139743599769280 Unauthorized: /
WARNING 2025-07-18 19:00:51,914 log 94585 139743524234944 Unauthorized: /
WARNING 2025-07-18 19:00:52,049 log 94585 139743599769280 Unauthorized: /
WARNING 2025-07-18 19:00:52,229 log 94585 139743524234944 Unauthorized: /
WARNING 2025-07-18 19:00:52,345 log 94585 139743599769280 Unauthorized: /
WARNING 2025-07-18 19:00:54,016 log 94585 139743524234944 Unauthorized: /
WARNING 2025-07-18 19:00:54,134 log 94585 139743599769280 Unauthorized: /
WARNING 2025-07-18 19:00:54,340 log 94585 139743524234944 Unauthorized: /
WARNING 2025-07-18 19:00:54,455 log 94585 139743599769280 Unauthorized: /
WARNING 2025-07-18 19:00:54,573 log 94585 139743524234944 Unauthorized: /
WARNING 2025-07-18 19:00:54,734 log 94585 139743599769280 Unauthorized: /
WARNING 2025-07-18 19:00:54,851 log 94585 139743524234944 Unauthorized: /
WARNING 2025-07-18 19:00:54,967 log 94585 139743599769280 Unauthorized: /
WARNING 2025-07-18 19:00:55,160 log 94585 139743524234944 Unauthorized: /
WARNING 2025-07-18 19:00:55,276 log 94585 139743599769280 Unauthorized: /
WARNING 2025-07-18 19:00:55,392 log 94585 139743524234944 Unauthorized: /
WARNING 2025-07-18 19:00:55,511 log 94585 139743599769280 Unauthorized: /
WARNING 2025-07-18 19:00:55,645 log 94585 139743524234944 Unauthorized: /
WARNING 2025-07-18 19:00:55,761 log 94585 139743599769280 Unauthorized: /
WARNING 2025-07-18 19:00:55,884 log 94585 139743524234944 Unauthorized: /
WARNING 2025-07-18 19:00:56,023 log 94585 139743599769280 Unauthorized: /
WARNING 2025-07-18 19:00:56,139 log 94585 139743524234944 Unauthorized: /
WARNING 2025-07-18 19:00:56,255 log 94585 139743599769280 Unauthorized: /
WARNING 2025-07-18 19:00:57,643 log 94585 139743524234944 Unauthorized: /
WARNING 2025-07-18 19:00:57,825 log 94585 139743599769280 Unauthorized: /
WARNING 2025-07-18 19:00:57,941 log 94585 139743524234944 Unauthorized: /
WARNING 2025-07-18 19:00:58,376 log 94585 139743599769280 Unauthorized: /
WARNING 2025-07-18 19:00:58,515 log 94585 139743524234944 Unauthorized: /
WARNING 2025-07-18 19:00:58,659 log 94585 139743599769280 Unauthorized: /
WARNING 2025-07-18 19:00:58,787 log 94585 139743524234944 Unauthorized: /
WARNING 2025-07-18 19:00:58,912 log 94585 139743599769280 Unauthorized: /
WARNING 2025-07-18 19:00:59,141 log 94585 139743524234944 Unauthorized: /
WARNING 2025-07-18 19:00:59,266 log 94585 139743599769280 Unauthorized: /
WARNING 2025-07-18 19:01:01,007 log 94585 139743524234944 Unauthorized: /
WARNING 2025-07-18 19:01:01,153 log 94585 139743599769280 Unauthorized: /
WARNING 2025-07-18 19:01:01,287 log 94585 139743524234944 Unauthorized: /
WARNING 2025-07-18 19:01:01,413 log 94585 139743599769280 Unauthorized: /
WARNING 2025-07-18 19:01:01,541 log 94585 139743524234944 Unauthorized: /
WARNING 2025-07-18 19:01:01,673 log 94585 139743599769280 Unauthorized: /
WARNING 2025-07-18 19:01:01,799 log 94585 139743524234944 Unauthorized: /
WARNING 2025-07-18 19:01:01,929 log 94585 139743599769280 Unauthorized: /
WARNING 2025-07-18 19:01:02,086 log 94585 139743524234944 Unauthorized: /
WARNING 2025-07-18 19:01:02,211 log 94585 139743599769280 Unauthorized: /
WARNING 2025-07-18 19:01:02,336 log 94585 139743524234944 Unauthorized: /
WARNING 2025-07-18 19:01:02,532 log 94585 139743599769280 Unauthorized: /
WARNING 2025-07-18 19:01:02,657 log 94585 139743524234944 Unauthorized: /
WARNING 2025-07-18 19:01:02,785 log 94585 139743599769280 Unauthorized: /
WARNING 2025-07-18 19:01:02,983 log 94585 139743524234944 Unauthorized: /
WARNING 2025-07-18 19:01:03,108 log 94585 139743599769280 Unauthorized: /
WARNING 2025-07-18 19:01:03,234 log 94585 139743524234944 Unauthorized: /
WARNING 2025-07-18 19:01:03,376 log 94585 139743599769280 Unauthorized: /
WARNING 2025-07-18 19:01:03,501 log 94585 139743524234944 Unauthorized: /
WARNING 2025-07-18 19:01:03,627 log 94585 139743599769280 Unauthorized: /
WARNING 2025-07-18 19:01:03,794 log 94585 139743524234944 Unauthorized: /
WARNING 2025-07-18 19:01:03,927 log 94585 139743599769280 Not Found: /etc/passwd
WARNING 2025-07-18 19:01:05,668 log 94585 139743524234944 Not Found: /etc/passwd
WARNING 2025-07-18 19:01:06,048 log 94585 139743599769280 Not Found: /etc/passwd
WARNING 2025-07-18 19:01:06,187 log 94585 139743524234944 Not Found: /etc/passwd
WARNING 2025-07-18 19:01:06,806 log 94585 139743599769280 Not Found: /..%2f..%2f..%2f..%2f..%2f..%2fetc/passwd
WARNING 2025-07-18 19:01:07,202 log 94585 139743524234944 Not Found: /..%C0%AF..%C0%AF..%C0%AF..%C0%AF..%C0%AF..%C0%AFetc/passwd
WARNING 2025-07-18 19:01:07,339 log 94585 139743599769280 Not Found: /..%E0%80%AF..%E0%80%AF..%E0%80%AF..%E0%80%AF..%E0%80%AF..%E0%80%AFetc/passwd
WARNING 2025-07-18 19:01:07,498 log 94585 139743524234944 Not Found: /..\..\..\..\..\..\etc/passwd
WARNING 2025-07-18 19:01:07,651 log 94585 139743599769280 Not Found: /..\..\..\..\..\..\etc/passwd
WARNING 2025-07-18 19:01:07,787 log 94585 139743524234944 Not Found: /..%5c..%5c..%5c..%5c..%5c..%5cetc/passwd
WARNING 2025-07-18 19:01:09,535 log 94585 139743599769280 Not Found: /etc/shadow
WARNING 2025-07-18 19:01:09,921 log 94585 139743524234944 Not Found: /etc/shadow
WARNING 2025-07-18 19:01:10,069 log 94585 139743599769280 Not Found: /etc/shadow
WARNING 2025-07-18 19:01:10,278 log 94585 139743524234944 Not Found: /etc/shadow
WARNING 2025-07-18 19:01:10,777 log 94585 139743599769280 Not Found: /..%2f..%2f..%2f..%2f..%2f..%2fetc/shadow
WARNING 2025-07-18 19:01:11,194 log 94585 139743524234944 Not Found: /..%C0%AF..%C0%AF..%C0%AF..%C0%AF..%C0%AF..%C0%AFetc/shadow
WARNING 2025-07-18 19:01:12,928 log 94585 139743599769280 Not Found: /..%E0%80%AF..%E0%80%AF..%E0%80%AF..%E0%80%AF..%E0%80%AF..%E0%80%AFetc/shadow
WARNING 2025-07-18 19:01:13,306 log 94585 139743524234944 Not Found: /..\..\..\..\..\..\etc/shadow
WARNING 2025-07-18 19:01:13,441 log 94585 139743599769280 Not Found: /..\..\..\..\..\..\etc/shadow
WARNING 2025-07-18 19:01:13,581 log 94585 139743524234944 Not Found: /..%5c..%5c..%5c..%5c..%5c..%5cetc/shadow
WARNING 2025-07-18 19:01:13,727 log 94585 139743599769280 Not Found: /etc/hosts
WARNING 2025-07-18 19:01:13,859 log 94585 139743524234944 Not Found: /etc/hosts
WARNING 2025-07-18 19:01:15,560 log 94585 139743599769280 Not Found: /etc/hosts
WARNING 2025-07-18 19:01:17,281 log 94585 139743524234944 Not Found: /etc/hosts
WARNING 2025-07-18 19:01:18,038 log 94585 139743599769280 Not Found: /..%2f..%2f..%2f..%2f..%2f..%2fetc/hosts
WARNING 2025-07-18 19:01:18,419 log 94585 139743524234944 Not Found: /..%C0%AF..%C0%AF..%C0%AF..%C0%AF..%C0%AF..%C0%AFetc/hosts
WARNING 2025-07-18 19:01:18,553 log 94585 139743599769280 Not Found: /..%E0%80%AF..%E0%80%AF..%E0%80%AF..%E0%80%AF..%E0%80%AF..%E0%80%AFetc/hosts
WARNING 2025-07-18 19:01:18,683 log 94585 139743524234944 Not Found: /..\..\..\..\..\..\etc/hosts
WARNING 2025-07-18 19:01:20,783 log 94585 139743599769280 Not Found: /..\..\..\..\..\..\etc/hosts
WARNING 2025-07-18 19:01:21,148 log 94585 139743524234944 Not Found: /..%5c..%5c..%5c..%5c..%5c..%5cetc/hosts
WARNING 2025-07-18 19:01:21,277 log 94585 139743599769280 Not Found: /etc/hostname
WARNING 2025-07-18 19:01:21,416 log 94585 139743524234944 Not Found: /etc/hostname
WARNING 2025-07-18 19:01:21,605 log 94585 139743599769280 Not Found: /etc/hostname
WARNING 2025-07-18 19:01:21,738 log 94585 139743524234944 Not Found: /etc/hostname
WARNING 2025-07-18 19:01:23,922 log 94585 139743599769280 Not Found: /..%2f..%2f..%2f..%2f..%2f..%2fetc/hostname
WARNING 2025-07-18 19:01:25,676 log 94585 139743524234944 Not Found: /..%C0%AF..%C0%AF..%C0%AF..%C0%AF..%C0%AF..%C0%AFetc/hostname
WARNING 2025-07-18 19:01:25,936 log 94585 139743599769280 Not Found: /..%E0%80%AF..%E0%80%AF..%E0%80%AF..%E0%80%AF..%E0%80%AF..%E0%80%AFetc/hostname
WARNING 2025-07-18 19:01:26,070 log 94585 139743524234944 Not Found: /..\..\..\..\..\..\etc/hostname
WARNING 2025-07-18 19:01:27,758 log 94585 139743599769280 Not Found: /..\..\..\..\..\..\etc/hostname
WARNING 2025-07-18 19:01:28,137 log 94585 139743524234944 Not Found: /..%5c..%5c..%5c..%5c..%5c..%5cetc/hostname
WARNING 2025-07-18 19:01:28,270 log 94585 139743599769280 Not Found: /etc/php.ini
WARNING 2025-07-18 19:01:28,412 log 94585 139743524234944 Not Found: /etc/php.ini
WARNING 2025-07-18 19:01:28,575 log 94585 139743599769280 Not Found: /etc/php.ini
WARNING 2025-07-18 19:01:28,710 log 94585 139743524234944 Not Found: /etc/php.ini
WARNING 2025-07-18 19:01:30,810 log 94585 139743599769280 Not Found: /..%2f..%2f..%2f..%2f..%2f..%2fetc/php.ini
WARNING 2025-07-18 19:01:31,208 log 94585 139743524234944 Not Found: /..%C0%AF..%C0%AF..%C0%AF..%C0%AF..%C0%AF..%C0%AFetc/php.ini
WARNING 2025-07-18 19:01:31,339 log 94585 139743599769280 Not Found: /..%E0%80%AF..%E0%80%AF..%E0%80%AF..%E0%80%AF..%E0%80%AF..%E0%80%AFetc/php.ini
WARNING 2025-07-18 19:01:31,518 log 94585 139743524234944 Not Found: /..\..\..\..\..\..\etc/php.ini
WARNING 2025-07-18 19:01:31,654 log 94585 139743599769280 Not Found: /..\..\..\..\..\..\etc/php.ini
WARNING 2025-07-18 19:01:31,792 log 94585 139743524234944 Not Found: /..%5c..%5c..%5c..%5c..%5c..%5cetc/php.ini
WARNING 2025-07-18 19:01:31,984 log 94585 139743599769280 Not Found: /var/log/nginx/access.log
WARNING 2025-07-18 19:01:32,115 log 94585 139743524234944 Not Found: /var/log/nginx/access.log
WARNING 2025-07-18 19:01:34,161 log 94585 139743599769280 Not Found: /var/log/nginx/access.log
WARNING 2025-07-18 19:01:34,996 log 94585 139743524234944 Not Found: /..%2f..%2f..%2f..%2f..%2f..%2fvar/log/nginx/access.log
WARNING 2025-07-18 19:01:35,404 log 94585 139743599769280 Not Found: /..%C0%AF..%C0%AF..%C0%AF..%C0%AF..%C0%AF..%C0%AFvar/log/nginx/access.log
WARNING 2025-07-18 19:01:35,424 log 94585 139743524234944 Not Found: /xxl-job-admin/toLogin
WARNING 2025-07-18 19:01:35,536 log 94585 139743599769280 Not Found: /..%E0%80%AF..%E0%80%AF..%E0%80%AF..%E0%80%AF..%E0%80%AF..%E0%80%AFvar/log/nginx/access.log
WARNING 2025-07-18 19:01:37,283 log 94585 139743524234944 Not Found: /..\..\..\..\..\..\var/log/nginx/access.log
WARNING 2025-07-18 19:01:37,651 log 94585 139743599769280 Not Found: /..\..\..\..\..\..\var/log/nginx/access.log
WARNING 2025-07-18 19:01:37,781 log 94585 139743524234944 Not Found: /..%5c..%5c..%5c..%5c..%5c..%5cvar/log/nginx/access.log
WARNING 2025-07-18 19:01:37,914 log 94585 139743599769280 Not Found: /var/log/apache2/access.log
WARNING 2025-07-18 19:01:38,073 log 94585 139743524234944 Not Found: /var/log/apache2/access.log
WARNING 2025-07-18 19:01:38,204 log 94585 139743599769280 Not Found: /var/log/apache2/access.log
WARNING 2025-07-18 19:01:38,690 log 94585 139743524234944 Not Found: /..%2f..%2f..%2f..%2f..%2f..%2fvar/log/apache2/access.log
WARNING 2025-07-18 19:01:39,071 log 94585 139743599769280 Not Found: /..%C0%AF..%C0%AF..%C0%AF..%C0%AF..%C0%AF..%C0%AFvar/log/apache2/access.log
WARNING 2025-07-18 19:01:40,818 log 94585 139743524234944 Not Found: /..%E0%80%AF..%E0%80%AF..%E0%80%AF..%E0%80%AF..%E0%80%AF..%E0%80%AFvar/log/apache2/access.log
WARNING 2025-07-18 19:01:43,018 log 94585 139743599769280 Not Found: /..\..\..\..\..\..\var/log/apache2/access.log
WARNING 2025-07-18 19:01:43,393 log 94585 139743524234944 Not Found: /..\..\..\..\..\..\var/log/apache2/access.log
WARNING 2025-07-18 19:01:43,525 log 94585 139743599769280 Not Found: /..%5c..%5c..%5c..%5c..%5c..%5cvar/log/apache2/access.log
WARNING 2025-07-18 19:01:43,685 log 94585 139743524234944 Not Found: /root/.bash_history
WARNING 2025-07-18 19:01:43,820 log 94585 139743599769280 Not Found: /root/.bash_history
WARNING 2025-07-18 19:01:43,952 log 94585 139743524234944 Not Found: /root/.bash_history
WARNING 2025-07-18 19:01:45,749 log 94585 139743599769280 Not Found: /root/.bash_history
WARNING 2025-07-18 19:01:49,718 log 94585 139743524234944 Not Found: /..%2f..%2f..%2f..%2f..%2f..%2froot/.bash_history
WARNING 2025-07-18 19:01:50,083 log 94585 139743599769280 Not Found: /..%C0%AF..%C0%AF..%C0%AF..%C0%AF..%C0%AF..%C0%AFroot/.bash_history
WARNING 2025-07-18 19:01:50,271 log 94585 139743524234944 Not Found: /..%E0%80%AF..%E0%80%AF..%E0%80%AF..%E0%80%AF..%E0%80%AF..%E0%80%AFroot/.bash_history
WARNING 2025-07-18 19:01:50,402 log 94585 139743599769280 Not Found: /..\..\..\..\..\..\root/.bash_history
WARNING 2025-07-18 19:01:50,534 log 94585 139743524234944 Not Found: /..\..\..\..\..\..\root/.bash_history
WARNING 2025-07-18 19:01:50,679 log 94585 139743599769280 Not Found: /..%5c..%5c..%5c..%5c..%5c..%5croot/.bash_history
WARNING 2025-07-18 19:01:50,834 log 94585 139743524234944 Not Found: /proc/self/environ
WARNING 2025-07-18 19:01:50,964 log 94585 139743599769280 Not Found: /proc/self/environ
WARNING 2025-07-18 19:01:51,114 log 94585 139743524234944 Not Found: /proc/self/environ
WARNING 2025-07-18 19:01:51,264 log 94585 139743599769280 Not Found: /proc/self/environ
WARNING 2025-07-18 19:01:51,782 log 94585 139743524234944 Not Found: /..%2f..%2f..%2f..%2f..%2f..%2fproc/self/environ
WARNING 2025-07-18 19:01:53,624 log 94585 139743599769280 Not Found: /..%C0%AF..%C0%AF..%C0%AF..%C0%AF..%C0%AF..%C0%AFproc/self/environ
WARNING 2025-07-18 19:01:53,984 log 94585 139743524234944 Not Found: /..%E0%80%AF..%E0%80%AF..%E0%80%AF..%E0%80%AF..%E0%80%AF..%E0%80%AFproc/self/environ
WARNING 2025-07-18 19:01:54,159 log 94585 139743599769280 Not Found: /..\..\..\..\..\..\proc/self/environ
WARNING 2025-07-18 19:01:54,284 log 94585 139743524234944 Not Found: /..\..\..\..\..\..\proc/self/environ
WARNING 2025-07-18 19:01:54,411 log 94585 139743599769280 Not Found: /..%5c..%5c..%5c..%5c..%5c..%5cproc/self/environ
WARNING 2025-07-18 19:01:54,604 log 94585 139743524234944 Not Found: /windows\win.ini
WARNING 2025-07-18 19:01:54,731 log 94585 139743599769280 Not Found: /windows\win.ini
WARNING 2025-07-18 19:01:56,481 log 94585 139743524234944 Not Found: /windows\win.ini
WARNING 2025-07-18 19:01:56,834 log 94585 139743599769280 Not Found: /windows\win.ini
WARNING 2025-07-18 19:01:57,377 log 94585 139743524234944 Not Found: /..%2f..%2f..%2f..%2f..%2f..%2fwindows\win.ini
WARNING 2025-07-18 19:01:57,773 log 94585 139743599769280 Not Found: /..%C0%AF..%C0%AF..%C0%AF..%C0%AF..%C0%AF..%C0%AFwindows\win.ini
WARNING 2025-07-18 19:01:57,937 log 94585 139743524234944 Not Found: /..%E0%80%AF..%E0%80%AF..%E0%80%AF..%E0%80%AF..%E0%80%AF..%E0%80%AFwindows\win.ini
WARNING 2025-07-18 19:01:58,093 log 94585 139743599769280 Not Found: /..\..\..\..\..\..\windows\win.ini
WARNING 2025-07-18 19:01:58,224 log 94585 139743524234944 Not Found: /..\..\..\..\..\..\windows\win.ini
WARNING 2025-07-18 19:01:58,373 log 94585 139743599769280 Not Found: /..%5c..%5c..%5c..%5c..%5c..%5cwindows\win.ini
WARNING 2025-07-18 19:01:58,528 log 94585 139743524234944 Not Found: /windows\system32\config\SAM
WARNING 2025-07-18 19:01:58,659 log 94585 139743599769280 Not Found: /windows\system32\config\SAM
WARNING 2025-07-18 19:02:00,366 log 94585 139743524234944 Not Found: /windows\system32\config\SAM
WARNING 2025-07-18 19:02:02,144 log 94585 139743599769280 Not Found: /windows\system32\config\SAM
WARNING 2025-07-18 19:02:06,373 log 94585 139743524234944 Not Found: /..%2f..%2f..%2f..%2f..%2f..%2fwindows\system32\config\SAM
WARNING 2025-07-18 19:02:06,781 log 94585 139743599769280 Not Found: /..%C0%AF..%C0%AF..%C0%AF..%C0%AF..%C0%AF..%C0%AFwindows\system32\config\SAM
WARNING 2025-07-18 19:02:06,917 log 94585 139743524234944 Not Found: /..%E0%80%AF..%E0%80%AF..%E0%80%AF..%E0%80%AF..%E0%80%AF..%E0%80%AFwindows\system32\config\SAM
WARNING 2025-07-18 19:02:07,104 log 94585 139743599769280 Not Found: /..\..\..\..\..\..\windows\system32\config\SAM
WARNING 2025-07-18 19:02:07,242 log 94585 139743524234944 Not Found: /..\..\..\..\..\..\windows\system32\config\SAM
WARNING 2025-07-18 19:02:07,377 log 94585 139743599769280 Not Found: /..%5c..%5c..%5c..%5c..%5c..%5cwindows\system32\config\SAM
WARNING 2025-07-18 19:06:26,357 log 94585 139743524234944 Not Found: /robots.txt
WARNING 2025-07-18 19:06:26,514 log 94585 139743599769280 Unauthorized: /
WARNING 2025-07-18 20:32:03,994 log 94585 139743524234944 Unauthorized: /
WARNING 2025-07-18 21:13:24,467 log 94585 139743599769280 Not Found: /robots.txt
WARNING 2025-07-18 23:08:08,511 log 94585 139743524234944 Unauthorized: /
WARNING 2025-07-18 23:24:18,154 log 94585 139743599769280 Unauthorized: /
WARNING 2025-07-19 00:16:17,217 log 98621 139743616554688 Unauthorized: /
WARNING 2025-07-19 00:50:22,543 log 98621 139743515842240 Unauthorized: /
WARNING 2025-07-19 01:15:24,949 log 98621 139743616554688 Not Found: /robots.txt
WARNING 2025-07-19 01:15:26,090 log 98621 139743515842240 Unauthorized: /
WARNING 2025-07-19 02:35:55,881 log 98621 139743616554688 Unauthorized: /
WARNING 2025-07-19 03:55:27,266 log 98621 139743515842240 Not Found: /wp-aa.php
WARNING 2025-07-19 03:55:28,202 log 98621 139743616554688 Not Found: /wp-content/plugins/wp-automatic/inc/csv.php
WARNING 2025-07-19 04:55:53,693 log 98621 139743515842240 Unauthorized: /
WARNING 2025-07-19 05:24:39,399 log 98621 139743616554688 Unauthorized: /
WARNING 2025-07-19 05:24:39,556 log 98621 139743515842240 Unauthorized: /
WARNING 2025-07-19 05:52:48,098 log 98621 139743616554688 Method Not Allowed: /api/auth/login/
WARNING 2025-07-19 05:52:51,703 log 98621 139743515842240 Not Found: /favicon.ico
WARNING 2025-07-19 07:19:05,204 log 98621 139743532627648 Unauthorized: /
WARNING 2025-07-19 07:19:09,983 log 98621 139743616554688 Unauthorized: /
WARNING 2025-07-19 08:00:53,404 log 98621 139743616554688 Not Found: /api/
WARNING 2025-07-19 08:05:30,014 log 103512 123410766091968 Unauthorized: /api/
WARNING 2025-07-19 08:05:30,875 log 103512 123410648594112 Not Found: /api/static/rest_framework/css/bootstrap.min.css
WARNING 2025-07-19 08:05:30,901 log 103512 123410656986816 Not Found: /api/static/rest_framework/css/prettify.css
WARNING 2025-07-19 08:05:30,902 log 103512 123410766091968 Not Found: /api/static/rest_framework/css/bootstrap-tweaks.css
WARNING 2025-07-19 08:05:31,737 log 103512 123410665379520 Not Found: /api/static/rest_framework/js/jquery-3.7.1.min.js
WARNING 2025-07-19 08:05:31,740 log 103512 123410766091968 Not Found: /api/static/rest_framework/css/default.css
WARNING 2025-07-19 08:05:31,741 log 103512 123410656986816 Not Found: /api/static/rest_framework/js/ajax-form.js
WARNING 2025-07-19 08:05:32,594 log 103512 123410648594112 Not Found: /api/static/rest_framework/js/csrf.js
WARNING 2025-07-19 08:05:32,809 log 103512 123410656986816 Not Found: /api/static/rest_framework/js/bootstrap.min.js
WARNING 2025-07-19 08:05:32,962 log 103512 123410648594112 Not Found: /api/static/rest_framework/js/prettify-min.js
WARNING 2025-07-19 08:05:35,010 log 103512 123410656986816 Not Found: /api/static/rest_framework/js/default.js
WARNING 2025-07-19 08:05:35,620 log 103512 123410648594112 Not Found: /api/static/rest_framework/js/load-ajax-form.js
WARNING 2025-07-19 08:05:36,833 log 103512 123410656986816 Not Found: /api/static/rest_framework/js/jquery-3.7.1.min.js
WARNING 2025-07-19 08:05:38,440 log 103512 123410648594112 Not Found: /api/static/rest_framework/js/ajax-form.js
WARNING 2025-07-19 08:05:39,104 log 103512 123410656986816 Not Found: /api/static/rest_framework/js/csrf.js
WARNING 2025-07-19 08:05:46,580 log 103512 123410648594112 Not Found: /api/static/rest_framework/js/bootstrap.min.js
WARNING 2025-07-19 08:05:47,044 log 103512 123410656986816 Not Found: /api/static/rest_framework/js/default.js
WARNING 2025-07-19 08:05:48,387 log 103512 123410648594112 Not Found: /api/static/rest_framework/js/prettify-min.js
WARNING 2025-07-19 08:05:49,833 log 103512 123410656986816 Not Found: /api/static/rest_framework/js/load-ajax-form.js
WARNING 2025-07-19 08:07:41,867 log 103512 123410648594112 Not Found: /api/auth/login/
WARNING 2025-07-19 08:08:34,654 log 103512 123410656986816 Not Found: /api/auth/login/
WARNING 2025-07-19 08:09:09,253 log 103512 123410648594112 Method Not Allowed: /api/api/auth/login/
WARNING 2025-07-19 08:09:10,334 log 103512 123410656986816 Not Found: /api/static/rest_framework/css/bootstrap.min.css
WARNING 2025-07-19 08:09:10,347 log 103512 123410648594112 Not Found: /api/static/rest_framework/css/bootstrap-tweaks.css
WARNING 2025-07-19 08:09:12,823 log 103512 123410766091968 Not Found: /api/static/rest_framework/css/prettify.css
WARNING 2025-07-19 08:09:13,540 log 103512 123410648594112 Not Found: /api/static/rest_framework/css/default.css
WARNING 2025-07-19 08:09:15,858 log 103512 123410766091968 Not Found: /api/static/rest_framework/js/jquery-3.7.1.min.js
WARNING 2025-07-19 08:09:15,873 log 103512 123410648594112 Not Found: /api/static/rest_framework/js/ajax-form.js
WARNING 2025-07-19 08:09:15,953 log 103512 123410766091968 Not Found: /api/static/rest_framework/js/csrf.js
WARNING 2025-07-19 08:09:16,772 log 103512 123410648594112 Not Found: /api/static/rest_framework/js/bootstrap.min.js
WARNING 2025-07-19 08:09:19,140 log 103512 123410766091968 Not Found: /api/static/rest_framework/js/prettify-min.js
WARNING 2025-07-19 08:09:21,226 log 103512 123410648594112 Not Found: /api/static/rest_framework/js/default.js
WARNING 2025-07-19 08:09:30,358 log 103512 123410766091968 Not Found: /api/static/rest_framework/js/load-ajax-form.js
WARNING 2025-07-19 08:09:31,520 log 103512 123410648594112 Not Found: /api/static/rest_framework/js/bootstrap.min.js
WARNING 2025-07-19 08:09:32,310 log 103512 123410766091968 Not Found: /api/static/rest_framework/js/default.js
WARNING 2025-07-19 08:09:35,085 log 103512 123410648594112 Not Found: /api/static/rest_framework/js/jquery-3.7.1.min.js
WARNING 2025-07-19 08:09:58,420 log 103512 123410766091968 Not Found: /api/static/rest_framework/js/prettify-min.js
WARNING 2025-07-19 08:10:40,789 log 103512 123410648594112 Not Found: /api/static/rest_framework/js/load-ajax-form.js
WARNING 2025-07-19 08:11:39,294 log 103512 123410766091968 Not Found: /api/static/rest_framework/js/csrf.js
WARNING 2025-07-19 09:21:26,561 log 105961 134925767804608 Not Found: /api/api/auth/login/
WARNING 2025-07-19 09:21:42,553 log 105961 134925650306752 Not Found: /api/api/auth/login/
WARNING 2025-07-19 09:21:51,863 log 105961 134925767804608 Method Not Allowed: /api/auth/login/
WARNING 2025-07-19 09:59:25,299 log 106752 134925767804608 Not Found: /api/api/auth/admin-login/
ERROR 2025-07-19 10:03:18,569 admin_auth_views 106752 134925650306752 Erreur lors de la connexion admin: Manager isn't available; 'auth.User' has been swapped for 'operation.User'
ERROR 2025-07-19 10:03:18,570 log 106752 134925650306752 Internal Server Error: /api/auth/admin-login/
